name,team_abbr,team_name,teams_all,season_year,position,headshot,nationality,championship_position,wins,podiums,poles,fastest_laps,top_tens,races,championships,dnfs
Nino Farina,ALFA,Alfa Romeo,ALFA,1950,Driver,https://upload.wikimedia.org/wikipedia/commons/thumb/d/d0/Giuseppe_Farina_-_El_Gr%C3%A1fico_1750.jpg/330px-Giuseppe_Farina_-_El_Gr%C3%A1fico_1750.jpg?utm_source=en.wikipedia.org&utm_campaign=api&utm_content=thumbnail,Italian,1,3,3,2,,5,6,1,1
Luigi Fagioli,ALFA,Alfa Romeo,ALFA,1950,Driver,https://upload.wikimedia.org/wikipedia/commons/thumb/b/b3/Luigi_Fagioli_in_his_Maserati_at_the_1932_Targa_Florio_%28cropped%29.jpg/330px-Luigi_Fagioli_in_his_Maserati_at_the_1932_Targa_Florio_%28cropped%29.jpg?utm_source=en.wikipedia.org&utm_campaign=api&utm_content=thumbnail,Italian,3,0,5,0,,5,6,0,1
Reg Parnell,ALFA,Alfa Romeo,ALFA|MASERATI,1950,Driver,https://upload.wikimedia.org/wikipedia/commons/thumb/7/72/Autoraces_te_Zandvoort%2C_Bestanddeelnr_902-9002.jpg/330px-Autoraces_te_Zandvoort%2C_Bestanddeelnr_902-9002.jpg?utm_source=en.wikipedia.org&utm_campaign=api&utm_content=thumbnail,British,11,0,1,0,,1,2,0,1
Louis Rosier,LAGO,Talbot-Lago,LAGO,1950,Driver,https://upload.wikimedia.org/wikipedia/en/7/7e/Louis_Rosier.jpg?utm_source=en.wikipedia.org&utm_campaign=api&utm_content=thumbnail_unscaled,French,4,0,2,0,,5,7,0,2
Bob Gerard,ERA,ERA,ERA,1950,Driver,https://upload.wikimedia.org/wikipedia/en/c/c4/Portrait_of_Bob_Gerard.jpg?utm_source=en.wikipedia.org&utm_campaign=api&utm_content=thumbnail_unscaled,British,,0,0,0,,2,2,0,0
Cuth Harrison,ERA,ERA,ERA,1950,Driver,https://upload.wikimedia.org/wikipedia/en/b/b2/Portrait_of_Cuth_Harrison.jpg?utm_source=en.wikipedia.org&utm_campaign=api&utm_content=thumbnail_unscaled,British,,0,0,0,,1,3,0,2
Philippe Étancelin,LAGO,Talbot-Lago,LAGO,1950,Driver,https://upload.wikimedia.org/wikipedia/commons/thumb/2/2a/Philippe_%C3%89tancelin_at_the_1933_Grand_Prix_de_la_Marne_%28cropped%29.jpg/330px-Philippe_%C3%89tancelin_at_the_1933_Grand_Prix_de_la_Marne_%28cropped%29.jpg?utm_source=en.wikipedia.org&utm_campaign=api&utm_content=thumbnail,French,18,0,0,0,,3,6,0,3
Johnny Claes,LAGO,Talbot-Lago,LAGO,1950,Driver,https://upload.wikimedia.org/wikipedia/en/1/10/Johnny_Claes-1950.png?utm_source=en.wikipedia.org&utm_campaign=api&utm_content=thumbnail_unscaled,Belgian,,0,0,0,,3,6,0,2
Juan Fangio,ALFA,Alfa Romeo,ALFA,1950,Driver,https://upload.wikimedia.org/wikipedia/commons/thumb/2/20/Fangio_in_1955_%28cropped%29.jpg/330px-Fangio_in_1955_%28cropped%29.jpg?utm_source=en.wikipedia.org&utm_campaign=api&utm_content=thumbnail,Argentine,2,3,3,4,,3,7,0,4
Joe Kelly,ALTA,Alta,ALTA,1950,Driver,https://upload.wikimedia.org/wikipedia/commons/thumb/3/33/Joe_Kelly_in_Jaguar_C-Type.jpg/330px-Joe_Kelly_in_Jaguar_C-Type.jpg?utm_source=en.wikipedia.org&utm_campaign=api&utm_content=thumbnail,Irish,,0,0,0,,0,1,0,1
Prince Bira,MASERATI,Maserati,MASERATI,1950,Driver,https://upload.wikimedia.org/wikipedia/commons/thumb/d/dc/Air_cadets_learn_the_basics_of_flight_at_RNAS_St_Merryn_in_Cornwall%2C_February_1944._A22064-croponBirabongse_Bhanudej.jpg/330px-Air_cadets_learn_the_basics_of_flight_at_RNAS_St_Merryn_in_Cornwall%2C_February_1944._A22064-croponBirabongse_Bhanudej.jpg?utm_source=en.wikipedia.org&utm_campaign=api&utm_content=thumbnail,Thai,8,0,0,0,,2,4,0,2
Toulo de Graffenried,MASERATI,Maserati,MASERATI,1950,Driver,https://upload.wikimedia.org/wikipedia/commons/7/77/Toulo_de_Graffenried.gif?utm_source=en.wikipedia.org&utm_campaign=api&utm_content=thumbnail_unscaled,Swiss,,0,0,0,,2,4,0,2
Louis Chiron,MASERATI,Maserati,MASERATI,1950,Driver,https://upload.wikimedia.org/wikipedia/commons/thumb/d/d8/Louis_Chiron_1931bw.jpg/330px-Louis_Chiron_1931bw.jpg?utm_source=en.wikipedia.org&utm_campaign=api&utm_content=thumbnail,Monegasque,10,0,1,0,,2,5,0,3
Tony Rolt,ERA,ERA,ERA,1950,Driver,https://upload.wikimedia.org/wikipedia/commons/thumb/b/b3/Autoraces_te_Zandvoort._Tony_Rolt_met_zijn_Alfa_Romeo_onderaan_de_Hunzerug%2C_Bestanddeelnr_902-9012.jpg/330px-Autoraces_te_Zandvoort._Tony_Rolt_met_zijn_Alfa_Romeo_onderaan_de_Hunzerug%2C_Bestanddeelnr_902-9012.jpg?utm_source=en.wikipedia.org&utm_campaign=api&utm_content=thumbnail,British,,0,0,0,,0,1,0,1
Peter Walker,ERA,ERA,ERA,1950,Driver,https://upload.wikimedia.org/wikipedia/en/e/e5/Peter_Walker_%28racing_driver%29_nonfree.png?utm_source=en.wikipedia.org&utm_campaign=api&utm_content=thumbnail_unscaled,British,,0,0,0,,0,1,0,1
Alberto Ascari,FERRARI,Ferrari,FERRARI,1950,Driver,https://upload.wikimedia.org/wikipedia/commons/thumb/6/69/Ascari_last_photo_in_car.jpg/330px-Ascari_last_photo_in_car.jpg?utm_source=en.wikipedia.org&utm_campaign=api&utm_content=thumbnail,Italian,5,0,2,0,,3,5,0,2
Raymond Sommer,LAGO,Talbot-Lago,LAGO|FERRARI,1950,Driver,https://upload.wikimedia.org/wikipedia/commons/thumb/f/f9/Raymond_Sommer_1932.jpg/330px-Raymond_Sommer_1932.jpg?utm_source=en.wikipedia.org&utm_campaign=api&utm_content=thumbnail,French,15,0,0,0,,1,5,0,4
Luigi Villoresi,FERRARI,Ferrari,FERRARI,1950,Driver,https://upload.wikimedia.org/wikipedia/commons/thumb/d/dd/Luis_Villoresi_-_El_Gr%C3%A1fico_1442.jpg/330px-Luis_Villoresi_-_El_Gr%C3%A1fico_1442.jpg?utm_source=en.wikipedia.org&utm_campaign=api&utm_content=thumbnail,Italian,,0,0,0,,1,3,0,2
José Froilán González,MASERATI,Maserati,MASERATI,1950,Driver,https://upload.wikimedia.org/wikipedia/commons/thumb/5/51/Jos%C3%A9_Froil%C3%A1n_Gonz%C3%A1lez_1950.jpg/330px-Jos%C3%A9_Froil%C3%A1n_Gonz%C3%A1lez_1950.jpg?utm_source=en.wikipedia.org&utm_campaign=api&utm_content=thumbnail,Argentine,,0,0,0,,0,2,0,2
Maurice Trintignant,SIMCA,Simca,SIMCA,1950,Driver,https://upload.wikimedia.org/wikipedia/commons/thumb/3/35/Maurice_Trintignant_-_El_Gr%C3%A1fico_1801.jpg/330px-Maurice_Trintignant_-_El_Gr%C3%A1fico_1801.jpg?utm_source=en.wikipedia.org&utm_campaign=api&utm_content=thumbnail,French,,0,0,0,,0,2,0,2
Harry Schell,COOPER,Cooper,COOPER|LAGO,1950,Driver,https://upload.wikimedia.org/wikipedia/en/3/32/Harry_Schell_Sebring_1959.jpg?utm_source=en.wikipedia.org&utm_campaign=api&utm_content=thumbnail_unscaled,American,,0,0,0,,1,2,0,1
Peter Whitehead,FERRARI,Ferrari,FERRARI,1950,Driver,https://upload.wikimedia.org/wikipedia/commons/thumb/3/38/ERA_of_Peter_Whitehead%2C_1938_AGP.jpg/330px-ERA_of_Peter_Whitehead%2C_1938_AGP.jpg?utm_source=en.wikipedia.org&utm_campaign=api&utm_content=thumbnail,British,9,0,1,0,,2,3,0,1
Alfredo Pián,MASERATI,Maserati,MASERATI,1950,Driver,https://upload.wikimedia.org/wikipedia/commons/thumb/4/47/Alfredo_Pian_-_El_Gr%C3%A1fico_1573.jpg/330px-Alfredo_Pian_-_El_Gr%C3%A1fico_1573.jpg?utm_source=en.wikipedia.org&utm_campaign=api&utm_content=thumbnail,Argentine,,0,0,0,,0,1,0,1
Johnnie Parsons,KURTIS_KRAFT,Kurtis Kraft,KURTIS_KRAFT,1950,Driver,https://upload.wikimedia.org/wikipedia/commons/thumb/a/a8/Johnnie_Parsons_USAC_circa_1957.jpg/330px-Johnnie_Parsons_USAC_circa_1957.jpg?utm_source=en.wikipedia.org&utm_campaign=api&utm_content=thumbnail,American,6,1,1,0,,1,1,0,0
Bill Holland,DEIDT,Deidt,DEIDT,1950,Driver,https://upload.wikimedia.org/wikipedia/commons/thumb/8/86/Bill_Holland_and_Linda_Darnell_1949_Indianapolis_500_%28cropped%29.jpg/330px-Bill_Holland_and_Linda_Darnell_1949_Indianapolis_500_%28cropped%29.jpg?utm_source=en.wikipedia.org&utm_campaign=api&utm_content=thumbnail,American,7,0,1,0,,1,1,0,0
Mauri Rose,DEIDT,Deidt,DEIDT,1950,Driver,https://upload.wikimedia.org/wikipedia/en/9/9e/Portrait_of_Mauri_Rose.jpg?utm_source=en.wikipedia.org&utm_campaign=api&utm_content=thumbnail_unscaled,American,12,0,1,0,,1,1,0,0
Tony Bettenhausen,KURTIS_KRAFT,Kurtis Kraft,KURTIS_KRAFT|DEIDT,1950,Driver,https://upload.wikimedia.org/wikipedia/commons/thumb/1/15/Tony_Bettenhausen_circa_1952.jpg/330px-Tony_Bettenhausen_circa_1952.jpg?utm_source=en.wikipedia.org&utm_campaign=api&utm_content=thumbnail,American,21,0,0,0,,1,2,0,1
Joie Chitwood,KURTIS_KRAFT,Kurtis Kraft,KURTIS_KRAFT,1950,Driver,https://upload.wikimedia.org/wikipedia/en/5/59/JoieChitwoodImage.jpg?utm_source=en.wikipedia.org&utm_campaign=api&utm_content=thumbnail_unscaled,American,22,0,0,0,,1,1,0,0
Lee Wallard,MOORE,Moore,MOORE,1950,Driver,https://upload.wikimedia.org/wikipedia/commons/thumb/3/3a/Leewallard.jpg/330px-Leewallard.jpg?utm_source=en.wikipedia.org&utm_campaign=api&utm_content=thumbnail,American,,0,0,0,,1,1,0,0
Walt Faulkner,KURTIS_KRAFT,Kurtis Kraft,KURTIS_KRAFT,1950,Driver,https://upload.wikimedia.org/wikipedia/commons/thumb/2/2b/Walt_Faulkner_circa_1948.jpg/330px-Walt_Faulkner_circa_1948.jpg?utm_source=en.wikipedia.org&utm_campaign=api&utm_content=thumbnail,American,,0,0,1,,1,1,0,0
George Connor,LESOVSKY,Lesovsky,LESOVSKY,1950,Driver,https://upload.wikimedia.org/wikipedia/commons/thumb/8/80/George_Connor_1933.jpg/330px-George_Connor_1933.jpg?utm_source=en.wikipedia.org&utm_campaign=api&utm_content=thumbnail,American,,0,0,0,,1,1,0,0
Paul Russo,NICHELS,Nichels,NICHELS,1950,Driver,https://upload.wikimedia.org/wikipedia/commons/thumb/8/81/Paul_Russo_1947.jpg/330px-Paul_Russo_1947.jpg?utm_source=en.wikipedia.org&utm_campaign=api&utm_content=thumbnail,American,,0,0,0,,1,1,0,0
Pat Flaherty,KURTIS_KRAFT,Kurtis Kraft,KURTIS_KRAFT,1950,Driver,https://upload.wikimedia.org/wikipedia/en/7/7e/PatFlaherty%28racingdriver%29Image.jpg?utm_source=en.wikipedia.org&utm_campaign=api&utm_content=thumbnail_unscaled,American,,0,0,0,,1,1,0,0
Myron Fohr,MARCHESE,Marchese,MARCHESE,1950,Driver,https://upload.wikimedia.org/wikipedia/commons/thumb/6/60/Myron_Fohr_%28circa_1946%29_%281%29.jpg/330px-Myron_Fohr_%28circa_1946%29_%281%29.jpg?utm_source=en.wikipedia.org&utm_campaign=api&utm_content=thumbnail,American,,0,0,0,,0,1,0,0
Duane Carter,STEVENS,Stevens,STEVENS,1950,Driver,https://upload.wikimedia.org/wikipedia/commons/thumb/8/80/Duane_Carter_at_Soldier_Field_circa_1946.jpg/330px-Duane_Carter_at_Soldier_Field_circa_1946.jpg?utm_source=en.wikipedia.org&utm_campaign=api&utm_content=thumbnail,American,,0,0,0,,0,1,0,0
Jack McGrath,KURTIS_KRAFT,Kurtis Kraft,KURTIS_KRAFT,1950,Driver,https://upload.wikimedia.org/wikipedia/commons/thumb/4/44/Jack_McGrath_1951.jpg/330px-Jack_McGrath_1951.jpg?utm_source=en.wikipedia.org&utm_campaign=api&utm_content=thumbnail,American,,0,0,0,,0,1,0,0
Troy Ruttman,LESOVSKY,Lesovsky,LESOVSKY,1950,Driver,https://upload.wikimedia.org/wikipedia/commons/thumb/8/8b/Troy_Ruttman_1951.jpg/330px-Troy_Ruttman_1951.jpg?utm_source=en.wikipedia.org&utm_campaign=api&utm_content=thumbnail,American,,0,0,0,,0,1,0,0
Jimmy Davies,EWING,Ewing,EWING,1950,Driver,https://upload.wikimedia.org/wikipedia/commons/thumb/2/23/Jimmy_Davies_circa_1963.jpg/330px-Jimmy_Davies_circa_1963.jpg?utm_source=en.wikipedia.org&utm_campaign=api&utm_content=thumbnail,American,,0,0,0,,0,1,0,0
Johnny McDowell,KURTIS_KRAFT,Kurtis Kraft,KURTIS_KRAFT,1950,Driver,https://upload.wikimedia.org/wikipedia/commons/thumb/b/b5/Johnny_McDowell_and_Jean_Marshall_1947.jpg/330px-Johnny_McDowell_and_Jean_Marshall_1947.jpg?utm_source=en.wikipedia.org&utm_campaign=api&utm_content=thumbnail,American,,0,0,0,,0,1,0,0
Henry Banks,MASERATI,Maserati,MASERATI,1950,Driver,https://upload.wikimedia.org/wikipedia/commons/thumb/3/38/Henry_Banks_1951_%283%29.jpg/330px-Henry_Banks_1951_%283%29.jpg?utm_source=en.wikipedia.org&utm_campaign=api&utm_content=thumbnail,American,,0,0,0,,0,1,0,1
Bill Schindler,SNOWBERGER,Snowberger,SNOWBERGER,1950,Driver,https://upload.wikimedia.org/wikipedia/commons/thumb/c/cf/Bill_Schindler_at_Soldier_Field_%28circa_1946%29.jpg/330px-Bill_Schindler_at_Soldier_Field_%28circa_1946%29.jpg?utm_source=en.wikipedia.org&utm_campaign=api&utm_content=thumbnail,American,,0,0,0,,0,1,0,1
Fred Agabashian,KURTIS_KRAFT,Kurtis Kraft,KURTIS_KRAFT,1950,Driver,https://upload.wikimedia.org/wikipedia/commons/thumb/8/85/Fred_Agabashian_1953_%28cropped%29.jpg/330px-Fred_Agabashian_1953_%28cropped%29.jpg?utm_source=en.wikipedia.org&utm_campaign=api&utm_content=thumbnail,American,,0,0,0,,0,1,0,1
Sam Hanks,KURTIS_KRAFT,Kurtis Kraft,KURTIS_KRAFT,1950,Driver,https://upload.wikimedia.org/wikipedia/commons/thumb/4/4c/Sam_Hanks_USAC_circa_1957.jpg/330px-Sam_Hanks_USAC_circa_1957.jpg?utm_source=en.wikipedia.org&utm_campaign=api&utm_content=thumbnail,American,,0,0,0,,0,1,0,1
Dick Rathmann,WATSON,Watson,WATSON,1950,Driver,https://upload.wikimedia.org/wikipedia/commons/thumb/1/1e/Dick_Rathmann_USAC_circa_1957.jpg/330px-Dick_Rathmann_USAC_circa_1957.jpg?utm_source=en.wikipedia.org&utm_campaign=api&utm_content=thumbnail,American,,0,0,0,,0,1,0,1
Felice Bonetto,MASERATI,Maserati,MASERATI|MILANO,1950,Driver,https://upload.wikimedia.org/wikipedia/commons/d/d4/Portrait_of_Felice_Bonetto_%28cropped%29.jpg?utm_source=en.wikipedia.org&utm_campaign=api&utm_content=thumbnail_unscaled,Italian,19,0,0,0,,1,3,0,2
Nello Pagani,MASERATI,Maserati,MASERATI,1950,Driver,https://upload.wikimedia.org/wikipedia/commons/thumb/b/b2/Nello_Pagani_wordt_gefeliciteerd_door_G._J._Bruinsman%2C_voorzitter_KNMV%2C_Bestanddeelnr_903-4797.jpg/330px-Nello_Pagani_wordt_gefeliciteerd_door_G._J._Bruinsman%2C_voorzitter_KNMV%2C_Bestanddeelnr_903-4797.jpg?utm_source=en.wikipedia.org&utm_campaign=api&utm_content=thumbnail,Italian,,0,0,0,,1,1,0,0
Toni Branca,MASERATI,Maserati,MASERATI,1950,Driver,https://upload.wikimedia.org/wikipedia/commons/thumb/3/38/Schauinsland-Rennstrecke%3B_Training%3B_am_Start-_Toni_Branca%3B_Nr._170%3B_Maserati_-_LABW_-_Staatsarchiv_Freiburg_W_134_Nr._021011.jpeg/330px-Schauinsland-Rennstrecke%3B_Training%3B_am_Start-_Toni_Branca%3B_Nr._170%3B_Maserati_-_LABW_-_Staatsarchiv_Freiburg_W_134_Nr._021011.jpeg?utm_source=en.wikipedia.org&utm_campaign=api&utm_content=thumbnail,Swiss,,0,0,0,,1,2,0,0
Pierre Levegh,LAGO,Talbot-Lago,LAGO,1950,Driver,https://upload.wikimedia.org/wikipedia/en/f/f2/Levegh_pierre_resize.jpg?utm_source=en.wikipedia.org&utm_campaign=api&utm_content=thumbnail_unscaled,French,,0,0,0,,1,3,0,2
Eugène Chaboud,LAGO,Talbot-Lago,LAGO,1950,Driver,https://upload.wikimedia.org/wikipedia/commons/thumb/7/75/Eug%C3%A8ne_Chaboud%2C_vainqueur_des_24_heures_du_Mans_1938.jpg/330px-Eug%C3%A8ne_Chaboud%2C_vainqueur_des_24_heures_du_Mans_1938.jpg?utm_source=en.wikipedia.org&utm_campaign=api&utm_content=thumbnail,French,20,0,0,0,,1,2,0,1
Dorino Serafini,FERRARI,Ferrari,FERRARI,1950,Driver,https://upload.wikimedia.org/wikipedia/commons/c/c3/Serafini_1936.jpg?utm_source=en.wikipedia.org&utm_campaign=api&utm_content=thumbnail_unscaled,Italian,13,0,1,0,,1,1,0,0
Guy Mairesse,LAGO,Talbot-Lago,LAGO,1950,Driver,https://upload.wikimedia.org/wikipedia/commons/thumb/1/11/Guymairesse.jpg/330px-Guymairesse.jpg?utm_source=en.wikipedia.org&utm_campaign=api&utm_content=thumbnail,French,,0,0,0,,0,1,0,1
Piero Taruffi,ALFA,Alfa Romeo,ALFA,1950,Driver,https://upload.wikimedia.org/wikipedia/commons/thumb/8/8e/Piero_Taruffi.jpg/330px-Piero_Taruffi.jpg?utm_source=en.wikipedia.org&utm_campaign=api&utm_content=thumbnail,Italian,,0,0,0,,0,1,0,1
Clemente Biondetti,FERRARI,Ferrari,FERRARI,1950,Driver,https://upload.wikimedia.org/wikipedia/commons/thumb/e/ec/1938ClementeBiondetti.jpg/330px-1938ClementeBiondetti.jpg?utm_source=en.wikipedia.org&utm_campaign=api&utm_content=thumbnail,Italian,,0,0,0,,0,1,0,1
Franco Comotti,MASERATI,Maserati,MASERATI,1950,Driver,https://upload.wikimedia.org/wikipedia/en/3/3a/Franco_Comotti.jpg?utm_source=en.wikipedia.org&utm_campaign=api&utm_content=thumbnail_unscaled,Italian,,0,0,0,,0,1,0,1
Consalvo Sanesi,ALFA,Alfa Romeo,ALFA,1950,Driver,https://upload.wikimedia.org/wikipedia/commons/thumb/e/ee/Consalvo_Sanesi.jpg/330px-Consalvo_Sanesi.jpg?utm_source=en.wikipedia.org&utm_campaign=api&utm_content=thumbnail,Italian,,0,0,0,,0,1,0,1
Paul Pietsch,MASERATI,Maserati,MASERATI,1950,Driver,https://upload.wikimedia.org/wikipedia/commons/thumb/d/d8/1938-05-22_Targa_Florio_Maserati_4CM_Pietsch.jpg/330px-1938-05-22_Targa_Florio_Maserati_4CM_Pietsch.jpg?utm_source=en.wikipedia.org&utm_campaign=api&utm_content=thumbnail,German,,0,0,0,,0,1,0,1
Juan Fangio,ALFA,Alfa Romeo,ALFA,1951,Driver,https://upload.wikimedia.org/wikipedia/commons/thumb/2/20/Fangio_in_1955_%28cropped%29.jpg/330px-Fangio_in_1955_%28cropped%29.jpg?utm_source=en.wikipedia.org&utm_campaign=api&utm_content=thumbnail,Argentine,1,3,5,4,,6,8,1,1
Piero Taruffi,FERRARI,Ferrari,FERRARI,1951,Driver,https://upload.wikimedia.org/wikipedia/commons/thumb/8/8e/Piero_Taruffi.jpg/330px-Piero_Taruffi.jpg?utm_source=en.wikipedia.org&utm_campaign=api&utm_content=thumbnail,Italian,6,0,1,0,,3,5,0,2
Nino Farina,ALFA,Alfa Romeo,ALFA,1951,Driver,https://upload.wikimedia.org/wikipedia/commons/thumb/d/d0/Giuseppe_Farina_-_El_Gr%C3%A1fico_1750.jpg/330px-Giuseppe_Farina_-_El_Gr%C3%A1fico_1750.jpg?utm_source=en.wikipedia.org&utm_campaign=api&utm_content=thumbnail,Italian,4,1,4,0,,5,8,0,3
Consalvo Sanesi,ALFA,Alfa Romeo,ALFA,1951,Driver,https://upload.wikimedia.org/wikipedia/commons/thumb/e/ee/Consalvo_Sanesi.jpg/330px-Consalvo_Sanesi.jpg?utm_source=en.wikipedia.org&utm_campaign=api&utm_content=thumbnail,Italian,12,0,0,0,,3,4,0,1
Toulo de Graffenried,ALFA,Alfa Romeo,ALFA|MASERATI,1951,Driver,https://upload.wikimedia.org/wikipedia/commons/7/77/Toulo_de_Graffenried.gif?utm_source=en.wikipedia.org&utm_campaign=api&utm_content=thumbnail_unscaled,Swiss,17,0,0,0,,2,5,0,3
Alberto Ascari,FERRARI,Ferrari,FERRARI,1951,Driver,https://upload.wikimedia.org/wikipedia/commons/thumb/6/69/Ascari_last_photo_in_car.jpg/330px-Ascari_last_photo_in_car.jpg?utm_source=en.wikipedia.org&utm_campaign=api&utm_content=thumbnail,Italian,2,2,4,2,,6,8,0,2
Louis Chiron,LAGO,Talbot-Lago,LAGO|MASERATI,1951,Driver,https://upload.wikimedia.org/wikipedia/commons/thumb/d/d8/Louis_Chiron_1931bw.jpg/330px-Louis_Chiron_1931bw.jpg?utm_source=en.wikipedia.org&utm_campaign=api&utm_content=thumbnail,Monegasque,,0,0,0,,2,7,0,5
Stirling Moss,HWM,HWM,HWM,1951,Driver,https://upload.wikimedia.org/wikipedia/commons/thumb/b/b4/Stirling_Moss.jpg/330px-Stirling_Moss.jpg?utm_source=en.wikipedia.org&utm_campaign=api&utm_content=thumbnail,British,,0,0,0,,1,1,0,0
Louis Rosier,LAGO,Talbot-Lago,LAGO,1951,Driver,https://upload.wikimedia.org/wikipedia/en/7/7e/Louis_Rosier.jpg?utm_source=en.wikipedia.org&utm_campaign=api&utm_content=thumbnail_unscaled,French,13,0,0,0,,6,7,0,1
Philippe Étancelin,LAGO,Talbot-Lago,LAGO,1951,Driver,https://upload.wikimedia.org/wikipedia/commons/thumb/2/2a/Philippe_%C3%89tancelin_at_the_1933_Grand_Prix_de_la_Marne_%28cropped%29.jpg/330px-Philippe_%C3%89tancelin_at_the_1933_Grand_Prix_de_la_Marne_%28cropped%29.jpg?utm_source=en.wikipedia.org&utm_campaign=api&utm_content=thumbnail,French,,0,0,0,,2,5,0,3
Rudi Fischer,FERRARI,Ferrari,FERRARI,1951,Driver,https://upload.wikimedia.org/wikipedia/en/e/e9/Rudi_Fischer_at_the_1951_Monza_Grand_Prix.jpg?utm_source=en.wikipedia.org&utm_campaign=api&utm_content=thumbnail_unscaled,Swiss,,0,0,0,,1,2,0,0
Harry Schell,MASERATI,Maserati,MASERATI,1951,Driver,https://upload.wikimedia.org/wikipedia/en/3/32/Harry_Schell_Sebring_1959.jpg?utm_source=en.wikipedia.org&utm_campaign=api&utm_content=thumbnail_unscaled,American,,0,0,0,,0,2,0,1
Johnny Claes,LAGO,Talbot-Lago,LAGO,1951,Driver,https://upload.wikimedia.org/wikipedia/en/1/10/Johnny_Claes-1950.png?utm_source=en.wikipedia.org&utm_campaign=api&utm_content=thumbnail_unscaled,Belgian,,0,0,0,,1,7,0,3
Guy Mairesse,LAGO,Talbot-Lago,LAGO,1951,Driver,https://upload.wikimedia.org/wikipedia/commons/thumb/1/11/Guymairesse.jpg/330px-Guymairesse.jpg?utm_source=en.wikipedia.org&utm_campaign=api&utm_content=thumbnail,French,,0,0,0,,1,2,0,0
Peter Whitehead,FERRARI,Ferrari,FERRARI,1951,Driver,https://upload.wikimedia.org/wikipedia/commons/thumb/3/38/ERA_of_Peter_Whitehead%2C_1938_AGP.jpg/330px-ERA_of_Peter_Whitehead%2C_1938_AGP.jpg?utm_source=en.wikipedia.org&utm_campaign=api&utm_content=thumbnail,British,,0,0,0,,1,4,0,3
George Abecassis,HWM,HWM,HWM,1951,Driver,https://upload.wikimedia.org/wikipedia/commons/thumb/0/0b/1950-06-24_Le_Mans_Aston_DB2_LML-50-8_Abecassis_Macklin.jpg/330px-1950-06-24_Le_Mans_Aston_DB2_LML-50-8_Abecassis_Macklin.jpg?utm_source=en.wikipedia.org&utm_campaign=api&utm_content=thumbnail,British,,0,0,0,,0,1,0,1
Luigi Villoresi,FERRARI,Ferrari,FERRARI,1951,Driver,https://upload.wikimedia.org/wikipedia/commons/thumb/d/dd/Luis_Villoresi_-_El_Gr%C3%A1fico_1442.jpg/330px-Luis_Villoresi_-_El_Gr%C3%A1fico_1442.jpg?utm_source=en.wikipedia.org&utm_campaign=api&utm_content=thumbnail,Italian,5,0,3,0,,5,7,0,2
José Froilán González,FERRARI,Ferrari,FERRARI|LAGO,1951,Driver,https://upload.wikimedia.org/wikipedia/commons/thumb/5/51/Jos%C3%A9_Froil%C3%A1n_Gonz%C3%A1lez_1950.jpg/330px-Jos%C3%A9_Froil%C3%A1n_Gonz%C3%A1lez_1950.jpg?utm_source=en.wikipedia.org&utm_campaign=api&utm_content=thumbnail,Argentine,3,1,5,1,,5,6,0,1
Lee Wallard,KURTIS_KRAFT,Kurtis Kraft,KURTIS_KRAFT,1951,Driver,https://upload.wikimedia.org/wikipedia/commons/thumb/3/3a/Leewallard.jpg/330px-Leewallard.jpg?utm_source=en.wikipedia.org&utm_campaign=api&utm_content=thumbnail,American,7,1,1,0,,1,1,0,0
Jack McGrath,KURTIS_KRAFT,Kurtis Kraft,KURTIS_KRAFT,1951,Driver,https://upload.wikimedia.org/wikipedia/commons/thumb/4/44/Jack_McGrath_1951.jpg/330px-Jack_McGrath_1951.jpg?utm_source=en.wikipedia.org&utm_campaign=api&utm_content=thumbnail,American,15,0,1,0,,1,1,0,0
Manny Ayulo,KURTIS_KRAFT,Kurtis Kraft,KURTIS_KRAFT,1951,Driver,https://upload.wikimedia.org/wikipedia/commons/thumb/a/ae/Manny_Ayulo_1953.jpg/330px-Manny_Ayulo_1953.jpg?utm_source=en.wikipedia.org&utm_campaign=api&utm_content=thumbnail,American,16,0,1,0,,1,1,0,0
Bobby Ball,SCHROEDER,Schroeder,SCHROEDER,1951,Driver,https://upload.wikimedia.org/wikipedia/en/5/5b/Bobby_Ball_%28racing_driver%29.jpg?utm_source=en.wikipedia.org&utm_campaign=api&utm_content=thumbnail_unscaled,American,19,0,0,0,,1,1,0,0
Henry Banks,MOORE,Moore,MOORE,1951,Driver,https://upload.wikimedia.org/wikipedia/commons/thumb/3/38/Henry_Banks_1951_%283%29.jpg/330px-Henry_Banks_1951_%283%29.jpg?utm_source=en.wikipedia.org&utm_campaign=api&utm_content=thumbnail,American,,0,0,0,,1,1,0,0
Duane Carter,DEIDT,Deidt,DEIDT,1951,Driver,https://upload.wikimedia.org/wikipedia/commons/thumb/8/80/Duane_Carter_at_Soldier_Field_circa_1946.jpg/330px-Duane_Carter_at_Soldier_Field_circa_1946.jpg?utm_source=en.wikipedia.org&utm_campaign=api&utm_content=thumbnail,American,,0,0,0,,1,1,0,0
Tony Bettenhausen,DEIDT,Deidt,DEIDT,1951,Driver,https://upload.wikimedia.org/wikipedia/commons/thumb/1/15/Tony_Bettenhausen_circa_1952.jpg/330px-Tony_Bettenhausen_circa_1952.jpg?utm_source=en.wikipedia.org&utm_campaign=api&utm_content=thumbnail,American,,0,0,0,,0,1,0,1
Duke Nalon,KURTIS_KRAFT,Kurtis Kraft,KURTIS_KRAFT,1951,Driver,https://upload.wikimedia.org/wikipedia/commons/thumb/0/01/Duke_Nalon_1951.jpg/330px-Duke_Nalon_1951.jpg?utm_source=en.wikipedia.org&utm_campaign=api&utm_content=thumbnail,American,,0,0,1,,0,1,0,1
Sam Hanks,KURTIS_KRAFT,Kurtis Kraft,KURTIS_KRAFT,1951,Driver,https://upload.wikimedia.org/wikipedia/commons/thumb/4/4c/Sam_Hanks_USAC_circa_1957.jpg/330px-Sam_Hanks_USAC_circa_1957.jpg?utm_source=en.wikipedia.org&utm_campaign=api&utm_content=thumbnail,American,,0,0,0,,0,1,0,1
Bill Schindler,KURTIS_KRAFT,Kurtis Kraft,KURTIS_KRAFT,1951,Driver,https://upload.wikimedia.org/wikipedia/commons/thumb/c/cf/Bill_Schindler_at_Soldier_Field_%28circa_1946%29.jpg/330px-Bill_Schindler_at_Soldier_Field_%28circa_1946%29.jpg?utm_source=en.wikipedia.org&utm_campaign=api&utm_content=thumbnail,American,,0,0,0,,0,1,0,1
Mauri Rose,DEIDT,Deidt,DEIDT,1951,Driver,https://upload.wikimedia.org/wikipedia/en/9/9e/Portrait_of_Mauri_Rose.jpg?utm_source=en.wikipedia.org&utm_campaign=api&utm_content=thumbnail_unscaled,American,,0,0,0,,0,1,0,1
Walt Faulkner,KUZMA,Kuzma,KUZMA,1951,Driver,https://upload.wikimedia.org/wikipedia/commons/thumb/2/2b/Walt_Faulkner_circa_1948.jpg/330px-Walt_Faulkner_circa_1948.jpg?utm_source=en.wikipedia.org&utm_campaign=api&utm_content=thumbnail,American,,0,0,0,,0,1,0,1
Jimmy Davies,PAWL,Pawl,PAWL,1951,Driver,https://upload.wikimedia.org/wikipedia/commons/thumb/2/23/Jimmy_Davies_circa_1963.jpg/330px-Jimmy_Davies_circa_1963.jpg?utm_source=en.wikipedia.org&utm_campaign=api&utm_content=thumbnail,American,,0,0,0,,0,1,0,1
Fred Agabashian,KURTIS_KRAFT,Kurtis Kraft,KURTIS_KRAFT,1951,Driver,https://upload.wikimedia.org/wikipedia/commons/thumb/8/85/Fred_Agabashian_1953_%28cropped%29.jpg/330px-Fred_Agabashian_1953_%28cropped%29.jpg?utm_source=en.wikipedia.org&utm_campaign=api&utm_content=thumbnail,American,,0,0,0,,0,1,0,1
Chuck Stevenson,MARCHESE,Marchese,MARCHESE,1951,Driver,https://upload.wikimedia.org/wikipedia/commons/thumb/7/72/Chuck_Stevenson_1952cr.jpg/330px-Chuck_Stevenson_1952cr.jpg?utm_source=en.wikipedia.org&utm_campaign=api&utm_content=thumbnail,American,,0,0,0,,0,1,0,1
Johnnie Parsons,KURTIS_KRAFT,Kurtis Kraft,KURTIS_KRAFT,1951,Driver,https://upload.wikimedia.org/wikipedia/commons/thumb/a/a8/Johnnie_Parsons_USAC_circa_1957.jpg/330px-Johnnie_Parsons_USAC_circa_1957.jpg?utm_source=en.wikipedia.org&utm_campaign=api&utm_content=thumbnail,American,,0,0,0,,0,1,0,1
Troy Ruttman,KURTIS_KRAFT,Kurtis Kraft,KURTIS_KRAFT,1951,Driver,https://upload.wikimedia.org/wikipedia/commons/thumb/8/8b/Troy_Ruttman_1951.jpg/330px-Troy_Ruttman_1951.jpg?utm_source=en.wikipedia.org&utm_campaign=api&utm_content=thumbnail,American,,0,0,0,,0,1,0,1
Chet Miller,KURTIS_KRAFT,Kurtis Kraft,KURTIS_KRAFT,1951,Driver,https://upload.wikimedia.org/wikipedia/commons/thumb/e/eb/Chet_Miller.jpg/330px-Chet_Miller.jpg?utm_source=en.wikipedia.org&utm_campaign=api&utm_content=thumbnail,American,,0,0,0,,0,1,0,1
Rodger Ward,BROMME,Bromme,BROMME,1951,Driver,https://upload.wikimedia.org/wikipedia/commons/thumb/9/9d/Rodger_Ward_1950.jpg/330px-Rodger_Ward_1950.jpg?utm_source=en.wikipedia.org&utm_campaign=api&utm_content=thumbnail,American,,0,0,0,,0,1,0,1
Bill Vukovich,TREVIS,Trevis,TREVIS,1951,Driver,https://upload.wikimedia.org/wikipedia/commons/thumb/c/c3/Bill_Vukovich_1951.jpg/330px-Bill_Vukovich_1951.jpg?utm_source=en.wikipedia.org&utm_campaign=api&utm_content=thumbnail,American,,0,0,0,,0,1,0,1
George Connor,LESOVSKY,Lesovsky,LESOVSKY,1951,Driver,https://upload.wikimedia.org/wikipedia/commons/thumb/8/80/George_Connor_1933.jpg/330px-George_Connor_1933.jpg?utm_source=en.wikipedia.org&utm_campaign=api&utm_content=thumbnail,American,,0,0,0,,0,1,0,1
Johnny McDowell,MASERATI,Maserati,MASERATI,1951,Driver,https://upload.wikimedia.org/wikipedia/commons/thumb/b/b5/Johnny_McDowell_and_Jean_Marshall_1947.jpg/330px-Johnny_McDowell_and_Jean_Marshall_1947.jpg?utm_source=en.wikipedia.org&utm_campaign=api&utm_content=thumbnail,American,,0,0,0,,0,1,0,1
Joe James,WATSON,Watson,WATSON,1951,Driver,https://upload.wikimedia.org/wikipedia/commons/thumb/4/49/Joe_James_qualifies_for_the_1951_Indy_500.jpg/330px-Joe_James_qualifies_for_the_1951_Indy_500.jpg?utm_source=en.wikipedia.org&utm_campaign=api&utm_content=thumbnail,American,,0,0,0,,0,1,0,1
André Pilette,LAGO,Talbot-Lago,LAGO,1951,Driver,https://upload.wikimedia.org/wikipedia/en/5/58/Andr%C3%A9_Pilette.jpg?utm_source=en.wikipedia.org&utm_campaign=api&utm_content=thumbnail_unscaled,Belgian,,0,0,0,,1,1,0,0
Pierre Levegh,LAGO,Talbot-Lago,LAGO,1951,Driver,https://upload.wikimedia.org/wikipedia/en/f/f2/Levegh_pierre_resize.jpg?utm_source=en.wikipedia.org&utm_campaign=api&utm_content=thumbnail_unscaled,French,,0,0,0,,2,3,0,1
Luigi Fagioli,ALFA,Alfa Romeo,ALFA,1951,Driver,https://upload.wikimedia.org/wikipedia/commons/thumb/b/b3/Luigi_Fagioli_in_his_Maserati_at_the_1932_Targa_Florio_%28cropped%29.jpg/330px-Luigi_Fagioli_in_his_Maserati_at_the_1932_Targa_Florio_%28cropped%29.jpg?utm_source=en.wikipedia.org&utm_campaign=api&utm_content=thumbnail,Italian,11,1,1,1,,1,2,0,0
Reg Parnell,BRM,BRM,BRM|FERRARI,1951,Driver,https://upload.wikimedia.org/wikipedia/commons/thumb/7/72/Autoraces_te_Zandvoort%2C_Bestanddeelnr_902-9002.jpg/330px-Autoraces_te_Zandvoort%2C_Bestanddeelnr_902-9002.jpg?utm_source=en.wikipedia.org&utm_campaign=api&utm_content=thumbnail,British,10,0,0,0,,2,3,0,1
Eugène Chaboud,LAGO,Talbot-Lago,LAGO,1951,Driver,https://upload.wikimedia.org/wikipedia/commons/thumb/7/75/Eug%C3%A8ne_Chaboud%2C_vainqueur_des_24_heures_du_Mans_1938.jpg/330px-Eug%C3%A8ne_Chaboud%2C_vainqueur_des_24_heures_du_Mans_1938.jpg?utm_source=en.wikipedia.org&utm_campaign=api&utm_content=thumbnail,French,,0,0,0,,1,1,0,0
Maurice Trintignant,SIMCA,Simca,SIMCA,1951,Driver,https://upload.wikimedia.org/wikipedia/commons/thumb/3/35/Maurice_Trintignant_-_El_Gr%C3%A1fico_1801.jpg/330px-Maurice_Trintignant_-_El_Gr%C3%A1fico_1801.jpg?utm_source=en.wikipedia.org&utm_campaign=api&utm_content=thumbnail,French,,0,0,0,,0,4,0,4
Onofre Marimón,MASERATI,Maserati,MASERATI,1951,Driver,https://upload.wikimedia.org/wikipedia/commons/thumb/1/19/Onofre_Marim%C3%B3n_-_El_Gr%C3%A1fico_1708.jpg/330px-Onofre_Marim%C3%B3n_-_El_Gr%C3%A1fico_1708.jpg?utm_source=en.wikipedia.org&utm_campaign=api&utm_content=thumbnail,Argentine,,0,0,0,,0,1,0,1
Felice Bonetto,ALFA,Alfa Romeo,ALFA,1951,Driver,https://upload.wikimedia.org/wikipedia/commons/d/d4/Portrait_of_Felice_Bonetto_%28cropped%29.jpg?utm_source=en.wikipedia.org&utm_campaign=api&utm_content=thumbnail_unscaled,Italian,8,0,1,0,,3,4,0,1
Peter Walker,BRM,BRM,BRM,1951,Driver,https://upload.wikimedia.org/wikipedia/en/e/e5/Peter_Walker_%28racing_driver%29_nonfree.png?utm_source=en.wikipedia.org&utm_campaign=api&utm_content=thumbnail_unscaled,British,,0,0,0,,1,1,0,0
Bob Gerard,ERA,ERA,ERA,1951,Driver,https://upload.wikimedia.org/wikipedia/en/c/c4/Portrait_of_Bob_Gerard.jpg?utm_source=en.wikipedia.org&utm_campaign=api&utm_content=thumbnail_unscaled,British,,0,0,0,,0,1,0,0
Duncan Hamilton,LAGO,Talbot-Lago,LAGO,1951,Driver,https://upload.wikimedia.org/wikipedia/en/a/a4/Duncan_Hamilton_%28racing_driver%29_resize.jpg?utm_source=en.wikipedia.org&utm_campaign=api&utm_content=thumbnail_unscaled,British,,0,0,0,,0,2,0,1
Joe Kelly,ALTA,Alta,ALTA,1951,Driver,https://upload.wikimedia.org/wikipedia/commons/thumb/3/33/Joe_Kelly_in_Jaguar_C-Type.jpg/330px-Joe_Kelly_in_Jaguar_C-Type.jpg?utm_source=en.wikipedia.org&utm_campaign=api&utm_content=thumbnail,Irish,,0,0,0,,0,1,0,1
Jacques Swaters,LAGO,Talbot-Lago,LAGO,1951,Driver,https://upload.wikimedia.org/wikipedia/commons/5/5f/Jacques_Swaters_1980.jpg?utm_source=en.wikipedia.org&utm_campaign=api&utm_content=thumbnail_unscaled,American,,0,0,0,,1,2,0,1
Paul Pietsch,ALFA,Alfa Romeo,ALFA,1951,Driver,https://upload.wikimedia.org/wikipedia/commons/thumb/d/d8/1938-05-22_Targa_Florio_Maserati_4CM_Pietsch.jpg/330px-1938-05-22_Targa_Florio_Maserati_4CM_Pietsch.jpg?utm_source=en.wikipedia.org&utm_campaign=api&utm_content=thumbnail,German,,0,0,0,,0,1,0,1
Toni Branca,MASERATI,Maserati,MASERATI,1951,Driver,https://upload.wikimedia.org/wikipedia/commons/thumb/3/38/Schauinsland-Rennstrecke%3B_Training%3B_am_Start-_Toni_Branca%3B_Nr._170%3B_Maserati_-_LABW_-_Staatsarchiv_Freiburg_W_134_Nr._021011.jpeg/330px-Schauinsland-Rennstrecke%3B_Training%3B_am_Start-_Toni_Branca%3B_Nr._170%3B_Maserati_-_LABW_-_Staatsarchiv_Freiburg_W_134_Nr._021011.jpeg?utm_source=en.wikipedia.org&utm_campaign=api&utm_content=thumbnail,Swiss,,0,0,0,,0,1,0,1
Prince Bira,MASERATI,Maserati,MASERATI,1951,Driver,https://upload.wikimedia.org/wikipedia/commons/thumb/d/dc/Air_cadets_learn_the_basics_of_flight_at_RNAS_St_Merryn_in_Cornwall%2C_February_1944._A22064-croponBirabongse_Bhanudej.jpg/330px-Air_cadets_learn_the_basics_of_flight_at_RNAS_St_Merryn_in_Cornwall%2C_February_1944._A22064-croponBirabongse_Bhanudej.jpg?utm_source=en.wikipedia.org&utm_campaign=api&utm_content=thumbnail,Thai,,0,0,0,,0,1,0,1
Piero Taruffi,FERRARI,Ferrari,FERRARI,1952,Driver,https://upload.wikimedia.org/wikipedia/commons/thumb/8/8e/Piero_Taruffi.jpg/330px-Piero_Taruffi.jpg?utm_source=en.wikipedia.org&utm_campaign=api&utm_content=thumbnail,Italian,3,1,3,0,,5,6,0,1
Rudi Fischer,FERRARI,Ferrari,FERRARI,1952,Driver,https://upload.wikimedia.org/wikipedia/en/e/e9/Rudi_Fischer_at_the_1951_Monza_Grand_Prix.jpg?utm_source=en.wikipedia.org&utm_campaign=api&utm_content=thumbnail_unscaled,Swiss,4,0,2,0,,2,5,0,1
Jean Behra,GORDINI,Gordini,GORDINI,1952,Driver,https://upload.wikimedia.org/wikipedia/commons/thumb/3/3e/Jean_Behra_-_El_Gr%C3%A1fico_1953.jpg/330px-Jean_Behra_-_El_Gr%C3%A1fico_1953.jpg?utm_source=en.wikipedia.org&utm_campaign=api&utm_content=thumbnail,French,11,0,1,0,,3,6,0,3
Ken Wharton,FRAZER_NASH,Frazer Nash,FRAZER_NASH|COOPER,1952,Driver,https://upload.wikimedia.org/wikipedia/en/4/40/Ken_Wharton_Motor_Sport_1953.jpg?utm_source=en.wikipedia.org&utm_campaign=api&utm_content=thumbnail_unscaled,British,13,0,0,0,,2,4,0,2
Toulo de Graffenried,MASERATI,Maserati,MASERATI,1952,Driver,https://upload.wikimedia.org/wikipedia/commons/7/77/Toulo_de_Graffenried.gif?utm_source=en.wikipedia.org&utm_campaign=api&utm_content=thumbnail_unscaled,Swiss,,0,0,0,,1,3,0,1
Prince Bira,SIMCA,Simca,SIMCA|GORDINI,1952,Driver,https://upload.wikimedia.org/wikipedia/commons/thumb/d/dc/Air_cadets_learn_the_basics_of_flight_at_RNAS_St_Merryn_in_Cornwall%2C_February_1944._A22064-croponBirabongse_Bhanudej.jpg/330px-Air_cadets_learn_the_basics_of_flight_at_RNAS_St_Merryn_in_Cornwall%2C_February_1944._A22064-croponBirabongse_Bhanudej.jpg?utm_source=en.wikipedia.org&utm_campaign=api&utm_content=thumbnail,Thai,,0,0,0,,1,4,0,2
Nino Farina,FERRARI,Ferrari,FERRARI,1952,Driver,https://upload.wikimedia.org/wikipedia/commons/thumb/d/d0/Giuseppe_Farina_-_El_Gr%C3%A1fico_1750.jpg/330px-Giuseppe_Farina_-_El_Gr%C3%A1fico_1750.jpg?utm_source=en.wikipedia.org&utm_campaign=api&utm_content=thumbnail,Italian,2,0,4,2,,6,8,0,2
Harry Schell,MASERATI,Maserati,MASERATI,1952,Driver,https://upload.wikimedia.org/wikipedia/en/3/32/Harry_Schell_Sebring_1959.jpg?utm_source=en.wikipedia.org&utm_campaign=api&utm_content=thumbnail_unscaled,American,,0,0,0,,0,4,0,3
Stirling Moss,ERA,ERA,ERA|HWM|CONNAUGHT,1952,Driver,https://upload.wikimedia.org/wikipedia/commons/thumb/b/b4/Stirling_Moss.jpg/330px-Stirling_Moss.jpg?utm_source=en.wikipedia.org&utm_campaign=api&utm_content=thumbnail,British,,0,0,1,,0,5,0,5
Lance Macklin,HWM,HWM,HWM,1952,Driver,https://upload.wikimedia.org/wikipedia/en/6/6a/300_lance-macklin.jpg?utm_source=en.wikipedia.org&utm_campaign=api&utm_content=thumbnail_unscaled,British,,0,0,0,,2,5,0,1
Peter Collins,HWM,HWM,HWM,1952,Driver,https://upload.wikimedia.org/wikipedia/en/5/5e/Peter_Collins_car_racer.jpg?utm_source=en.wikipedia.org&utm_campaign=api&utm_content=thumbnail_unscaled,British,,0,0,0,,1,4,0,3
George Abecassis,HWM,HWM,HWM,1952,Driver,https://upload.wikimedia.org/wikipedia/commons/thumb/0/0b/1950-06-24_Le_Mans_Aston_DB2_LML-50-8_Abecassis_Macklin.jpg/330px-1950-06-24_Le_Mans_Aston_DB2_LML-50-8_Abecassis_Macklin.jpg?utm_source=en.wikipedia.org&utm_campaign=api&utm_content=thumbnail,British,,0,0,0,,0,1,0,1
Hans von Stuck,AFM,AFM,AFM,1952,Driver,https://upload.wikimedia.org/wikipedia/commons/thumb/6/63/Bundesarchiv_Bild_102-08188%2C_Hans_von_Stuck.jpg/330px-Bundesarchiv_Bild_102-08188%2C_Hans_von_Stuck.jpg?utm_source=en.wikipedia.org&utm_campaign=api&utm_content=thumbnail,German,,0,0,0,,0,1,0,1
Louis Rosier,FERRARI,Ferrari,FERRARI,1952,Driver,https://upload.wikimedia.org/wikipedia/en/7/7e/Louis_Rosier.jpg?utm_source=en.wikipedia.org&utm_campaign=api&utm_content=thumbnail_unscaled,French,,0,0,0,,1,4,0,3
Troy Ruttman,KUZMA,Kuzma,KUZMA,1952,Driver,https://upload.wikimedia.org/wikipedia/commons/thumb/8/8b/Troy_Ruttman_1951.jpg/330px-Troy_Ruttman_1951.jpg?utm_source=en.wikipedia.org&utm_campaign=api&utm_content=thumbnail,American,7,1,1,0,,1,1,0,0
Sam Hanks,KURTIS_KRAFT,Kurtis Kraft,KURTIS_KRAFT,1952,Driver,https://upload.wikimedia.org/wikipedia/commons/thumb/4/4c/Sam_Hanks_USAC_circa_1957.jpg/330px-Sam_Hanks_USAC_circa_1957.jpg?utm_source=en.wikipedia.org&utm_campaign=api&utm_content=thumbnail,American,12,0,1,0,,1,1,0,0
Duane Carter,LESOVSKY,Lesovsky,LESOVSKY,1952,Driver,https://upload.wikimedia.org/wikipedia/commons/thumb/8/80/Duane_Carter_at_Soldier_Field_circa_1946.jpg/330px-Duane_Carter_at_Soldier_Field_circa_1946.jpg?utm_source=en.wikipedia.org&utm_campaign=api&utm_content=thumbnail,American,15,0,0,0,,1,1,0,0
Jimmy Bryan,KURTIS_KRAFT,Kurtis Kraft,KURTIS_KRAFT,1952,Driver,https://upload.wikimedia.org/wikipedia/en/7/73/Portrait_of_Jimmy_Bryan.jpg?utm_source=en.wikipedia.org&utm_campaign=api&utm_content=thumbnail_unscaled,American,,0,0,0,,1,1,0,0
George Connor,KURTIS_KRAFT,Kurtis Kraft,KURTIS_KRAFT,1952,Driver,https://upload.wikimedia.org/wikipedia/commons/thumb/8/80/George_Connor_1933.jpg/330px-George_Connor_1933.jpg?utm_source=en.wikipedia.org&utm_campaign=api&utm_content=thumbnail,American,,0,0,0,,1,1,0,0
Johnnie Parsons,KURTIS_KRAFT,Kurtis Kraft,KURTIS_KRAFT,1952,Driver,https://upload.wikimedia.org/wikipedia/commons/thumb/a/a8/Johnnie_Parsons_USAC_circa_1957.jpg/330px-Johnnie_Parsons_USAC_circa_1957.jpg?utm_source=en.wikipedia.org&utm_campaign=api&utm_content=thumbnail,American,,0,0,0,,1,1,0,0
Jack McGrath,KURTIS_KRAFT,Kurtis Kraft,KURTIS_KRAFT,1952,Driver,https://upload.wikimedia.org/wikipedia/commons/thumb/4/44/Jack_McGrath_1951.jpg/330px-Jack_McGrath_1951.jpg?utm_source=en.wikipedia.org&utm_campaign=api&utm_content=thumbnail,American,,0,0,0,,0,1,0,0
Joe James,KURTIS_KRAFT,Kurtis Kraft,KURTIS_KRAFT,1952,Driver,https://upload.wikimedia.org/wikipedia/commons/thumb/4/49/Joe_James_qualifies_for_the_1951_Indy_500.jpg/330px-Joe_James_qualifies_for_the_1951_Indy_500.jpg?utm_source=en.wikipedia.org&utm_campaign=api&utm_content=thumbnail,American,,0,0,0,,0,1,0,0
Bill Schindler,STEVENS,Stevens,STEVENS,1952,Driver,https://upload.wikimedia.org/wikipedia/commons/thumb/c/cf/Bill_Schindler_at_Soldier_Field_%28circa_1946%29.jpg/330px-Bill_Schindler_at_Soldier_Field_%28circa_1946%29.jpg?utm_source=en.wikipedia.org&utm_campaign=api&utm_content=thumbnail,American,,0,0,0,,0,1,0,0
Bill Vukovich,KURTIS_KRAFT,Kurtis Kraft,KURTIS_KRAFT,1952,Driver,https://upload.wikimedia.org/wikipedia/commons/thumb/c/c3/Bill_Vukovich_1951.jpg/330px-Bill_Vukovich_1951.jpg?utm_source=en.wikipedia.org&utm_campaign=api&utm_content=thumbnail,American,22,0,0,0,,0,1,0,0
Chuck Stevenson,KURTIS_KRAFT,Kurtis Kraft,KURTIS_KRAFT,1952,Driver,https://upload.wikimedia.org/wikipedia/commons/thumb/7/72/Chuck_Stevenson_1952cr.jpg/330px-Chuck_Stevenson_1952cr.jpg?utm_source=en.wikipedia.org&utm_campaign=api&utm_content=thumbnail,American,,0,0,0,,0,1,0,0
Henry Banks,LESOVSKY,Lesovsky,LESOVSKY,1952,Driver,https://upload.wikimedia.org/wikipedia/commons/thumb/3/38/Henry_Banks_1951_%283%29.jpg/330px-Henry_Banks_1951_%283%29.jpg?utm_source=en.wikipedia.org&utm_campaign=api&utm_content=thumbnail,American,,0,0,0,,0,1,0,0
Manny Ayulo,LESOVSKY,Lesovsky,LESOVSKY,1952,Driver,https://upload.wikimedia.org/wikipedia/commons/thumb/a/ae/Manny_Ayulo_1953.jpg/330px-Manny_Ayulo_1953.jpg?utm_source=en.wikipedia.org&utm_campaign=api&utm_content=thumbnail,American,,0,0,0,,0,1,0,0
Johnny McDowell,KURTIS_KRAFT,Kurtis Kraft,KURTIS_KRAFT,1952,Driver,https://upload.wikimedia.org/wikipedia/commons/thumb/b/b5/Johnny_McDowell_and_Jean_Marshall_1947.jpg/330px-Johnny_McDowell_and_Jean_Marshall_1947.jpg?utm_source=en.wikipedia.org&utm_campaign=api&utm_content=thumbnail,American,,0,0,0,,0,1,0,0
Rodger Ward,KURTIS_KRAFT,Kurtis Kraft,KURTIS_KRAFT,1952,Driver,https://upload.wikimedia.org/wikipedia/commons/thumb/9/9d/Rodger_Ward_1950.jpg/330px-Rodger_Ward_1950.jpg?utm_source=en.wikipedia.org&utm_campaign=api&utm_content=thumbnail,American,,0,0,0,,0,1,0,1
Tony Bettenhausen,DEIDT,Deidt,DEIDT,1952,Driver,https://upload.wikimedia.org/wikipedia/commons/thumb/1/15/Tony_Bettenhausen_circa_1952.jpg/330px-Tony_Bettenhausen_circa_1952.jpg?utm_source=en.wikipedia.org&utm_campaign=api&utm_content=thumbnail,American,,0,0,0,,0,1,0,1
Duke Nalon,KURTIS_KRAFT,Kurtis Kraft,KURTIS_KRAFT,1952,Driver,https://upload.wikimedia.org/wikipedia/commons/thumb/0/01/Duke_Nalon_1951.jpg/330px-Duke_Nalon_1951.jpg?utm_source=en.wikipedia.org&utm_campaign=api&utm_content=thumbnail,American,,0,0,0,,0,1,0,1
Fred Agabashian,KURTIS_KRAFT,Kurtis Kraft,KURTIS_KRAFT,1952,Driver,https://upload.wikimedia.org/wikipedia/commons/thumb/8/85/Fred_Agabashian_1953_%28cropped%29.jpg/330px-Fred_Agabashian_1953_%28cropped%29.jpg?utm_source=en.wikipedia.org&utm_campaign=api&utm_content=thumbnail,American,,0,0,1,,0,1,0,1
Chet Miller,KURTIS_KRAFT,Kurtis Kraft,KURTIS_KRAFT,1952,Driver,https://upload.wikimedia.org/wikipedia/commons/thumb/e/eb/Chet_Miller.jpg/330px-Chet_Miller.jpg?utm_source=en.wikipedia.org&utm_campaign=api&utm_content=thumbnail,American,,0,0,0,,0,1,0,1
Alberto Ascari,FERRARI,Ferrari,FERRARI,1952,Driver,https://upload.wikimedia.org/wikipedia/commons/thumb/6/69/Ascari_last_photo_in_car.jpg/330px-Ascari_last_photo_in_car.jpg?utm_source=en.wikipedia.org&utm_campaign=api&utm_content=thumbnail,Italian,1,6,6,5,,6,7,1,1
Bobby Ball,STEVENS,Stevens,STEVENS,1952,Driver,https://upload.wikimedia.org/wikipedia/en/5/5b/Bobby_Ball_%28racing_driver%29.jpg?utm_source=en.wikipedia.org&utm_campaign=api&utm_content=thumbnail_unscaled,American,,0,0,0,,0,1,0,1
Mike Hawthorn,COOPER,Cooper,COOPER,1952,Driver,https://upload.wikimedia.org/wikipedia/en/9/99/Mike_Hawthorn.jpg?utm_source=en.wikipedia.org&utm_campaign=api&utm_content=thumbnail_unscaled,British,5,0,1,0,,3,5,0,2
Paul Frère,HWM,HWM,HWM|SIMCA,1952,Driver,https://upload.wikimedia.org/wikipedia/commons/thumb/5/56/2003-04-26_Paul_Fr%C3%A8re_Cfs.JPG/330px-2003-04-26_Paul_Fr%C3%A8re_Cfs.JPG?utm_source=en.wikipedia.org&utm_campaign=api&utm_content=thumbnail,Belgian,18,0,0,0,,1,3,0,2
Charles de Tornaco,FERRARI,Ferrari,FERRARI,1952,Driver,https://upload.wikimedia.org/wikipedia/en/4/40/Charles_de_Tornaco.jpg?utm_source=en.wikipedia.org&utm_campaign=api&utm_content=thumbnail_unscaled,Belgian,,0,0,0,,1,2,0,1
Johnny Claes,SIMCA,Simca,SIMCA|GORDINI|HWM,1952,Driver,https://upload.wikimedia.org/wikipedia/en/1/10/Johnny_Claes-1950.png?utm_source=en.wikipedia.org&utm_campaign=api&utm_content=thumbnail_unscaled,Belgian,,0,0,0,,2,4,0,1
Roger Laurent,HWM,HWM,HWM|FERRARI,1952,Driver,https://upload.wikimedia.org/wikipedia/en/8/86/Roger_Laurent.jpg?utm_source=en.wikipedia.org&utm_campaign=api&utm_content=thumbnail_unscaled,Belgian,,0,0,0,,1,2,0,0
Arthur Legat,VERITAS,Veritas,VERITAS,1952,Driver,https://upload.wikimedia.org/wikipedia/en/3/3a/Arthur_Legat-1952.png?utm_source=en.wikipedia.org&utm_campaign=api&utm_content=thumbnail_unscaled,Belgian,,0,0,0,,0,1,0,0
Maurice Trintignant,GORDINI,Gordini,GORDINI|SIMCA,1952,Driver,https://upload.wikimedia.org/wikipedia/commons/thumb/3/35/Maurice_Trintignant_-_El_Gr%C3%A1fico_1801.jpg/330px-Maurice_Trintignant_-_El_Gr%C3%A1fico_1801.jpg?utm_source=en.wikipedia.org&utm_campaign=api&utm_content=thumbnail,French,17,0,0,0,,2,5,0,3
Philippe Étancelin,MASERATI,Maserati,MASERATI,1952,Driver,https://upload.wikimedia.org/wikipedia/commons/thumb/2/2a/Philippe_%C3%89tancelin_at_the_1933_Grand_Prix_de_la_Marne_%28cropped%29.jpg/330px-Philippe_%C3%89tancelin_at_the_1933_Grand_Prix_de_la_Marne_%28cropped%29.jpg?utm_source=en.wikipedia.org&utm_campaign=api&utm_content=thumbnail,French,,0,0,0,,1,1,0,0
Franco Comotti,FERRARI,Ferrari,FERRARI,1952,Driver,https://upload.wikimedia.org/wikipedia/en/3/3a/Franco_Comotti.jpg?utm_source=en.wikipedia.org&utm_campaign=api&utm_content=thumbnail_unscaled,Italian,,0,0,0,,0,1,0,0
Peter Whitehead,ALTA,Alta,ALTA|FERRARI,1952,Driver,https://upload.wikimedia.org/wikipedia/commons/thumb/3/38/ERA_of_Peter_Whitehead%2C_1938_AGP.jpg/330px-ERA_of_Peter_Whitehead%2C_1938_AGP.jpg?utm_source=en.wikipedia.org&utm_campaign=api&utm_content=thumbnail,British,,0,0,0,,1,2,0,1
Piero Carini,FERRARI,Ferrari,FERRARI,1952,Driver,https://upload.wikimedia.org/wikipedia/commons/f/f8/Piero_Carini.jpeg?utm_source=en.wikipedia.org&utm_campaign=api&utm_content=thumbnail_unscaled,Italian,,0,0,0,,0,2,0,2
Dennis Poore,CONNAUGHT,Connaught,CONNAUGHT,1952,Driver,https://upload.wikimedia.org/wikipedia/en/f/f5/Dennis_Poore.JPG?utm_source=en.wikipedia.org&utm_campaign=api&utm_content=thumbnail_unscaled,British,14,0,0,0,,1,2,0,0
Eric Thompson,CONNAUGHT,Connaught,CONNAUGHT,1952,Driver,https://upload.wikimedia.org/wikipedia/en/thumb/f/fe/Eric_Thompson_%28racing_driver%29.jpeg/330px-Eric_Thompson_%28racing_driver%29.jpeg?utm_source=en.wikipedia.org&utm_campaign=api&utm_content=thumbnail,British,21,0,0,0,,1,1,0,0
Reg Parnell,COOPER,Cooper,COOPER,1952,Driver,https://upload.wikimedia.org/wikipedia/commons/thumb/7/72/Autoraces_te_Zandvoort%2C_Bestanddeelnr_902-9002.jpg/330px-Autoraces_te_Zandvoort%2C_Bestanddeelnr_902-9002.jpg?utm_source=en.wikipedia.org&utm_campaign=api&utm_content=thumbnail,British,,0,0,0,,1,1,0,0
Roy Salvadori,FERRARI,Ferrari,FERRARI,1952,Driver,https://upload.wikimedia.org/wikipedia/commons/thumb/3/3d/1958-03-22_Sebring_Roy_Salvadori_%28cropped2%29.jpg/330px-1958-03-22_Sebring_Roy_Salvadori_%28cropped2%29.jpg?utm_source=en.wikipedia.org&utm_campaign=api&utm_content=thumbnail,British,,0,0,0,,1,1,0,0
Ken Downing,CONNAUGHT,Connaught,CONNAUGHT,1952,Driver,https://upload.wikimedia.org/wikipedia/commons/thumb/8/89/Ken_Downing_cropped.jpg/330px-Ken_Downing_cropped.jpg?utm_source=en.wikipedia.org&utm_campaign=api&utm_content=thumbnail,British,,0,0,0,,1,2,0,1
Gino Bianco,MASERATI,Maserati,MASERATI,1952,Driver,https://upload.wikimedia.org/wikipedia/commons/thumb/4/43/Gino_Bianco_%281949%29.jpg/330px-Gino_Bianco_%281949%29.jpg?utm_source=en.wikipedia.org&utm_campaign=api&utm_content=thumbnail,Brazilian,,0,0,0,,0,4,0,3
Duncan Hamilton,HWM,HWM,HWM,1952,Driver,https://upload.wikimedia.org/wikipedia/en/a/a4/Duncan_Hamilton_%28racing_driver%29_resize.jpg?utm_source=en.wikipedia.org&utm_campaign=api&utm_content=thumbnail_unscaled,British,,0,0,0,,1,2,0,1
Fritz Riess,VERITAS,Veritas,VERITAS,1952,Driver,https://upload.wikimedia.org/wikipedia/commons/thumb/4/48/Fritz_Rie%C3%9F.jpg/330px-Fritz_Rie%C3%9F.jpg?utm_source=en.wikipedia.org&utm_campaign=api&utm_content=thumbnail,German,,0,0,0,,1,1,0,0
Ernst Klodwig,BMW,BMW,BMW,1952,Driver,https://upload.wikimedia.org/wikipedia/commons/thumb/0/05/Klodwig-BMW.jpg/330px-Klodwig-BMW.jpg?utm_source=en.wikipedia.org&utm_campaign=api&utm_content=thumbnail,East German,,0,0,0,,0,1,0,0
Adolf Brudes,VERITAS,Veritas,VERITAS,1952,Driver,https://upload.wikimedia.org/wikipedia/commons/thumb/7/79/Adolf_Brudes_im_BMW_328_Mille_Miglia_am_14.08.1976.jpg/330px-Adolf_Brudes_im_BMW_328_Mille_Miglia_am_14.08.1976.jpg?utm_source=en.wikipedia.org&utm_campaign=api&utm_content=thumbnail,German,,0,0,0,,0,1,0,1
Günther Bechem,BMW,BMW,BMW,1952,Driver,https://upload.wikimedia.org/wikipedia/commons/thumb/a/a4/Bechem_AFM_Norisring_1951.jpg/330px-Bechem_AFM_Norisring_1951.jpg?utm_source=en.wikipedia.org&utm_campaign=api&utm_content=thumbnail,German,,0,0,0,,0,1,0,1
Paul Pietsch,VERITAS,Veritas,VERITAS,1952,Driver,https://upload.wikimedia.org/wikipedia/commons/thumb/d/d8/1938-05-22_Targa_Florio_Maserati_4CM_Pietsch.jpg/330px-1938-05-22_Targa_Florio_Maserati_4CM_Pietsch.jpg?utm_source=en.wikipedia.org&utm_campaign=api&utm_content=thumbnail,German,,0,0,0,,0,1,0,1
Felice Bonetto,MASERATI,Maserati,MASERATI,1952,Driver,https://upload.wikimedia.org/wikipedia/commons/d/d4/Portrait_of_Felice_Bonetto_%28cropped%29.jpg?utm_source=en.wikipedia.org&utm_campaign=api&utm_content=thumbnail_unscaled,Italian,19,0,0,0,,1,2,0,1
Theo Helfrich,VERITAS,Veritas,VERITAS,1952,Driver,https://upload.wikimedia.org/wikipedia/commons/thumb/2/20/Fotothek_df_roe-neg_0006640_013_Portrait_eines_Automobilrennfahrers_in_seinem_Wa.jpg/330px-Fotothek_df_roe-neg_0006640_013_Portrait_eines_Automobilrennfahrers_in_seinem_Wa.jpg?utm_source=en.wikipedia.org&utm_campaign=api&utm_content=thumbnail,German,,0,0,0,,0,1,0,1
Luigi Villoresi,FERRARI,Ferrari,FERRARI,1952,Driver,https://upload.wikimedia.org/wikipedia/commons/thumb/d/dd/Luis_Villoresi_-_El_Gr%C3%A1fico_1442.jpg/330px-Luis_Villoresi_-_El_Gr%C3%A1fico_1442.jpg?utm_source=en.wikipedia.org&utm_campaign=api&utm_content=thumbnail,Italian,8,0,2,0,,2,2,0,0
Jan Flinterman,MASERATI,Maserati,MASERATI,1952,Driver,https://upload.wikimedia.org/wikipedia/commons/thumb/f/f1/Majoor_Flinterman%2C_Bestanddeelnr_903-5819.jpg/330px-Majoor_Flinterman%2C_Bestanddeelnr_903-5819.jpg?utm_source=en.wikipedia.org&utm_campaign=api&utm_content=thumbnail,Dutch,,0,0,0,,1,2,0,1
Dries van der Lof,HWM,HWM,HWM,1952,Driver,https://upload.wikimedia.org/wikipedia/commons/thumb/5/57/Van_der_Lof%2C_Delahaye_MS_135%2C_Bj_1935_%281977-08-12%29.jpg/330px-Van_der_Lof%2C_Delahaye_MS_135%2C_Bj_1935_%281977-08-12%29.jpg?utm_source=en.wikipedia.org&utm_campaign=api&utm_content=thumbnail,Dutch,,0,0,0,,0,1,0,1
José Froilán González,MASERATI,Maserati,MASERATI,1952,Driver,https://upload.wikimedia.org/wikipedia/commons/thumb/5/51/Jos%C3%A9_Froil%C3%A1n_Gonz%C3%A1lez_1950.jpg/330px-Jos%C3%A9_Froil%C3%A1n_Gonz%C3%A1lez_1950.jpg?utm_source=en.wikipedia.org&utm_campaign=api&utm_content=thumbnail,Argentine,9,0,1,0,,1,1,0,0
Alberto Ascari,FERRARI,Ferrari,FERRARI,1953,Driver,https://upload.wikimedia.org/wikipedia/commons/thumb/6/69/Ascari_last_photo_in_car.jpg/330px-Ascari_last_photo_in_car.jpg?utm_source=en.wikipedia.org&utm_campaign=api&utm_content=thumbnail,Italian,1,5,5,6,,7,9,1,2
Luigi Villoresi,FERRARI,Ferrari,FERRARI,1953,Driver,https://upload.wikimedia.org/wikipedia/commons/thumb/d/dd/Luis_Villoresi_-_El_Gr%C3%A1fico_1442.jpg/330px-Luis_Villoresi_-_El_Gr%C3%A1fico_1442.jpg?utm_source=en.wikipedia.org&utm_campaign=api&utm_content=thumbnail,Italian,5,0,3,1,,6,9,0,3
José Froilán González,MASERATI,Maserati,MASERATI,1953,Driver,https://upload.wikimedia.org/wikipedia/commons/thumb/5/51/Jos%C3%A9_Froil%C3%A1n_Gonz%C3%A1lez_1950.jpg/330px-Jos%C3%A9_Froil%C3%A1n_Gonz%C3%A1lez_1950.jpg?utm_source=en.wikipedia.org&utm_campaign=api&utm_content=thumbnail,Argentine,6,0,3,0,,4,6,0,2
Mike Hawthorn,FERRARI,Ferrari,FERRARI,1953,Driver,https://upload.wikimedia.org/wikipedia/en/9/99/Mike_Hawthorn.jpg?utm_source=en.wikipedia.org&utm_campaign=api&utm_content=thumbnail_unscaled,British,4,1,3,0,,8,8,0,0
Oscar Gálvez,MASERATI,Maserati,MASERATI,1953,Driver,https://upload.wikimedia.org/wikipedia/commons/thumb/3/3f/Oscar_Alfredo_G%C3%A1lvez.jpg/330px-Oscar_Alfredo_G%C3%A1lvez.jpg?utm_source=en.wikipedia.org&utm_campaign=api&utm_content=thumbnail,Argentine,15,0,0,0,,1,1,0,0
Jean Behra,GORDINI,Gordini,GORDINI,1953,Driver,https://upload.wikimedia.org/wikipedia/commons/thumb/3/3e/Jean_Behra_-_El_Gr%C3%A1fico_1953.jpg/330px-Jean_Behra_-_El_Gr%C3%A1fico_1953.jpg?utm_source=en.wikipedia.org&utm_campaign=api&utm_content=thumbnail,French,,0,0,0,,2,6,0,4
Harry Schell,GORDINI,Gordini,GORDINI,1953,Driver,https://upload.wikimedia.org/wikipedia/en/3/32/Harry_Schell_Sebring_1959.jpg?utm_source=en.wikipedia.org&utm_campaign=api&utm_content=thumbnail_unscaled,American,,0,0,0,,3,7,0,4
Maurice Trintignant,GORDINI,Gordini,GORDINI,1953,Driver,https://upload.wikimedia.org/wikipedia/commons/thumb/3/35/Maurice_Trintignant_-_El_Gr%C3%A1fico_1801.jpg/330px-Maurice_Trintignant_-_El_Gr%C3%A1fico_1801.jpg?utm_source=en.wikipedia.org&utm_campaign=api&utm_content=thumbnail,French,12,0,0,0,,4,8,0,4
Juan Fangio,MASERATI,Maserati,MASERATI,1953,Driver,https://upload.wikimedia.org/wikipedia/commons/thumb/2/20/Fangio_in_1955_%28cropped%29.jpg/330px-Fangio_in_1955_%28cropped%29.jpg?utm_source=en.wikipedia.org&utm_campaign=api&utm_content=thumbnail,Argentine,2,1,4,2,,5,10,0,5
Felice Bonetto,MASERATI,Maserati,MASERATI,1953,Driver,https://upload.wikimedia.org/wikipedia/commons/d/d4/Portrait_of_Felice_Bonetto_%28cropped%29.jpg?utm_source=en.wikipedia.org&utm_campaign=api&utm_content=thumbnail_unscaled,Italian,9,0,1,1,,4,8,0,4
Nino Farina,FERRARI,Ferrari,FERRARI,1953,Driver,https://upload.wikimedia.org/wikipedia/commons/thumb/d/d0/Giuseppe_Farina_-_El_Gr%C3%A1fico_1750.jpg/330px-Giuseppe_Farina_-_El_Gr%C3%A1fico_1750.jpg?utm_source=en.wikipedia.org&utm_campaign=api&utm_content=thumbnail,Italian,3,1,5,0,,6,8,0,2
Carlos Menditeguy,GORDINI,Gordini,GORDINI,1953,Driver,https://upload.wikimedia.org/wikipedia/commons/thumb/3/3f/Carlos_Menditeguy_-_El_Gr%C3%A1fico_1805.jpg/330px-Carlos_Menditeguy_-_El_Gr%C3%A1fico_1805.jpg?utm_source=en.wikipedia.org&utm_campaign=api&utm_content=thumbnail,Argentine,,0,0,0,,0,1,0,1
Pablo Birger,SIMCA,Simca,SIMCA,1953,Driver,https://upload.wikimedia.org/wikipedia/commons/thumb/1/1b/Pablo_Birger_-_El_Gr%C3%A1fico_1706.jpg/330px-Pablo_Birger_-_El_Gr%C3%A1fico_1706.jpg?utm_source=en.wikipedia.org&utm_campaign=api&utm_content=thumbnail,Argentine,,0,0,0,,0,1,0,1
Bill Vukovich,KURTIS_KRAFT,Kurtis Kraft,KURTIS_KRAFT,1953,Driver,https://upload.wikimedia.org/wikipedia/commons/thumb/c/c3/Bill_Vukovich_1951.jpg/330px-Bill_Vukovich_1951.jpg?utm_source=en.wikipedia.org&utm_campaign=api&utm_content=thumbnail,American,7,1,1,1,,1,1,0,0
Duane Carter,KURTIS_KRAFT,Kurtis Kraft,KURTIS_KRAFT|LESOVSKY,1953,Driver,https://upload.wikimedia.org/wikipedia/commons/thumb/8/80/Duane_Carter_at_Soldier_Field_circa_1946.jpg/330px-Duane_Carter_at_Soldier_Field_circa_1946.jpg?utm_source=en.wikipedia.org&utm_campaign=api&utm_content=thumbnail,American,13,0,1,0,,1,2,0,1
Sam Hanks,KURTIS_KRAFT,Kurtis Kraft,KURTIS_KRAFT,1953,Driver,https://upload.wikimedia.org/wikipedia/commons/thumb/4/4c/Sam_Hanks_USAC_circa_1957.jpg/330px-Sam_Hanks_USAC_circa_1957.jpg?utm_source=en.wikipedia.org&utm_campaign=api&utm_content=thumbnail,American,14,0,1,0,,1,1,0,0
Fred Agabashian,KURTIS_KRAFT,Kurtis Kraft,KURTIS_KRAFT,1953,Driver,https://upload.wikimedia.org/wikipedia/commons/thumb/8/85/Fred_Agabashian_1953_%28cropped%29.jpg/330px-Fred_Agabashian_1953_%28cropped%29.jpg?utm_source=en.wikipedia.org&utm_campaign=api&utm_content=thumbnail,American,19,0,0,0,,1,1,0,0
Paul Russo,KURTIS_KRAFT,Kurtis Kraft,KURTIS_KRAFT,1953,Driver,https://upload.wikimedia.org/wikipedia/commons/thumb/8/81/Paul_Russo_1947.jpg/330px-Paul_Russo_1947.jpg?utm_source=en.wikipedia.org&utm_campaign=api&utm_content=thumbnail,American,18,0,0,0,,1,2,0,1
Jack McGrath,KURTIS_KRAFT,Kurtis Kraft,KURTIS_KRAFT,1953,Driver,https://upload.wikimedia.org/wikipedia/commons/thumb/4/44/Jack_McGrath_1951.jpg/330px-Jack_McGrath_1951.jpg?utm_source=en.wikipedia.org&utm_campaign=api&utm_content=thumbnail,American,16,0,0,0,,1,1,0,0
Tony Bettenhausen,KUZMA,Kuzma,KUZMA,1953,Driver,https://upload.wikimedia.org/wikipedia/commons/thumb/1/15/Tony_Bettenhausen_circa_1952.jpg/330px-Tony_Bettenhausen_circa_1952.jpg?utm_source=en.wikipedia.org&utm_campaign=api&utm_content=thumbnail,American,,0,0,0,,1,1,0,0
Chuck Stevenson,KUZMA,Kuzma,KUZMA|KURTIS_KRAFT,1953,Driver,https://upload.wikimedia.org/wikipedia/commons/thumb/7/72/Chuck_Stevenson_1952cr.jpg/330px-Chuck_Stevenson_1952cr.jpg?utm_source=en.wikipedia.org&utm_campaign=api&utm_content=thumbnail,American,,0,0,0,,1,3,0,2
Jimmy Davies,KURTIS_KRAFT,Kurtis Kraft,KURTIS_KRAFT,1953,Driver,https://upload.wikimedia.org/wikipedia/commons/thumb/2/23/Jimmy_Davies_circa_1963.jpg/330px-Jimmy_Davies_circa_1963.jpg?utm_source=en.wikipedia.org&utm_campaign=api&utm_content=thumbnail,American,,0,0,0,,1,1,0,0
Duke Nalon,KURTIS_KRAFT,Kurtis Kraft,KURTIS_KRAFT,1953,Driver,https://upload.wikimedia.org/wikipedia/commons/thumb/0/01/Duke_Nalon_1951.jpg/330px-Duke_Nalon_1951.jpg?utm_source=en.wikipedia.org&utm_campaign=api&utm_content=thumbnail,American,,0,0,0,,0,1,0,0
Manny Ayulo,KUZMA,Kuzma,KUZMA,1953,Driver,https://upload.wikimedia.org/wikipedia/commons/thumb/a/ae/Manny_Ayulo_1953.jpg/330px-Manny_Ayulo_1953.jpg?utm_source=en.wikipedia.org&utm_campaign=api&utm_content=thumbnail,American,,0,0,0,,0,1,0,0
Jimmy Bryan,SCHROEDER,Schroeder,SCHROEDER,1953,Driver,https://upload.wikimedia.org/wikipedia/en/7/73/Portrait_of_Jimmy_Bryan.jpg?utm_source=en.wikipedia.org&utm_campaign=api&utm_content=thumbnail_unscaled,American,,0,0,0,,0,1,0,0
Bill Holland,KURTIS_KRAFT,Kurtis Kraft,KURTIS_KRAFT,1953,Driver,https://upload.wikimedia.org/wikipedia/commons/thumb/8/86/Bill_Holland_and_Linda_Darnell_1949_Indianapolis_500_%28cropped%29.jpg/330px-Bill_Holland_and_Linda_Darnell_1949_Indianapolis_500_%28cropped%29.jpg?utm_source=en.wikipedia.org&utm_campaign=api&utm_content=thumbnail,American,,0,0,0,,0,1,0,0
Rodger Ward,KURTIS_KRAFT,Kurtis Kraft,KURTIS_KRAFT,1953,Driver,https://upload.wikimedia.org/wikipedia/commons/thumb/9/9d/Rodger_Ward_1950.jpg/330px-Rodger_Ward_1950.jpg?utm_source=en.wikipedia.org&utm_campaign=api&utm_content=thumbnail,American,,0,0,0,,0,1,0,0
Walt Faulkner,KURTIS_KRAFT,Kurtis Kraft,KURTIS_KRAFT,1953,Driver,https://upload.wikimedia.org/wikipedia/commons/thumb/2/2b/Walt_Faulkner_circa_1948.jpg/330px-Walt_Faulkner_circa_1948.jpg?utm_source=en.wikipedia.org&utm_campaign=api&utm_content=thumbnail,American,,0,0,0,,0,1,0,0
Johnny Mantz,KURTIS_KRAFT,Kurtis Kraft,KURTIS_KRAFT,1953,Driver,https://upload.wikimedia.org/wikipedia/commons/thumb/b/b7/Johnny_Mantz_USAC_circa_1957.jpg/330px-Johnny_Mantz_USAC_circa_1957.jpg?utm_source=en.wikipedia.org&utm_campaign=api&utm_content=thumbnail,American,,0,0,0,,0,1,0,0
Marshall Teague,KURTIS_KRAFT,Kurtis Kraft,KURTIS_KRAFT,1953,Driver,https://upload.wikimedia.org/wikipedia/commons/thumb/4/49/Marshall_Teague_USAC_circa_1957.jpg/330px-Marshall_Teague_USAC_circa_1957.jpg?utm_source=en.wikipedia.org&utm_campaign=api&utm_content=thumbnail,American,,0,0,0,,0,1,0,1
Pat Flaherty,KUZMA,Kuzma,KUZMA,1953,Driver,https://upload.wikimedia.org/wikipedia/en/7/7e/PatFlaherty%28racingdriver%29Image.jpg?utm_source=en.wikipedia.org&utm_campaign=api&utm_content=thumbnail_unscaled,American,,0,0,0,,0,1,0,1
Johnnie Parsons,KURTIS_KRAFT,Kurtis Kraft,KURTIS_KRAFT,1953,Driver,https://upload.wikimedia.org/wikipedia/commons/thumb/a/a8/Johnnie_Parsons_USAC_circa_1957.jpg/330px-Johnnie_Parsons_USAC_circa_1957.jpg?utm_source=en.wikipedia.org&utm_campaign=api&utm_content=thumbnail,American,,0,0,0,,0,1,0,1
Don Freeland,WATSON,Watson,WATSON,1953,Driver,https://upload.wikimedia.org/wikipedia/commons/thumb/6/6f/Don_Freeland_1953_%28cropped%29.jpg/330px-Don_Freeland_1953_%28cropped%29.jpg?utm_source=en.wikipedia.org&utm_campaign=api&utm_content=thumbnail,American,,0,0,0,,0,1,0,1
Toulo de Graffenried,MASERATI,Maserati,MASERATI,1953,Driver,https://upload.wikimedia.org/wikipedia/commons/7/77/Toulo_de_Graffenried.gif?utm_source=en.wikipedia.org&utm_campaign=api&utm_content=thumbnail_unscaled,Swiss,8,0,0,0,,4,7,0,3
Louis Rosier,FERRARI,Ferrari,FERRARI,1953,Driver,https://upload.wikimedia.org/wikipedia/en/7/7e/Louis_Rosier.jpg?utm_source=en.wikipedia.org&utm_campaign=api&utm_content=thumbnail_unscaled,French,,0,0,0,,5,7,0,1
Peter Collins,HWM,HWM,HWM,1953,Driver,https://upload.wikimedia.org/wikipedia/en/5/5e/Peter_Collins_car_racer.jpg?utm_source=en.wikipedia.org&utm_campaign=api&utm_content=thumbnail_unscaled,British,,0,0,0,,1,4,0,2
Stirling Moss,COOPER,Cooper,COOPER|CONNAUGHT,1953,Driver,https://upload.wikimedia.org/wikipedia/commons/thumb/b/b4/Stirling_Moss.jpg/330px-Stirling_Moss.jpg?utm_source=en.wikipedia.org&utm_campaign=api&utm_content=thumbnail,British,,0,0,0,,2,4,0,1
Johnny Claes,CONNAUGHT,Connaught,CONNAUGHT|MASERATI,1953,Driver,https://upload.wikimedia.org/wikipedia/en/1/10/Johnny_Claes-1950.png?utm_source=en.wikipedia.org&utm_campaign=api&utm_content=thumbnail_unscaled,Belgian,,0,0,0,,0,5,0,4
Roberto Mieres,GORDINI,Gordini,GORDINI,1953,Driver,https://upload.wikimedia.org/wikipedia/commons/thumb/2/23/Roberto_Mieres_-_El_Gr%C3%A1fico_1770.jpg/330px-Roberto_Mieres_-_El_Gr%C3%A1fico_1770.jpg?utm_source=en.wikipedia.org&utm_campaign=api&utm_content=thumbnail,Argentine,,0,0,0,,1,3,0,2
Ken Wharton,COOPER,Cooper,COOPER,1953,Driver,https://upload.wikimedia.org/wikipedia/en/4/40/Ken_Wharton_Motor_Sport_1953.jpg?utm_source=en.wikipedia.org&utm_campaign=api&utm_content=thumbnail_unscaled,British,,0,0,0,,2,5,0,3
Roy Salvadori,CONNAUGHT,Connaught,CONNAUGHT,1953,Driver,https://upload.wikimedia.org/wikipedia/commons/thumb/3/3d/1958-03-22_Sebring_Roy_Salvadori_%28cropped2%29.jpg/330px-1958-03-22_Sebring_Roy_Salvadori_%28cropped2%29.jpg?utm_source=en.wikipedia.org&utm_campaign=api&utm_content=thumbnail,British,,0,0,0,,0,5,0,5
Lance Macklin,HWM,HWM,HWM,1953,Driver,https://upload.wikimedia.org/wikipedia/en/6/6a/300_lance-macklin.jpg?utm_source=en.wikipedia.org&utm_campaign=api&utm_content=thumbnail_unscaled,British,,0,0,0,,0,6,0,6
Onofre Marimón,MASERATI,Maserati,MASERATI,1953,Driver,https://upload.wikimedia.org/wikipedia/commons/thumb/1/19/Onofre_Marim%C3%B3n_-_El_Gr%C3%A1fico_1708.jpg/330px-Onofre_Marim%C3%B3n_-_El_Gr%C3%A1fico_1708.jpg?utm_source=en.wikipedia.org&utm_campaign=api&utm_content=thumbnail,Argentine,11,0,1,0,,2,6,0,4
Fred Wacker,GORDINI,Gordini,GORDINI,1953,Driver,https://upload.wikimedia.org/wikipedia/commons/thumb/1/19/Cunningham_C2-R_no_5103%2C_front_right_%28Greenwich_2018%29.jpg/330px-Cunningham_C2-R_no_5103%2C_front_right_%28Greenwich_2018%29.jpg?utm_source=en.wikipedia.org&utm_campaign=api&utm_content=thumbnail,American,,0,0,0,,1,1,0,0
Paul Frère,HWM,HWM,HWM,1953,Driver,https://upload.wikimedia.org/wikipedia/commons/thumb/5/56/2003-04-26_Paul_Fr%C3%A8re_Cfs.JPG/330px-2003-04-26_Paul_Fr%C3%A8re_Cfs.JPG?utm_source=en.wikipedia.org&utm_campaign=api&utm_content=thumbnail,Belgian,,0,0,0,,1,2,0,1
André Pilette,CONNAUGHT,Connaught,CONNAUGHT,1953,Driver,https://upload.wikimedia.org/wikipedia/en/5/58/Andr%C3%A9_Pilette.jpg?utm_source=en.wikipedia.org&utm_campaign=api&utm_content=thumbnail_unscaled,Belgian,,0,0,0,,0,1,0,0
Georges Berger,SIMCA,Simca,SIMCA,1953,Driver,https://upload.wikimedia.org/wikipedia/en/d/d7/Georges_Berger.jpg?utm_source=en.wikipedia.org&utm_campaign=api&utm_content=thumbnail_unscaled,Belgian,,0,0,0,,0,1,0,1
Arthur Legat,VERITAS,Veritas,VERITAS,1953,Driver,https://upload.wikimedia.org/wikipedia/en/3/3a/Arthur_Legat-1952.png?utm_source=en.wikipedia.org&utm_campaign=api&utm_content=thumbnail_unscaled,Belgian,,0,0,0,,0,1,0,1
Bob Gerard,COOPER,Cooper,COOPER,1953,Driver,https://upload.wikimedia.org/wikipedia/en/c/c4/Portrait_of_Bob_Gerard.jpg?utm_source=en.wikipedia.org&utm_campaign=api&utm_content=thumbnail_unscaled,British,,0,0,0,,0,1,0,0
Louis Chiron,OSCA,OSCA,OSCA,1953,Driver,https://upload.wikimedia.org/wikipedia/commons/thumb/d/d8/Louis_Chiron_1931bw.jpg/330px-Louis_Chiron_1931bw.jpg?utm_source=en.wikipedia.org&utm_campaign=api&utm_content=thumbnail,Monegasque,,0,0,0,,1,2,0,0
Prince Bira,CONNAUGHT,Connaught,CONNAUGHT|MASERATI,1953,Driver,https://upload.wikimedia.org/wikipedia/commons/thumb/d/dc/Air_cadets_learn_the_basics_of_flight_at_RNAS_St_Merryn_in_Cornwall%2C_February_1944._A22064-croponBirabongse_Bhanudej.jpg/330px-Air_cadets_learn_the_basics_of_flight_at_RNAS_St_Merryn_in_Cornwall%2C_February_1944._A22064-croponBirabongse_Bhanudej.jpg?utm_source=en.wikipedia.org&utm_campaign=api&utm_content=thumbnail,Thai,,0,0,0,,1,4,0,2
Peter Whitehead,COOPER,Cooper,COOPER,1953,Driver,https://upload.wikimedia.org/wikipedia/commons/thumb/3/38/ERA_of_Peter_Whitehead%2C_1938_AGP.jpg/330px-ERA_of_Peter_Whitehead%2C_1938_AGP.jpg?utm_source=en.wikipedia.org&utm_campaign=api&utm_content=thumbnail,British,,0,0,0,,1,1,0,0
Tony Rolt,CONNAUGHT,Connaught,CONNAUGHT,1953,Driver,https://upload.wikimedia.org/wikipedia/commons/thumb/b/b3/Autoraces_te_Zandvoort._Tony_Rolt_met_zijn_Alfa_Romeo_onderaan_de_Hunzerug%2C_Bestanddeelnr_902-9012.jpg/330px-Autoraces_te_Zandvoort._Tony_Rolt_met_zijn_Alfa_Romeo_onderaan_de_Hunzerug%2C_Bestanddeelnr_902-9012.jpg?utm_source=en.wikipedia.org&utm_campaign=api&utm_content=thumbnail,British,,0,0,0,,0,1,0,1
Ian Stewart,CONNAUGHT,Connaught,CONNAUGHT,1953,Driver,https://upload.wikimedia.org/wikipedia/commons/thumb/a/ae/Stewart_Ian_Gordon_Highlanders.jpg/330px-Stewart_Ian_Gordon_Highlanders.jpg?utm_source=en.wikipedia.org&utm_campaign=api&utm_content=thumbnail,British,,0,0,0,,0,1,0,1
Duncan Hamilton,HWM,HWM,HWM,1953,Driver,https://upload.wikimedia.org/wikipedia/en/a/a4/Duncan_Hamilton_%28racing_driver%29_resize.jpg?utm_source=en.wikipedia.org&utm_campaign=api&utm_content=thumbnail_unscaled,British,,0,0,0,,0,1,0,1
Jacques Swaters,FERRARI,Ferrari,FERRARI,1953,Driver,https://upload.wikimedia.org/wikipedia/commons/5/5f/Jacques_Swaters_1980.jpg?utm_source=en.wikipedia.org&utm_campaign=api&utm_content=thumbnail_unscaled,American,,0,0,0,,1,2,0,1
Hans Herrmann,VERITAS,Veritas,VERITAS,1953,Driver,https://upload.wikimedia.org/wikipedia/commons/thumb/1/1b/Hans_Herrmann_%282011%29.jpg/330px-Hans_Herrmann_%282011%29.jpg?utm_source=en.wikipedia.org&utm_campaign=api&utm_content=thumbnail,German,,0,0,0,,1,1,0,0
Theo Helfrich,VERITAS,Veritas,VERITAS,1953,Driver,https://upload.wikimedia.org/wikipedia/commons/thumb/2/20/Fotothek_df_roe-neg_0006640_013_Portrait_eines_Automobilrennfahrers_in_seinem_Wa.jpg/330px-Fotothek_df_roe-neg_0006640_013_Portrait_eines_Automobilrennfahrers_in_seinem_Wa.jpg?utm_source=en.wikipedia.org&utm_campaign=api&utm_content=thumbnail,German,,0,0,0,,0,1,0,0
Ernst Klodwig,BMW,BMW,BMW,1953,Driver,https://upload.wikimedia.org/wikipedia/commons/thumb/0/05/Klodwig-BMW.jpg/330px-Klodwig-BMW.jpg?utm_source=en.wikipedia.org&utm_campaign=api&utm_content=thumbnail,East German,,0,0,0,,0,1,0,0
Wolfgang Seidel,VERITAS,Veritas,VERITAS,1953,Driver,https://upload.wikimedia.org/wikipedia/commons/thumb/0/08/1955-05-01_Mille_Miglia_Porsche_550-15_Seidel_Gl%C3%B6ckler.jpg/330px-1955-05-01_Mille_Miglia_Porsche_550-15_Seidel_Gl%C3%B6ckler.jpg?utm_source=en.wikipedia.org&utm_campaign=api&utm_content=thumbnail,German,,0,0,0,,0,1,0,0
Edgar Barth,EMW,EMW,EMW,1953,Driver,https://upload.wikimedia.org/wikipedia/commons/thumb/3/3d/Edgar_Barth_podium_Nurburgring_1957.jpg/330px-Edgar_Barth_podium_Nurburgring_1957.jpg?utm_source=en.wikipedia.org&utm_campaign=api&utm_content=thumbnail,German,,0,0,0,,0,1,0,1
Kurt Adolff,FERRARI,Ferrari,FERRARI,1953,Driver,https://upload.wikimedia.org/wikipedia/en/9/90/Kurt_Adolff.png?utm_source=en.wikipedia.org&utm_campaign=api&utm_content=thumbnail_unscaled,German,,0,0,0,,0,1,0,1
Günther Bechem,AFM,AFM,AFM,1953,Driver,https://upload.wikimedia.org/wikipedia/commons/thumb/a/a4/Bechem_AFM_Norisring_1951.jpg/330px-Bechem_AFM_Norisring_1951.jpg?utm_source=en.wikipedia.org&utm_campaign=api&utm_content=thumbnail,German,,0,0,0,,0,1,0,1
Hans von Stuck,AFM,AFM,AFM,1953,Driver,https://upload.wikimedia.org/wikipedia/commons/thumb/6/63/Bundesarchiv_Bild_102-08188%2C_Hans_von_Stuck.jpg/330px-Bundesarchiv_Bild_102-08188%2C_Hans_von_Stuck.jpg?utm_source=en.wikipedia.org&utm_campaign=api&utm_content=thumbnail,German,,0,0,0,,0,2,0,1
Ernst Loof,VERITAS,Veritas,VERITAS,1953,Driver,https://upload.wikimedia.org/wikipedia/commons/thumb/f/f8/Veritas_RS_2000ccm135PS_1948.JPG/330px-Veritas_RS_2000ccm135PS_1948.JPG?utm_source=en.wikipedia.org&utm_campaign=api&utm_content=thumbnail,German,,0,0,0,,0,1,0,1
Hermann Lang,MASERATI,Maserati,MASERATI,1953,Driver,https://upload.wikimedia.org/wikipedia/commons/thumb/5/5b/Hermann_Lang_El_Gr%C3%A1fico.jpg/330px-Hermann_Lang_El_Gr%C3%A1fico.jpg?utm_source=en.wikipedia.org&utm_campaign=api&utm_content=thumbnail,German,17,0,0,0,,1,1,0,0
Luigi Musso,MASERATI,Maserati,MASERATI,1953,Driver,https://upload.wikimedia.org/wikipedia/commons/8/8b/Luigi_Musso.jpg?utm_source=en.wikipedia.org&utm_campaign=api&utm_content=thumbnail_unscaled,Italian,,0,0,0,,1,1,0,0
Sergio Mantovani,MASERATI,Maserati,MASERATI,1953,Driver,https://upload.wikimedia.org/wikipedia/commons/thumb/4/44/SergioMantovani-AlfaRomeo.png/330px-SergioMantovani-AlfaRomeo.png?utm_source=en.wikipedia.org&utm_campaign=api&utm_content=thumbnail,Italian,,0,0,0,,1,1,0,0
Umberto Maglioli,FERRARI,Ferrari,FERRARI,1953,Driver,https://upload.wikimedia.org/wikipedia/commons/4/41/Umberto_Maglioli.jpg?utm_source=en.wikipedia.org&utm_campaign=api&utm_content=thumbnail_unscaled,Italian,,0,0,0,,1,1,0,0
Piero Carini,FERRARI,Ferrari,FERRARI,1953,Driver,https://upload.wikimedia.org/wikipedia/commons/f/f8/Piero_Carini.jpeg?utm_source=en.wikipedia.org&utm_campaign=api&utm_content=thumbnail_unscaled,Italian,,0,0,0,,0,1,0,1
Juan Fangio,MERCEDES,Mercedes,MERCEDES|MASERATI,1954,Driver,https://upload.wikimedia.org/wikipedia/commons/thumb/2/20/Fangio_in_1955_%28cropped%29.jpg/330px-Fangio_in_1955_%28cropped%29.jpg?utm_source=en.wikipedia.org&utm_campaign=api&utm_content=thumbnail,Argentine,1,6,7,5,,8,8,1,0
Nino Farina,FERRARI,Ferrari,FERRARI,1954,Driver,https://upload.wikimedia.org/wikipedia/commons/thumb/d/d0/Giuseppe_Farina_-_El_Gr%C3%A1fico_1750.jpg/330px-Giuseppe_Farina_-_El_Gr%C3%A1fico_1750.jpg?utm_source=en.wikipedia.org&utm_campaign=api&utm_content=thumbnail,Italian,8,0,1,1,,1,2,0,1
José Froilán González,FERRARI,Ferrari,FERRARI,1954,Driver,https://upload.wikimedia.org/wikipedia/commons/thumb/5/51/Jos%C3%A9_Froil%C3%A1n_Gonz%C3%A1lez_1950.jpg/330px-Jos%C3%A9_Froil%C3%A1n_Gonz%C3%A1lez_1950.jpg?utm_source=en.wikipedia.org&utm_campaign=api&utm_content=thumbnail,Argentine,2,1,5,1,,6,9,0,3
Maurice Trintignant,FERRARI,Ferrari,FERRARI,1954,Driver,https://upload.wikimedia.org/wikipedia/commons/thumb/3/35/Maurice_Trintignant_-_El_Gr%C3%A1fico_1801.jpg/330px-Maurice_Trintignant_-_El_Gr%C3%A1fico_1801.jpg?utm_source=en.wikipedia.org&utm_campaign=api&utm_content=thumbnail,French,4,0,2,0,,5,8,0,3
Harry Schell,MASERATI,Maserati,MASERATI,1954,Driver,https://upload.wikimedia.org/wikipedia/en/3/32/Harry_Schell_Sebring_1959.jpg?utm_source=en.wikipedia.org&utm_campaign=api&utm_content=thumbnail_unscaled,American,,0,0,0,,2,6,0,3
Prince Bira,MASERATI,Maserati,MASERATI,1954,Driver,https://upload.wikimedia.org/wikipedia/commons/thumb/d/dc/Air_cadets_learn_the_basics_of_flight_at_RNAS_St_Merryn_in_Cornwall%2C_February_1944._A22064-croponBirabongse_Bhanudej.jpg/330px-Air_cadets_learn_the_basics_of_flight_at_RNAS_St_Merryn_in_Cornwall%2C_February_1944._A22064-croponBirabongse_Bhanudej.jpg?utm_source=en.wikipedia.org&utm_campaign=api&utm_content=thumbnail,Thai,17,0,0,0,,4,6,0,2
Toulo de Graffenried,MASERATI,Maserati,MASERATI,1954,Driver,https://upload.wikimedia.org/wikipedia/commons/7/77/Toulo_de_Graffenried.gif?utm_source=en.wikipedia.org&utm_campaign=api&utm_content=thumbnail_unscaled,Swiss,,0,0,0,,1,2,0,1
Umberto Maglioli,FERRARI,Ferrari,FERRARI,1954,Driver,https://upload.wikimedia.org/wikipedia/commons/4/41/Umberto_Maglioli.jpg?utm_source=en.wikipedia.org&utm_campaign=api&utm_content=thumbnail_unscaled,Italian,18,0,1,0,,3,3,0,0
Jean Behra,GORDINI,Gordini,GORDINI,1954,Driver,https://upload.wikimedia.org/wikipedia/commons/thumb/3/3e/Jean_Behra_-_El_Gr%C3%A1fico_1953.jpg/330px-Jean_Behra_-_El_Gr%C3%A1fico_1953.jpg?utm_source=en.wikipedia.org&utm_campaign=api&utm_content=thumbnail,French,26,0,0,0,,2,8,0,6
Mike Hawthorn,FERRARI,Ferrari,FERRARI,1954,Driver,https://upload.wikimedia.org/wikipedia/en/9/99/Mike_Hawthorn.jpg?utm_source=en.wikipedia.org&utm_campaign=api&utm_content=thumbnail_unscaled,British,3,1,4,0,,5,9,0,4
Onofre Marimón,MASERATI,Maserati,MASERATI,1954,Driver,https://upload.wikimedia.org/wikipedia/commons/thumb/1/19/Onofre_Marim%C3%B3n_-_El_Gr%C3%A1fico_1708.jpg/330px-Onofre_Marim%C3%B3n_-_El_Gr%C3%A1fico_1708.jpg?utm_source=en.wikipedia.org&utm_campaign=api&utm_content=thumbnail,Argentine,14,0,1,0,,1,5,0,4
Roberto Mieres,MASERATI,Maserati,MASERATI,1954,Driver,https://upload.wikimedia.org/wikipedia/commons/thumb/2/23/Roberto_Mieres_-_El_Gr%C3%A1fico_1770.jpg/330px-Roberto_Mieres_-_El_Gr%C3%A1fico_1770.jpg?utm_source=en.wikipedia.org&utm_campaign=api&utm_content=thumbnail,Argentine,11,0,0,0,,3,8,0,5
Roger Loyer,GORDINI,Gordini,GORDINI,1954,Driver,https://upload.wikimedia.org/wikipedia/commons/thumb/c/c5/Roger_Loyer_sur_Porsche_spyder_550%2C_en_1956.jpg/330px-Roger_Loyer_sur_Porsche_spyder_550%2C_en_1956.jpg?utm_source=en.wikipedia.org&utm_campaign=api&utm_content=thumbnail,French,,0,0,0,,0,1,0,1
Louis Rosier,FERRARI,Ferrari,FERRARI|MASERATI,1954,Driver,https://upload.wikimedia.org/wikipedia/en/7/7e/Louis_Rosier.jpg?utm_source=en.wikipedia.org&utm_campaign=api&utm_content=thumbnail_unscaled,French,,0,0,0,,3,6,0,3
Luigi Musso,MASERATI,Maserati,MASERATI,1954,Driver,https://upload.wikimedia.org/wikipedia/commons/8/8b/Luigi_Musso.jpg?utm_source=en.wikipedia.org&utm_campaign=api&utm_content=thumbnail_unscaled,Italian,9,0,1,0,,1,3,0,2
Carlos Menditeguy,MASERATI,Maserati,MASERATI,1954,Driver,https://upload.wikimedia.org/wikipedia/commons/thumb/3/3f/Carlos_Menditeguy_-_El_Gr%C3%A1fico_1805.jpg/330px-Carlos_Menditeguy_-_El_Gr%C3%A1fico_1805.jpg?utm_source=en.wikipedia.org&utm_campaign=api&utm_content=thumbnail,Argentine,,0,0,0,,0,1,0,1
Bill Vukovich,KURTIS_KRAFT,Kurtis Kraft,KURTIS_KRAFT,1954,Driver,https://upload.wikimedia.org/wikipedia/commons/thumb/c/c3/Bill_Vukovich_1951.jpg/330px-Bill_Vukovich_1951.jpg?utm_source=en.wikipedia.org&utm_campaign=api&utm_content=thumbnail,American,6,1,1,0,,1,1,0,0
Jimmy Bryan,KUZMA,Kuzma,KUZMA,1954,Driver,https://upload.wikimedia.org/wikipedia/en/7/73/Portrait_of_Jimmy_Bryan.jpg?utm_source=en.wikipedia.org&utm_campaign=api&utm_content=thumbnail_unscaled,American,10,0,1,0,,1,1,0,0
Jack McGrath,KURTIS_KRAFT,Kurtis Kraft,KURTIS_KRAFT,1954,Driver,https://upload.wikimedia.org/wikipedia/commons/thumb/4/44/Jack_McGrath_1951.jpg/330px-Jack_McGrath_1951.jpg?utm_source=en.wikipedia.org&utm_campaign=api&utm_content=thumbnail,American,12,0,1,1,,1,1,0,0
Troy Ruttman,KURTIS_KRAFT,Kurtis Kraft,KURTIS_KRAFT,1954,Driver,https://upload.wikimedia.org/wikipedia/commons/thumb/8/8b/Troy_Ruttman_1951.jpg/330px-Troy_Ruttman_1951.jpg?utm_source=en.wikipedia.org&utm_campaign=api&utm_content=thumbnail,American,24,0,0,0,,1,1,0,0
Duane Carter,KURTIS_KRAFT,Kurtis Kraft,KURTIS_KRAFT,1954,Driver,https://upload.wikimedia.org/wikipedia/commons/thumb/8/80/Duane_Carter_at_Soldier_Field_circa_1946.jpg/330px-Duane_Carter_at_Soldier_Field_circa_1946.jpg?utm_source=en.wikipedia.org&utm_campaign=api&utm_content=thumbnail,American,23,0,0,0,,1,2,0,0
Fred Agabashian,KURTIS_KRAFT,Kurtis Kraft,KURTIS_KRAFT,1954,Driver,https://upload.wikimedia.org/wikipedia/commons/thumb/8/85/Fred_Agabashian_1953_%28cropped%29.jpg/330px-Fred_Agabashian_1953_%28cropped%29.jpg?utm_source=en.wikipedia.org&utm_campaign=api&utm_content=thumbnail,American,,0,0,0,,1,1,0,0
Don Freeland,PHILLIPS,Phillips,PHILLIPS,1954,Driver,https://upload.wikimedia.org/wikipedia/commons/thumb/6/6f/Don_Freeland_1953_%28cropped%29.jpg/330px-Don_Freeland_1953_%28cropped%29.jpg?utm_source=en.wikipedia.org&utm_campaign=api&utm_content=thumbnail,American,,0,0,0,,1,1,0,0
Paul Russo,KURTIS_KRAFT,Kurtis Kraft,KURTIS_KRAFT,1954,Driver,https://upload.wikimedia.org/wikipedia/commons/thumb/8/81/Paul_Russo_1947.jpg/330px-Paul_Russo_1947.jpg?utm_source=en.wikipedia.org&utm_campaign=api&utm_content=thumbnail,American,,0,0,0,,1,1,0,0
Jimmy Davies,KURTIS_KRAFT,Kurtis Kraft,KURTIS_KRAFT,1954,Driver,https://upload.wikimedia.org/wikipedia/commons/thumb/2/23/Jimmy_Davies_circa_1963.jpg/330px-Jimmy_Davies_circa_1963.jpg?utm_source=en.wikipedia.org&utm_campaign=api&utm_content=thumbnail,American,,0,0,0,,0,2,0,1
Johnnie Parsons,KURTIS_KRAFT,Kurtis Kraft,KURTIS_KRAFT,1954,Driver,https://upload.wikimedia.org/wikipedia/commons/thumb/a/a8/Johnnie_Parsons_USAC_circa_1957.jpg/330px-Johnnie_Parsons_USAC_circa_1957.jpg?utm_source=en.wikipedia.org&utm_campaign=api&utm_content=thumbnail,American,,0,0,0,,0,2,0,1
Sam Hanks,KURTIS_KRAFT,Kurtis Kraft,KURTIS_KRAFT,1954,Driver,https://upload.wikimedia.org/wikipedia/commons/thumb/4/4c/Sam_Hanks_USAC_circa_1957.jpg/330px-Sam_Hanks_USAC_circa_1957.jpg?utm_source=en.wikipedia.org&utm_campaign=api&utm_content=thumbnail,American,,0,0,0,,0,2,0,1
Chuck Stevenson,KUZMA,Kuzma,KUZMA,1954,Driver,https://upload.wikimedia.org/wikipedia/commons/thumb/7/72/Chuck_Stevenson_1952cr.jpg/330px-Chuck_Stevenson_1952cr.jpg?utm_source=en.wikipedia.org&utm_campaign=api&utm_content=thumbnail,American,,0,0,0,,0,1,0,0
Walt Faulkner,KUZMA,Kuzma,KUZMA,1954,Driver,https://upload.wikimedia.org/wikipedia/commons/thumb/2/2b/Walt_Faulkner_circa_1948.jpg/330px-Walt_Faulkner_circa_1948.jpg?utm_source=en.wikipedia.org&utm_campaign=api&utm_content=thumbnail,American,,0,0,0,,0,1,0,0
Manny Ayulo,KUZMA,Kuzma,KUZMA,1954,Driver,https://upload.wikimedia.org/wikipedia/commons/thumb/a/ae/Manny_Ayulo_1953.jpg/330px-Manny_Ayulo_1953.jpg?utm_source=en.wikipedia.org&utm_campaign=api&utm_content=thumbnail,American,,0,0,0,,0,1,0,0
Tony Bettenhausen,KURTIS_KRAFT,Kurtis Kraft,KURTIS_KRAFT,1954,Driver,https://upload.wikimedia.org/wikipedia/commons/thumb/1/15/Tony_Bettenhausen_circa_1952.jpg/330px-Tony_Bettenhausen_circa_1952.jpg?utm_source=en.wikipedia.org&utm_campaign=api&utm_content=thumbnail,American,,0,0,0,,0,2,0,1
Marshall Teague,KURTIS_KRAFT,Kurtis Kraft,KURTIS_KRAFT,1954,Driver,https://upload.wikimedia.org/wikipedia/commons/thumb/4/49/Marshall_Teague_USAC_circa_1957.jpg/330px-Marshall_Teague_USAC_circa_1957.jpg?utm_source=en.wikipedia.org&utm_campaign=api&utm_content=thumbnail,American,,0,0,0,,0,2,0,1
Pat O'Connor,KURTIS_KRAFT,Kurtis Kraft,KURTIS_KRAFT,1954,Driver,https://upload.wikimedia.org/wikipedia/en/8/89/Pat_O_Connor-1958.png?utm_source=en.wikipedia.org&utm_campaign=api&utm_content=thumbnail_unscaled,American,,0,0,0,,0,1,0,1
Rodger Ward,PAWL,Pawl,PAWL,1954,Driver,https://upload.wikimedia.org/wikipedia/commons/thumb/9/9d/Rodger_Ward_1950.jpg/330px-Rodger_Ward_1950.jpg?utm_source=en.wikipedia.org&utm_campaign=api&utm_content=thumbnail,American,,0,0,0,,0,1,0,1
Pat Flaherty,KURTIS_KRAFT,Kurtis Kraft,KURTIS_KRAFT,1954,Driver,https://upload.wikimedia.org/wikipedia/en/7/7e/PatFlaherty%28racingdriver%29Image.jpg?utm_source=en.wikipedia.org&utm_campaign=api&utm_content=thumbnail_unscaled,American,,0,0,0,,0,1,0,1
Stirling Moss,MASERATI,Maserati,MASERATI,1954,Driver,https://upload.wikimedia.org/wikipedia/commons/thumb/b/b4/Stirling_Moss.jpg/330px-Stirling_Moss.jpg?utm_source=en.wikipedia.org&utm_campaign=api&utm_content=thumbnail,British,13,0,1,0,,2,6,0,4
André Pilette,GORDINI,Gordini,GORDINI,1954,Driver,https://upload.wikimedia.org/wikipedia/en/5/58/Andr%C3%A9_Pilette.jpg?utm_source=en.wikipedia.org&utm_campaign=api&utm_content=thumbnail_unscaled,Belgian,19,0,0,0,,2,3,0,1
Sergio Mantovani,MASERATI,Maserati,MASERATI,1954,Driver,https://upload.wikimedia.org/wikipedia/commons/thumb/4/44/SergioMantovani-AlfaRomeo.png/330px-SergioMantovani-AlfaRomeo.png?utm_source=en.wikipedia.org&utm_campaign=api&utm_content=thumbnail,Italian,16,0,0,0,,4,6,0,2
Paul Frère,GORDINI,Gordini,GORDINI,1954,Driver,https://upload.wikimedia.org/wikipedia/commons/thumb/5/56/2003-04-26_Paul_Fr%C3%A8re_Cfs.JPG/330px-2003-04-26_Paul_Fr%C3%A8re_Cfs.JPG?utm_source=en.wikipedia.org&utm_campaign=api&utm_content=thumbnail,Belgian,,0,0,0,,0,3,0,3
Jacques Swaters,FERRARI,Ferrari,FERRARI,1954,Driver,https://upload.wikimedia.org/wikipedia/commons/5/5f/Jacques_Swaters_1980.jpg?utm_source=en.wikipedia.org&utm_campaign=api&utm_content=thumbnail_unscaled,American,,0,0,0,,1,3,0,2
Karl Kling,MERCEDES,Mercedes,MERCEDES,1954,Driver,https://upload.wikimedia.org/wikipedia/commons/thumb/a/ad/Karl_Kling_El_Gr%C3%A1fico.jpg/330px-Karl_Kling_El_Gr%C3%A1fico.jpg?utm_source=en.wikipedia.org&utm_campaign=api&utm_content=thumbnail,German,5,0,1,0,,4,6,0,2
Luigi Villoresi,MASERATI,Maserati,MASERATI|LANCIA,1954,Driver,https://upload.wikimedia.org/wikipedia/commons/thumb/d/dd/Luis_Villoresi_-_El_Gr%C3%A1fico_1442.jpg/330px-Luis_Villoresi_-_El_Gr%C3%A1fico_1442.jpg?utm_source=en.wikipedia.org&utm_campaign=api&utm_content=thumbnail,Italian,20,0,0,0,,1,5,0,4
Ken Wharton,MASERATI,Maserati,MASERATI,1954,Driver,https://upload.wikimedia.org/wikipedia/en/4/40/Ken_Wharton_Motor_Sport_1953.jpg?utm_source=en.wikipedia.org&utm_campaign=api&utm_content=thumbnail_unscaled,British,,0,0,0,,3,5,0,2
Hans Herrmann,MERCEDES,Mercedes,MERCEDES,1954,Driver,https://upload.wikimedia.org/wikipedia/commons/thumb/1/1b/Hans_Herrmann_%282011%29.jpg/330px-Hans_Herrmann_%282011%29.jpg?utm_source=en.wikipedia.org&utm_campaign=api&utm_content=thumbnail,German,7,0,1,0,,2,5,0,3
Roy Salvadori,MASERATI,Maserati,MASERATI,1954,Driver,https://upload.wikimedia.org/wikipedia/commons/thumb/3/3d/1958-03-22_Sebring_Roy_Salvadori_%28cropped2%29.jpg/330px-1958-03-22_Sebring_Roy_Salvadori_%28cropped2%29.jpg?utm_source=en.wikipedia.org&utm_campaign=api&utm_content=thumbnail,British,,0,0,0,,0,2,0,2
Lance Macklin,HWM,HWM,HWM,1954,Driver,https://upload.wikimedia.org/wikipedia/en/6/6a/300_lance-macklin.jpg?utm_source=en.wikipedia.org&utm_campaign=api&utm_content=thumbnail_unscaled,British,,0,0,0,,0,1,0,1
Georges Berger,GORDINI,Gordini,GORDINI,1954,Driver,https://upload.wikimedia.org/wikipedia/en/d/d7/Georges_Berger.jpg?utm_source=en.wikipedia.org&utm_campaign=api&utm_content=thumbnail_unscaled,Belgian,,0,0,0,,0,1,0,1
Alberto Ascari,MASERATI,Maserati,MASERATI|FERRARI|LANCIA,1954,Driver,https://upload.wikimedia.org/wikipedia/commons/thumb/6/69/Ascari_last_photo_in_car.jpg/330px-Ascari_last_photo_in_car.jpg?utm_source=en.wikipedia.org&utm_campaign=api&utm_content=thumbnail,Italian,25,0,0,1,,0,5,0,5
Bob Gerard,COOPER,Cooper,COOPER,1954,Driver,https://upload.wikimedia.org/wikipedia/en/c/c4/Portrait_of_Bob_Gerard.jpg?utm_source=en.wikipedia.org&utm_campaign=api&utm_content=thumbnail_unscaled,British,,0,0,0,,1,1,0,0
Don Beauman,CONNAUGHT,Connaught,CONNAUGHT,1954,Driver,https://upload.wikimedia.org/wikipedia/en/d/dc/Don_Beauman.jpg?utm_source=en.wikipedia.org&utm_campaign=api&utm_content=thumbnail_unscaled,British,,0,0,0,,0,1,0,0
Leslie Marr,CONNAUGHT,Connaught,CONNAUGHT,1954,Driver,https://upload.wikimedia.org/wikipedia/commons/thumb/9/9f/Leslie_Marr_with_painting_2019_%28cropped%29.jpg/330px-Leslie_Marr_with_painting_2019_%28cropped%29.jpg?utm_source=en.wikipedia.org&utm_campaign=api&utm_content=thumbnail,British,,0,0,0,,0,1,0,0
Ron Flockhart,MASERATI,Maserati,MASERATI,1954,Driver,https://upload.wikimedia.org/wikipedia/en/7/78/Ron_Flockhart_%28racing_driver%29_resize.jpg?utm_source=en.wikipedia.org&utm_campaign=api&utm_content=thumbnail_unscaled,British,,0,0,0,,0,1,0,1
Reg Parnell,FERRARI,Ferrari,FERRARI,1954,Driver,https://upload.wikimedia.org/wikipedia/commons/thumb/7/72/Autoraces_te_Zandvoort%2C_Bestanddeelnr_902-9002.jpg/330px-Autoraces_te_Zandvoort%2C_Bestanddeelnr_902-9002.jpg?utm_source=en.wikipedia.org&utm_campaign=api&utm_content=thumbnail,British,,0,0,0,,0,1,0,1
Clemar Bucci,GORDINI,Gordini,GORDINI,1954,Driver,https://upload.wikimedia.org/wikipedia/commons/thumb/f/f3/Clemar_Bucci.jpg/330px-Clemar_Bucci.jpg?utm_source=en.wikipedia.org&utm_campaign=api&utm_content=thumbnail,Argentine,,0,0,0,,0,4,0,4
Peter Collins,VANWALL,Vanwall,VANWALL,1954,Driver,https://upload.wikimedia.org/wikipedia/en/5/5e/Peter_Collins_car_racer.jpg?utm_source=en.wikipedia.org&utm_campaign=api&utm_content=thumbnail_unscaled,British,,0,0,0,,1,3,0,2
Peter Whitehead,COOPER,Cooper,COOPER,1954,Driver,https://upload.wikimedia.org/wikipedia/commons/thumb/3/38/ERA_of_Peter_Whitehead%2C_1938_AGP.jpg/330px-ERA_of_Peter_Whitehead%2C_1938_AGP.jpg?utm_source=en.wikipedia.org&utm_campaign=api&utm_content=thumbnail,British,,0,0,0,,0,1,0,1
Piero Taruffi,FERRARI,Ferrari,FERRARI,1954,Driver,https://upload.wikimedia.org/wikipedia/commons/thumb/8/8e/Piero_Taruffi.jpg/330px-Piero_Taruffi.jpg?utm_source=en.wikipedia.org&utm_campaign=api&utm_content=thumbnail,Italian,,0,0,0,,1,1,0,0
Hermann Lang,MERCEDES,Mercedes,MERCEDES,1954,Driver,https://upload.wikimedia.org/wikipedia/commons/thumb/5/5b/Hermann_Lang_El_Gr%C3%A1fico.jpg/330px-Hermann_Lang_El_Gr%C3%A1fico.jpg?utm_source=en.wikipedia.org&utm_campaign=api&utm_content=thumbnail,German,,0,0,0,,0,1,0,1
Theo Helfrich,KLENK,Klenk,KLENK,1954,Driver,https://upload.wikimedia.org/wikipedia/commons/thumb/2/20/Fotothek_df_roe-neg_0006640_013_Portrait_eines_Automobilrennfahrers_in_seinem_Wa.jpg/330px-Fotothek_df_roe-neg_0006640_013_Portrait_eines_Automobilrennfahrers_in_seinem_Wa.jpg?utm_source=en.wikipedia.org&utm_campaign=api&utm_content=thumbnail,German,,0,0,0,,0,1,0,1
Fred Wacker,GORDINI,Gordini,GORDINI,1954,Driver,https://upload.wikimedia.org/wikipedia/commons/thumb/1/19/Cunningham_C2-R_no_5103%2C_front_right_%28Greenwich_2018%29.jpg/330px-Cunningham_C2-R_no_5103%2C_front_right_%28Greenwich_2018%29.jpg?utm_source=en.wikipedia.org&utm_campaign=api&utm_content=thumbnail,American,,0,0,0,,1,2,0,1
Juan Fangio,MERCEDES,Mercedes,MERCEDES,1955,Driver,https://upload.wikimedia.org/wikipedia/commons/thumb/2/20/Fangio_in_1955_%28cropped%29.jpg/330px-Fangio_in_1955_%28cropped%29.jpg?utm_source=en.wikipedia.org&utm_campaign=api&utm_content=thumbnail,Argentine,1,4,5,3,,5,6,1,1
Nino Farina,FERRARI,Ferrari,FERRARI,1955,Driver,https://upload.wikimedia.org/wikipedia/commons/thumb/d/d0/Giuseppe_Farina_-_El_Gr%C3%A1fico_1750.jpg/330px-Giuseppe_Farina_-_El_Gr%C3%A1fico_1750.jpg?utm_source=en.wikipedia.org&utm_campaign=api&utm_content=thumbnail,Italian,5,0,3,1,,4,5,0,1
José Froilán González,FERRARI,Ferrari,FERRARI,1955,Driver,https://upload.wikimedia.org/wikipedia/commons/thumb/5/51/Jos%C3%A9_Froil%C3%A1n_Gonz%C3%A1lez_1950.jpg/330px-Jos%C3%A9_Froil%C3%A1n_Gonz%C3%A1lez_1950.jpg?utm_source=en.wikipedia.org&utm_campaign=api&utm_content=thumbnail,Argentine,17,0,1,1,,1,1,0,0
Maurice Trintignant,FERRARI,Ferrari,FERRARI,1955,Driver,https://upload.wikimedia.org/wikipedia/commons/thumb/3/35/Maurice_Trintignant_-_El_Gr%C3%A1fico_1801.jpg/330px-Maurice_Trintignant_-_El_Gr%C3%A1fico_1801.jpg?utm_source=en.wikipedia.org&utm_campaign=api&utm_content=thumbnail,French,4,1,3,1,,5,8,0,3
Umberto Maglioli,FERRARI,Ferrari,FERRARI,1955,Driver,https://upload.wikimedia.org/wikipedia/commons/4/41/Umberto_Maglioli.jpg?utm_source=en.wikipedia.org&utm_campaign=api&utm_content=thumbnail_unscaled,Italian,21,0,1,0,,2,2,0,0
Hans Herrmann,MERCEDES,Mercedes,MERCEDES,1955,Driver,https://upload.wikimedia.org/wikipedia/commons/thumb/1/1b/Hans_Herrmann_%282011%29.jpg/330px-Hans_Herrmann_%282011%29.jpg?utm_source=en.wikipedia.org&utm_campaign=api&utm_content=thumbnail,German,22,0,0,0,,1,1,0,0
Stirling Moss,MERCEDES,Mercedes,MERCEDES,1955,Driver,https://upload.wikimedia.org/wikipedia/commons/thumb/b/b4/Stirling_Moss.jpg/330px-Stirling_Moss.jpg?utm_source=en.wikipedia.org&utm_campaign=api&utm_content=thumbnail,British,2,1,3,1,,5,7,0,2
Karl Kling,MERCEDES,Mercedes,MERCEDES,1955,Driver,https://upload.wikimedia.org/wikipedia/commons/thumb/a/ad/Karl_Kling_El_Gr%C3%A1fico.jpg/330px-Karl_Kling_El_Gr%C3%A1fico.jpg?utm_source=en.wikipedia.org&utm_campaign=api&utm_content=thumbnail,German,11,0,1,0,,2,6,0,4
Roberto Mieres,MASERATI,Maserati,MASERATI,1955,Driver,https://upload.wikimedia.org/wikipedia/commons/thumb/2/23/Roberto_Mieres_-_El_Gr%C3%A1fico_1770.jpg/330px-Roberto_Mieres_-_El_Gr%C3%A1fico_1770.jpg?utm_source=en.wikipedia.org&utm_campaign=api&utm_content=thumbnail,Argentine,8,0,0,0,,4,6,0,2
Harry Schell,MASERATI,Maserati,MASERATI|VANWALL|FERRARI,1955,Driver,https://upload.wikimedia.org/wikipedia/en/3/32/Harry_Schell_Sebring_1959.jpg?utm_source=en.wikipedia.org&utm_campaign=api&utm_content=thumbnail_unscaled,American,,0,0,0,,3,8,0,5
Jean Behra,MASERATI,Maserati,MASERATI,1955,Driver,https://upload.wikimedia.org/wikipedia/commons/thumb/3/3e/Jean_Behra_-_El_Gr%C3%A1fico_1953.jpg/330px-Jean_Behra_-_El_Gr%C3%A1fico_1953.jpg?utm_source=en.wikipedia.org&utm_campaign=api&utm_content=thumbnail,French,9,0,1,0,,5,10,0,5
Luigi Musso,MASERATI,Maserati,MASERATI,1955,Driver,https://upload.wikimedia.org/wikipedia/commons/8/8b/Luigi_Musso.jpg?utm_source=en.wikipedia.org&utm_campaign=api&utm_content=thumbnail_unscaled,Italian,10,0,1,0,,4,7,0,3
Sergio Mantovani,MASERATI,Maserati,MASERATI,1955,Driver,https://upload.wikimedia.org/wikipedia/commons/thumb/4/44/SergioMantovani-AlfaRomeo.png/330px-SergioMantovani-AlfaRomeo.png?utm_source=en.wikipedia.org&utm_campaign=api&utm_content=thumbnail,Italian,,0,0,0,,1,2,0,1
Carlos Menditeguy,MASERATI,Maserati,MASERATI,1955,Driver,https://upload.wikimedia.org/wikipedia/commons/thumb/3/3f/Carlos_Menditeguy_-_El_Gr%C3%A1fico_1805.jpg/330px-Carlos_Menditeguy_-_El_Gr%C3%A1fico_1805.jpg?utm_source=en.wikipedia.org&utm_campaign=api&utm_content=thumbnail,Argentine,19,0,0,0,,1,3,0,2
Clemar Bucci,MASERATI,Maserati,MASERATI,1955,Driver,https://upload.wikimedia.org/wikipedia/commons/thumb/f/f3/Clemar_Bucci.jpg/330px-Clemar_Bucci.jpg?utm_source=en.wikipedia.org&utm_campaign=api&utm_content=thumbnail,Argentine,,0,0,0,,0,1,0,1
Jesús Iglesias,GORDINI,Gordini,GORDINI,1955,Driver,https://upload.wikimedia.org/wikipedia/commons/thumb/6/68/Jes%C3%BAs_Ricardo_Iglesias_-_El_Gr%C3%A1fico_1687.jpg/330px-Jes%C3%BAs_Ricardo_Iglesias_-_El_Gr%C3%A1fico_1687.jpg?utm_source=en.wikipedia.org&utm_campaign=api&utm_content=thumbnail,Argentine,,0,0,0,,0,1,0,1
Eugenio Castellotti,FERRARI,Ferrari,FERRARI|LANCIA,1955,Driver,https://upload.wikimedia.org/wikipedia/commons/7/75/Eugenio_Castellotti.jpg?utm_source=en.wikipedia.org&utm_campaign=api&utm_content=thumbnail_unscaled,Italian,3,0,2,1,,4,7,0,3
Luigi Villoresi,LANCIA,Lancia,LANCIA|FERRARI,1955,Driver,https://upload.wikimedia.org/wikipedia/commons/thumb/d/dd/Luis_Villoresi_-_El_Gr%C3%A1fico_1442.jpg/330px-Luis_Villoresi_-_El_Gr%C3%A1fico_1442.jpg?utm_source=en.wikipedia.org&utm_campaign=api&utm_content=thumbnail,Italian,20,0,0,0,,1,4,0,3
Alberto Ascari,LANCIA,Lancia,LANCIA,1955,Driver,https://upload.wikimedia.org/wikipedia/commons/thumb/6/69/Ascari_last_photo_in_car.jpg/330px-Ascari_last_photo_in_car.jpg?utm_source=en.wikipedia.org&utm_campaign=api&utm_content=thumbnail,Italian,,0,0,0,,0,2,0,2
Pablo Birger,GORDINI,Gordini,GORDINI,1955,Driver,https://upload.wikimedia.org/wikipedia/commons/thumb/1/1b/Pablo_Birger_-_El_Gr%C3%A1fico_1706.jpg/330px-Pablo_Birger_-_El_Gr%C3%A1fico_1706.jpg?utm_source=en.wikipedia.org&utm_campaign=api&utm_content=thumbnail,Argentine,,0,0,0,,0,1,0,1
Cesare Perdisa,MASERATI,Maserati,MASERATI,1955,Driver,https://upload.wikimedia.org/wikipedia/en/f/f6/Portrait_of_Cesare_Perdisa.jpg?utm_source=en.wikipedia.org&utm_campaign=api&utm_content=thumbnail_unscaled,Italian,18,0,1,0,,2,3,0,1
Louis Chiron,LANCIA,Lancia,LANCIA,1955,Driver,https://upload.wikimedia.org/wikipedia/commons/thumb/d/d8/Louis_Chiron_1931bw.jpg/330px-Louis_Chiron_1931bw.jpg?utm_source=en.wikipedia.org&utm_campaign=api&utm_content=thumbnail,Monegasque,,0,0,0,,1,1,0,0
Paul Frère,FERRARI,Ferrari,FERRARI,1955,Driver,https://upload.wikimedia.org/wikipedia/commons/thumb/5/56/2003-04-26_Paul_Fr%C3%A8re_Cfs.JPG/330px-2003-04-26_Paul_Fr%C3%A8re_Cfs.JPG?utm_source=en.wikipedia.org&utm_campaign=api&utm_content=thumbnail,Belgian,15,0,0,0,,2,2,0,0
Piero Taruffi,FERRARI,Ferrari,FERRARI|MERCEDES,1955,Driver,https://upload.wikimedia.org/wikipedia/commons/thumb/8/8e/Piero_Taruffi.jpg/330px-Piero_Taruffi.jpg?utm_source=en.wikipedia.org&utm_campaign=api&utm_content=thumbnail,Italian,6,0,1,0,,3,4,0,1
Mike Hawthorn,FERRARI,Ferrari,FERRARI|VANWALL,1955,Driver,https://upload.wikimedia.org/wikipedia/en/9/99/Mike_Hawthorn.jpg?utm_source=en.wikipedia.org&utm_campaign=api&utm_content=thumbnail_unscaled,British,,0,0,0,,3,5,0,2
Louis Rosier,MASERATI,Maserati,MASERATI,1955,Driver,https://upload.wikimedia.org/wikipedia/en/7/7e/Louis_Rosier.jpg?utm_source=en.wikipedia.org&utm_campaign=api&utm_content=thumbnail_unscaled,French,,0,0,0,,2,3,0,1
Paul Russo,KURTIS_KRAFT,Kurtis Kraft,KURTIS_KRAFT,1955,Driver,https://upload.wikimedia.org/wikipedia/commons/thumb/8/81/Paul_Russo_1947.jpg/330px-Paul_Russo_1947.jpg?utm_source=en.wikipedia.org&utm_campaign=api&utm_content=thumbnail,American,14,0,1,0,,1,1,0,0
Tony Bettenhausen,KURTIS_KRAFT,Kurtis Kraft,KURTIS_KRAFT,1955,Driver,https://upload.wikimedia.org/wikipedia/commons/thumb/1/15/Tony_Bettenhausen_circa_1952.jpg/330px-Tony_Bettenhausen_circa_1952.jpg?utm_source=en.wikipedia.org&utm_campaign=api&utm_content=thumbnail,American,13,0,1,0,,1,1,0,0
Jimmy Davies,KURTIS_KRAFT,Kurtis Kraft,KURTIS_KRAFT,1955,Driver,https://upload.wikimedia.org/wikipedia/commons/thumb/2/23/Jimmy_Davies_circa_1963.jpg/330px-Jimmy_Davies_circa_1963.jpg?utm_source=en.wikipedia.org&utm_campaign=api&utm_content=thumbnail,American,12,0,1,0,,1,1,0,0
Walt Faulkner,KURTIS_KRAFT,Kurtis Kraft,KURTIS_KRAFT,1955,Driver,https://upload.wikimedia.org/wikipedia/commons/thumb/2/2b/Walt_Faulkner_circa_1948.jpg/330px-Walt_Faulkner_circa_1948.jpg?utm_source=en.wikipedia.org&utm_campaign=api&utm_content=thumbnail,American,23,0,0,0,,1,1,0,0
Pat O'Connor,KURTIS_KRAFT,Kurtis Kraft,KURTIS_KRAFT,1955,Driver,https://upload.wikimedia.org/wikipedia/en/8/89/Pat_O_Connor-1958.png?utm_source=en.wikipedia.org&utm_campaign=api&utm_content=thumbnail_unscaled,American,,0,0,0,,1,1,0,0
Pat Flaherty,KURTIS_KRAFT,Kurtis Kraft,KURTIS_KRAFT,1955,Driver,https://upload.wikimedia.org/wikipedia/en/7/7e/PatFlaherty%28racingdriver%29Image.jpg?utm_source=en.wikipedia.org&utm_campaign=api&utm_content=thumbnail_unscaled,American,,0,0,0,,1,1,0,0
Duane Carter,KUZMA,Kuzma,KUZMA,1955,Driver,https://upload.wikimedia.org/wikipedia/commons/thumb/8/80/Duane_Carter_at_Soldier_Field_circa_1946.jpg/330px-Duane_Carter_at_Soldier_Field_circa_1946.jpg?utm_source=en.wikipedia.org&utm_campaign=api&utm_content=thumbnail,American,,0,0,0,,0,1,0,0
Don Freeland,PHILLIPS,Phillips,PHILLIPS,1955,Driver,https://upload.wikimedia.org/wikipedia/commons/thumb/6/6f/Don_Freeland_1953_%28cropped%29.jpg/330px-Don_Freeland_1953_%28cropped%29.jpg?utm_source=en.wikipedia.org&utm_campaign=api&utm_content=thumbnail,American,,0,0,0,,0,1,0,1
Sam Hanks,KURTIS_KRAFT,Kurtis Kraft,KURTIS_KRAFT,1955,Driver,https://upload.wikimedia.org/wikipedia/commons/thumb/4/4c/Sam_Hanks_USAC_circa_1957.jpg/330px-Sam_Hanks_USAC_circa_1957.jpg?utm_source=en.wikipedia.org&utm_campaign=api&utm_content=thumbnail,American,,0,0,0,,0,1,0,1
Keith Andrews,SCHROEDER,Schroeder,SCHROEDER,1955,Driver,https://upload.wikimedia.org/wikipedia/en/e/ec/Keith_Andrews_%28racing_driver%29.jpg?utm_source=en.wikipedia.org&utm_campaign=api&utm_content=thumbnail_unscaled,American,,0,0,0,,0,1,0,1
Johnnie Parsons,KURTIS_KRAFT,Kurtis Kraft,KURTIS_KRAFT,1955,Driver,https://upload.wikimedia.org/wikipedia/commons/thumb/a/a8/Johnnie_Parsons_USAC_circa_1957.jpg/330px-Johnnie_Parsons_USAC_circa_1957.jpg?utm_source=en.wikipedia.org&utm_campaign=api&utm_content=thumbnail,American,,0,0,0,,0,1,0,1
Jimmy Bryan,KUZMA,Kuzma,KUZMA,1955,Driver,https://upload.wikimedia.org/wikipedia/en/7/73/Portrait_of_Jimmy_Bryan.jpg?utm_source=en.wikipedia.org&utm_campaign=api&utm_content=thumbnail_unscaled,American,,0,0,0,,0,1,0,1
Bill Vukovich,KURTIS_KRAFT,Kurtis Kraft,KURTIS_KRAFT,1955,Driver,https://upload.wikimedia.org/wikipedia/commons/thumb/c/c3/Bill_Vukovich_1951.jpg/330px-Bill_Vukovich_1951.jpg?utm_source=en.wikipedia.org&utm_campaign=api&utm_content=thumbnail,American,25,0,0,0,,0,1,0,1
Jack McGrath,KURTIS_KRAFT,Kurtis Kraft,KURTIS_KRAFT,1955,Driver,https://upload.wikimedia.org/wikipedia/commons/thumb/4/44/Jack_McGrath_1951.jpg/330px-Jack_McGrath_1951.jpg?utm_source=en.wikipedia.org&utm_campaign=api&utm_content=thumbnail,American,,0,0,0,,0,1,0,1
Rodger Ward,KUZMA,Kuzma,KUZMA,1955,Driver,https://upload.wikimedia.org/wikipedia/commons/thumb/9/9d/Rodger_Ward_1950.jpg/330px-Rodger_Ward_1950.jpg?utm_source=en.wikipedia.org&utm_campaign=api&utm_content=thumbnail,American,,0,0,0,,0,1,0,1
Fred Agabashian,KURTIS_KRAFT,Kurtis Kraft,KURTIS_KRAFT,1955,Driver,https://upload.wikimedia.org/wikipedia/commons/thumb/8/85/Fred_Agabashian_1953_%28cropped%29.jpg/330px-Fred_Agabashian_1953_%28cropped%29.jpg?utm_source=en.wikipedia.org&utm_campaign=api&utm_content=thumbnail,American,,0,0,0,,0,1,0,1
Johnny Claes,MASERATI,Maserati,MASERATI|FERRARI,1955,Driver,https://upload.wikimedia.org/wikipedia/en/1/10/Johnny_Claes-1950.png?utm_source=en.wikipedia.org&utm_campaign=api&utm_content=thumbnail_unscaled,Belgian,,0,0,0,,0,2,0,1
Peter Walker,MASERATI,Maserati,MASERATI|CONNAUGHT,1955,Driver,https://upload.wikimedia.org/wikipedia/en/e/e5/Peter_Walker_%28racing_driver%29_nonfree.png?utm_source=en.wikipedia.org&utm_campaign=api&utm_content=thumbnail_unscaled,British,,0,0,0,,0,2,0,2
Mike Sparken,GORDINI,Gordini,GORDINI,1955,Driver,https://upload.wikimedia.org/wikipedia/commons/thumb/1/16/1955-02-27_Agadir_WINNER_Ferrari_750_0504M_Mike_Sparken.jpg/330px-1955-02-27_Agadir_WINNER_Ferrari_750_0504M_Mike_Sparken.jpg?utm_source=en.wikipedia.org&utm_campaign=api&utm_content=thumbnail,French,,0,0,0,,1,1,0,0
Lance Macklin,MASERATI,Maserati,MASERATI,1955,Driver,https://upload.wikimedia.org/wikipedia/en/6/6a/300_lance-macklin.jpg?utm_source=en.wikipedia.org&utm_campaign=api&utm_content=thumbnail_unscaled,British,,0,0,0,,1,1,0,0
Ken Wharton,VANWALL,Vanwall,VANWALL,1955,Driver,https://upload.wikimedia.org/wikipedia/en/4/40/Ken_Wharton_Motor_Sport_1953.jpg?utm_source=en.wikipedia.org&utm_campaign=api&utm_content=thumbnail_unscaled,British,,0,0,0,,1,2,0,1
Jack Brabham,COOPER,Cooper,COOPER,1955,Driver,https://upload.wikimedia.org/wikipedia/commons/thumb/e/e7/BrabhamJack1966B.jpg/330px-BrabhamJack1966B.jpg?utm_source=en.wikipedia.org&utm_campaign=api&utm_content=thumbnail,Australian,,0,0,0,,0,1,0,1
Peter Collins,MASERATI,Maserati,MASERATI,1955,Driver,https://upload.wikimedia.org/wikipedia/en/5/5e/Peter_Collins_car_racer.jpg?utm_source=en.wikipedia.org&utm_campaign=api&utm_content=thumbnail_unscaled,British,,0,0,0,,0,2,0,2
Roy Salvadori,MASERATI,Maserati,MASERATI,1955,Driver,https://upload.wikimedia.org/wikipedia/commons/thumb/3/3d/1958-03-22_Sebring_Roy_Salvadori_%28cropped2%29.jpg/330px-1958-03-22_Sebring_Roy_Salvadori_%28cropped2%29.jpg?utm_source=en.wikipedia.org&utm_campaign=api&utm_content=thumbnail,British,,0,0,0,,0,1,0,1
Tony Rolt,CONNAUGHT,Connaught,CONNAUGHT,1955,Driver,https://upload.wikimedia.org/wikipedia/commons/thumb/b/b3/Autoraces_te_Zandvoort._Tony_Rolt_met_zijn_Alfa_Romeo_onderaan_de_Hunzerug%2C_Bestanddeelnr_902-9012.jpg/330px-Autoraces_te_Zandvoort._Tony_Rolt_met_zijn_Alfa_Romeo_onderaan_de_Hunzerug%2C_Bestanddeelnr_902-9012.jpg?utm_source=en.wikipedia.org&utm_campaign=api&utm_content=thumbnail,British,,0,0,0,,0,1,0,1
Leslie Marr,CONNAUGHT,Connaught,CONNAUGHT,1955,Driver,https://upload.wikimedia.org/wikipedia/commons/thumb/9/9f/Leslie_Marr_with_painting_2019_%28cropped%29.jpg/330px-Leslie_Marr_with_painting_2019_%28cropped%29.jpg?utm_source=en.wikipedia.org&utm_campaign=api&utm_content=thumbnail,British,,0,0,0,,0,1,0,1
Juan Fangio,FERRARI,Ferrari,FERRARI,1956,Driver,https://upload.wikimedia.org/wikipedia/commons/thumb/2/20/Fangio_in_1955_%28cropped%29.jpg/330px-Fangio_in_1955_%28cropped%29.jpg?utm_source=en.wikipedia.org&utm_campaign=api&utm_content=thumbnail,Argentine,1,3,5,6,,8,10,1,2
Luigi Musso,FERRARI,Ferrari,FERRARI,1956,Driver,https://upload.wikimedia.org/wikipedia/commons/8/8b/Luigi_Musso.jpg?utm_source=en.wikipedia.org&utm_campaign=api&utm_content=thumbnail_unscaled,Italian,11,1,1,0,,1,4,0,3
Jean Behra,MASERATI,Maserati,MASERATI,1956,Driver,https://upload.wikimedia.org/wikipedia/commons/thumb/3/3e/Jean_Behra_-_El_Gr%C3%A1fico_1953.jpg/330px-Jean_Behra_-_El_Gr%C3%A1fico_1953.jpg?utm_source=en.wikipedia.org&utm_campaign=api&utm_content=thumbnail,French,4,0,5,0,,6,8,0,2
Mike Hawthorn,BRM,BRM,BRM|MASERATI|VANWALL,1956,Driver,https://upload.wikimedia.org/wikipedia/en/9/99/Mike_Hawthorn.jpg?utm_source=en.wikipedia.org&utm_campaign=api&utm_content=thumbnail_unscaled,British,12,0,1,0,,2,4,0,2
Olivier Gendebien,FERRARI,Ferrari,FERRARI,1956,Driver,https://upload.wikimedia.org/wikipedia/commons/thumb/1/17/Olivier_Gendebien%2C_1960s.jpg/330px-Olivier_Gendebien%2C_1960s.jpg?utm_source=en.wikipedia.org&utm_campaign=api&utm_content=thumbnail,Belgian,23,0,0,0,,1,2,0,1
Stirling Moss,MASERATI,Maserati,MASERATI,1956,Driver,https://upload.wikimedia.org/wikipedia/commons/thumb/b/b4/Stirling_Moss.jpg/330px-Stirling_Moss.jpg?utm_source=en.wikipedia.org&utm_campaign=api&utm_content=thumbnail,British,2,2,4,1,,5,9,0,4
Peter Collins,FERRARI,Ferrari,FERRARI,1956,Driver,https://upload.wikimedia.org/wikipedia/en/5/5e/Peter_Collins_car_racer.jpg?utm_source=en.wikipedia.org&utm_campaign=api&utm_content=thumbnail_unscaled,British,3,2,5,0,,5,8,0,3
Carlos Menditeguy,MASERATI,Maserati,MASERATI,1956,Driver,https://upload.wikimedia.org/wikipedia/commons/thumb/3/3f/Carlos_Menditeguy_-_El_Gr%C3%A1fico_1805.jpg/330px-Carlos_Menditeguy_-_El_Gr%C3%A1fico_1805.jpg?utm_source=en.wikipedia.org&utm_campaign=api&utm_content=thumbnail,Argentine,,0,0,0,,0,1,0,1
Eugenio Castellotti,FERRARI,Ferrari,FERRARI,1956,Driver,https://upload.wikimedia.org/wikipedia/commons/7/75/Eugenio_Castellotti.jpg?utm_source=en.wikipedia.org&utm_campaign=api&utm_content=thumbnail_unscaled,Italian,6,0,1,2,,4,9,0,5
José Froilán González,MASERATI,Maserati,MASERATI|VANWALL,1956,Driver,https://upload.wikimedia.org/wikipedia/commons/thumb/5/51/Jos%C3%A9_Froil%C3%A1n_Gonz%C3%A1lez_1950.jpg/330px-Jos%C3%A9_Froil%C3%A1n_Gonz%C3%A1lez_1950.jpg?utm_source=en.wikipedia.org&utm_campaign=api&utm_content=thumbnail,Argentine,,0,0,0,,0,2,0,2
André Pilette,GORDINI,Gordini,GORDINI|FERRARI,1956,Driver,https://upload.wikimedia.org/wikipedia/en/5/58/Andr%C3%A9_Pilette.jpg?utm_source=en.wikipedia.org&utm_campaign=api&utm_content=thumbnail_unscaled,Belgian,,0,0,0,,2,4,0,1
Cesare Perdisa,MASERATI,Maserati,MASERATI,1956,Driver,https://upload.wikimedia.org/wikipedia/en/f/f6/Portrait_of_Cesare_Perdisa.jpg?utm_source=en.wikipedia.org&utm_campaign=api&utm_content=thumbnail_unscaled,Italian,16,0,1,0,,4,5,0,1
Louis Rosier,MASERATI,Maserati,MASERATI,1956,Driver,https://upload.wikimedia.org/wikipedia/en/7/7e/Louis_Rosier.jpg?utm_source=en.wikipedia.org&utm_campaign=api&utm_content=thumbnail_unscaled,French,19,0,0,0,,3,5,0,2
Maurice Trintignant,VANWALL,Vanwall,VANWALL|BUGATTI,1956,Driver,https://upload.wikimedia.org/wikipedia/commons/thumb/3/35/Maurice_Trintignant_-_El_Gr%C3%A1fico_1801.jpg/330px-Maurice_Trintignant_-_El_Gr%C3%A1fico_1801.jpg?utm_source=en.wikipedia.org&utm_campaign=api&utm_content=thumbnail,French,,0,0,0,,0,5,0,5
Harry Schell,VANWALL,Vanwall,VANWALL|MASERATI,1956,Driver,https://upload.wikimedia.org/wikipedia/en/3/32/Harry_Schell_Sebring_1959.jpg?utm_source=en.wikipedia.org&utm_campaign=api&utm_content=thumbnail_unscaled,American,17,0,0,0,,2,7,0,5
Tony Brooks,BRM,BRM,BRM,1956,Driver,https://upload.wikimedia.org/wikipedia/en/8/8e/Tony_Brooks_1958_German_Grand_Prix.jpg?utm_source=en.wikipedia.org&utm_campaign=api&utm_content=thumbnail_unscaled,British,,0,0,0,,0,2,0,2
Louis Chiron,MASERATI,Maserati,MASERATI,1956,Driver,https://upload.wikimedia.org/wikipedia/commons/thumb/d/d8/Louis_Chiron_1931bw.jpg/330px-Louis_Chiron_1931bw.jpg?utm_source=en.wikipedia.org&utm_campaign=api&utm_content=thumbnail,Monegasque,,0,0,0,,0,1,0,1
Pat Flaherty,WATSON,Watson,WATSON,1956,Driver,https://upload.wikimedia.org/wikipedia/en/7/7e/PatFlaherty%28racingdriver%29Image.jpg?utm_source=en.wikipedia.org&utm_campaign=api&utm_content=thumbnail_unscaled,American,5,1,1,1,,1,1,0,0
Sam Hanks,KURTIS_KRAFT,Kurtis Kraft,KURTIS_KRAFT,1956,Driver,https://upload.wikimedia.org/wikipedia/commons/thumb/4/4c/Sam_Hanks_USAC_circa_1957.jpg/330px-Sam_Hanks_USAC_circa_1957.jpg?utm_source=en.wikipedia.org&utm_campaign=api&utm_content=thumbnail,American,7,0,1,0,,1,1,0,0
Don Freeland,PHILLIPS,Phillips,PHILLIPS,1956,Driver,https://upload.wikimedia.org/wikipedia/commons/thumb/6/6f/Don_Freeland_1953_%28cropped%29.jpg/330px-Don_Freeland_1953_%28cropped%29.jpg?utm_source=en.wikipedia.org&utm_campaign=api&utm_content=thumbnail,American,14,0,1,0,,1,1,0,0
Johnnie Parsons,KURTIS_KRAFT,Kurtis Kraft,KURTIS_KRAFT,1956,Driver,https://upload.wikimedia.org/wikipedia/commons/thumb/a/a8/Johnnie_Parsons_USAC_circa_1957.jpg/330px-Johnnie_Parsons_USAC_circa_1957.jpg?utm_source=en.wikipedia.org&utm_campaign=api&utm_content=thumbnail,American,18,0,0,0,,1,1,0,0
Dick Rathmann,KURTIS_KRAFT,Kurtis Kraft,KURTIS_KRAFT,1956,Driver,https://upload.wikimedia.org/wikipedia/commons/thumb/1/1e/Dick_Rathmann_USAC_circa_1957.jpg/330px-Dick_Rathmann_USAC_circa_1957.jpg?utm_source=en.wikipedia.org&utm_campaign=api&utm_content=thumbnail,American,24,0,0,0,,1,1,0,0
Rodger Ward,KURTIS_KRAFT,Kurtis Kraft,KURTIS_KRAFT,1956,Driver,https://upload.wikimedia.org/wikipedia/commons/thumb/9/9d/Rodger_Ward_1950.jpg/330px-Rodger_Ward_1950.jpg?utm_source=en.wikipedia.org&utm_campaign=api&utm_content=thumbnail,American,,0,0,0,,1,1,0,0
Fred Agabashian,KURTIS_KRAFT,Kurtis Kraft,KURTIS_KRAFT,1956,Driver,https://upload.wikimedia.org/wikipedia/commons/thumb/8/85/Fred_Agabashian_1953_%28cropped%29.jpg/330px-Fred_Agabashian_1953_%28cropped%29.jpg?utm_source=en.wikipedia.org&utm_campaign=api&utm_content=thumbnail,American,,0,0,0,,0,1,0,0
Pat O'Connor,KURTIS_KRAFT,Kurtis Kraft,KURTIS_KRAFT,1956,Driver,https://upload.wikimedia.org/wikipedia/en/8/89/Pat_O_Connor-1958.png?utm_source=en.wikipedia.org&utm_campaign=api&utm_content=thumbnail_unscaled,American,,0,0,0,,0,1,0,0
Jimmy Bryan,KUZMA,Kuzma,KUZMA,1956,Driver,https://upload.wikimedia.org/wikipedia/en/7/73/Portrait_of_Jimmy_Bryan.jpg?utm_source=en.wikipedia.org&utm_campaign=api&utm_content=thumbnail_unscaled,American,,0,0,0,,0,1,0,0
Johnnie Tolan,KURTIS_KRAFT,Kurtis Kraft,KURTIS_KRAFT,1956,Driver,https://upload.wikimedia.org/wikipedia/commons/thumb/2/28/Johnnie_Tolan_1950_%28cropped%29.jpg/330px-Johnnie_Tolan_1950_%28cropped%29.jpg?utm_source=en.wikipedia.org&utm_campaign=api&utm_content=thumbnail,American,,0,0,0,,0,1,0,1
Tony Bettenhausen,KURTIS_KRAFT,Kurtis Kraft,KURTIS_KRAFT,1956,Driver,https://upload.wikimedia.org/wikipedia/commons/thumb/1/15/Tony_Bettenhausen_circa_1952.jpg/330px-Tony_Bettenhausen_circa_1952.jpg?utm_source=en.wikipedia.org&utm_campaign=api&utm_content=thumbnail,American,,0,0,0,,0,1,0,1
Keith Andrews,KURTIS_KRAFT,Kurtis Kraft,KURTIS_KRAFT,1956,Driver,https://upload.wikimedia.org/wikipedia/en/e/ec/Keith_Andrews_%28racing_driver%29.jpg?utm_source=en.wikipedia.org&utm_campaign=api&utm_content=thumbnail_unscaled,American,,0,0,0,,0,1,0,1
Troy Ruttman,KURTIS_KRAFT,Kurtis Kraft,KURTIS_KRAFT,1956,Driver,https://upload.wikimedia.org/wikipedia/commons/thumb/8/8b/Troy_Ruttman_1951.jpg/330px-Troy_Ruttman_1951.jpg?utm_source=en.wikipedia.org&utm_campaign=api&utm_content=thumbnail,American,,0,0,0,,0,1,0,1
Paul Russo,KURTIS_KRAFT,Kurtis Kraft,KURTIS_KRAFT,1956,Driver,https://upload.wikimedia.org/wikipedia/commons/thumb/8/81/Paul_Russo_1947.jpg/330px-Paul_Russo_1947.jpg?utm_source=en.wikipedia.org&utm_campaign=api&utm_content=thumbnail,American,27,0,0,0,,0,1,0,1
Paul Frère,FERRARI,Ferrari,FERRARI,1956,Driver,https://upload.wikimedia.org/wikipedia/commons/thumb/5/56/2003-04-26_Paul_Fr%C3%A8re_Cfs.JPG/330px-2003-04-26_Paul_Fr%C3%A8re_Cfs.JPG?utm_source=en.wikipedia.org&utm_campaign=api&utm_content=thumbnail,Belgian,8,0,1,0,,1,1,0,0
Luigi Villoresi,MASERATI,Maserati,MASERATI,1956,Driver,https://upload.wikimedia.org/wikipedia/commons/thumb/d/dd/Luis_Villoresi_-_El_Gr%C3%A1fico_1442.jpg/330px-Luis_Villoresi_-_El_Gr%C3%A1fico_1442.jpg?utm_source=en.wikipedia.org&utm_campaign=api&utm_content=thumbnail,Italian,20,0,0,0,,2,5,0,3
Piero Scotti,CONNAUGHT,Connaught,CONNAUGHT,1956,Driver,https://upload.wikimedia.org/wikipedia/commons/thumb/f/fe/1952-08-31_Maloja_Ferrari_340_0196A_Scotti.jpg/330px-1952-08-31_Maloja_Ferrari_340_0196A_Scotti.jpg?utm_source=en.wikipedia.org&utm_campaign=api&utm_content=thumbnail,Italian,,0,0,0,,0,1,0,1
Alfonso de Portago,FERRARI,Ferrari,FERRARI,1956,Driver,https://upload.wikimedia.org/wikipedia/commons/thumb/1/16/Alfonso%2C_Marquess_of_Portago.jpg/330px-Alfonso%2C_Marquess_of_Portago.jpg?utm_source=en.wikipedia.org&utm_campaign=api&utm_content=thumbnail,Spanish,15,0,1,0,,2,5,0,3
Bob Gerard,COOPER,Cooper,COOPER,1956,Driver,https://upload.wikimedia.org/wikipedia/en/c/c4/Portrait_of_Bob_Gerard.jpg?utm_source=en.wikipedia.org&utm_campaign=api&utm_content=thumbnail_unscaled,British,,0,0,0,,0,1,0,0
Roy Salvadori,MASERATI,Maserati,MASERATI,1956,Driver,https://upload.wikimedia.org/wikipedia/commons/thumb/3/3d/1958-03-22_Sebring_Roy_Salvadori_%28cropped2%29.jpg/330px-1958-03-22_Sebring_Roy_Salvadori_%28cropped2%29.jpg?utm_source=en.wikipedia.org&utm_campaign=api&utm_content=thumbnail,British,,0,0,0,,0,3,0,2
Umberto Maglioli,MASERATI,Maserati,MASERATI,1956,Driver,https://upload.wikimedia.org/wikipedia/commons/4/41/Umberto_Maglioli.jpg?utm_source=en.wikipedia.org&utm_campaign=api&utm_content=thumbnail_unscaled,Italian,,0,0,0,,0,3,0,3
Archie Scott Brown,CONNAUGHT,Connaught,CONNAUGHT,1956,Driver,https://upload.wikimedia.org/wikipedia/en/e/e0/Archie_Scott_Brown_nonfree.jpg?utm_source=en.wikipedia.org&utm_campaign=api&utm_content=thumbnail_unscaled,British,,0,0,0,,0,1,0,1
Jack Brabham,MASERATI,Maserati,MASERATI,1956,Driver,https://upload.wikimedia.org/wikipedia/commons/thumb/e/e7/BrabhamJack1966B.jpg/330px-BrabhamJack1966B.jpg?utm_source=en.wikipedia.org&utm_campaign=api&utm_content=thumbnail,Australian,,0,0,0,,0,1,0,1
Ron Flockhart,BRM,BRM,BRM|CONNAUGHT,1956,Driver,https://upload.wikimedia.org/wikipedia/en/7/78/Ron_Flockhart_%28racing_driver%29_resize.jpg?utm_source=en.wikipedia.org&utm_campaign=api&utm_content=thumbnail_unscaled,British,13,0,1,0,,1,2,0,1
Giorgio Scarlatti,FERRARI,Ferrari,FERRARI,1956,Driver,https://upload.wikimedia.org/wikipedia/commons/thumb/9/9e/1957-08-18_Pescara_GP_Maserati_250_Scarlatti.jpg/330px-1957-08-18_Pescara_GP_Maserati_250_Scarlatti.jpg?utm_source=en.wikipedia.org&utm_campaign=api&utm_content=thumbnail,Italian,,0,0,0,,0,1,0,1
Toulo de Graffenried,MASERATI,Maserati,MASERATI,1956,Driver,https://upload.wikimedia.org/wikipedia/commons/7/77/Toulo_de_Graffenried.gif?utm_source=en.wikipedia.org&utm_campaign=api&utm_content=thumbnail_unscaled,Swiss,,0,0,0,,1,1,0,0
Piero Taruffi,VANWALL,Vanwall,VANWALL,1956,Driver,https://upload.wikimedia.org/wikipedia/commons/thumb/8/8e/Piero_Taruffi.jpg/330px-Piero_Taruffi.jpg?utm_source=en.wikipedia.org&utm_campaign=api&utm_content=thumbnail,Italian,,0,0,0,,0,1,0,1
Jo Bonnier,MASERATI,Maserati,MASERATI,1956,Driver,https://upload.wikimedia.org/wikipedia/commons/thumb/f/f9/BonnierJo196608.jpg/330px-BonnierJo196608.jpg?utm_source=en.wikipedia.org&utm_campaign=api&utm_content=thumbnail,Swedish,,0,0,0,,0,1,0,1
Wolfgang von Trips,FERRARI,Ferrari,FERRARI,1956,Driver,https://upload.wikimedia.org/wikipedia/commons/thumb/f/f1/Wolfgang_von_Trips_in_1957.JPG/330px-Wolfgang_von_Trips_in_1957.JPG?utm_source=en.wikipedia.org&utm_campaign=api&utm_content=thumbnail,German,,0,0,0,,0,1,0,1
Juan Fangio,MASERATI,Maserati,MASERATI,1957,Driver,https://upload.wikimedia.org/wikipedia/commons/thumb/2/20/Fangio_in_1955_%28cropped%29.jpg/330px-Fangio_in_1955_%28cropped%29.jpg?utm_source=en.wikipedia.org&utm_campaign=api&utm_content=thumbnail,Argentine,1,4,6,4,,6,7,1,1
Jean Behra,MASERATI,Maserati,MASERATI,1957,Driver,https://upload.wikimedia.org/wikipedia/commons/thumb/3/3e/Jean_Behra_-_El_Gr%C3%A1fico_1953.jpg/330px-Jean_Behra_-_El_Gr%C3%A1fico_1953.jpg?utm_source=en.wikipedia.org&utm_campaign=api&utm_content=thumbnail,French,11,0,1,0,,3,6,0,3
Carlos Menditeguy,MASERATI,Maserati,MASERATI,1957,Driver,https://upload.wikimedia.org/wikipedia/commons/thumb/3/3f/Carlos_Menditeguy_-_El_Gr%C3%A1fico_1805.jpg/330px-Carlos_Menditeguy_-_El_Gr%C3%A1fico_1805.jpg?utm_source=en.wikipedia.org&utm_campaign=api&utm_content=thumbnail,Argentine,15,0,1,0,,1,4,0,3
Harry Schell,MASERATI,Maserati,MASERATI,1957,Driver,https://upload.wikimedia.org/wikipedia/en/3/32/Harry_Schell_Sebring_1959.jpg?utm_source=en.wikipedia.org&utm_campaign=api&utm_content=thumbnail_unscaled,American,7,0,1,0,,5,9,0,4
Alfonso de Portago,FERRARI,Ferrari,FERRARI,1957,Driver,https://upload.wikimedia.org/wikipedia/commons/thumb/1/16/Alfonso%2C_Marquess_of_Portago.jpg/330px-Alfonso%2C_Marquess_of_Portago.jpg?utm_source=en.wikipedia.org&utm_campaign=api&utm_content=thumbnail,Spanish,22,0,0,0,,1,1,0,0
José Froilán González,FERRARI,Ferrari,FERRARI,1957,Driver,https://upload.wikimedia.org/wikipedia/commons/thumb/5/51/Jos%C3%A9_Froil%C3%A1n_Gonz%C3%A1lez_1950.jpg/330px-Jos%C3%A9_Froil%C3%A1n_Gonz%C3%A1lez_1950.jpg?utm_source=en.wikipedia.org&utm_campaign=api&utm_content=thumbnail,Argentine,21,0,0,0,,1,1,0,0
Wolfgang von Trips,FERRARI,Ferrari,FERRARI,1957,Driver,https://upload.wikimedia.org/wikipedia/commons/thumb/f/f1/Wolfgang_von_Trips_in_1957.JPG/330px-Wolfgang_von_Trips_in_1957.JPG?utm_source=en.wikipedia.org&utm_campaign=api&utm_content=thumbnail,German,14,0,1,0,,2,3,0,1
Peter Collins,FERRARI,Ferrari,FERRARI,1957,Driver,https://upload.wikimedia.org/wikipedia/en/5/5e/Peter_Collins_car_racer.jpg?utm_source=en.wikipedia.org&utm_campaign=api&utm_content=thumbnail_unscaled,British,9,0,2,0,,4,8,0,4
Cesare Perdisa,FERRARI,Ferrari,FERRARI,1957,Driver,https://upload.wikimedia.org/wikipedia/en/f/f6/Portrait_of_Cesare_Perdisa.jpg?utm_source=en.wikipedia.org&utm_campaign=api&utm_content=thumbnail_unscaled,Italian,,0,0,0,,1,1,0,0
Jo Bonnier,MASERATI,Maserati,MASERATI,1957,Driver,https://upload.wikimedia.org/wikipedia/commons/thumb/f/f9/BonnierJo196608.jpg/330px-BonnierJo196608.jpg?utm_source=en.wikipedia.org&utm_campaign=api&utm_content=thumbnail,Swedish,,0,0,0,,1,4,0,3
Stirling Moss,VANWALL,Vanwall,VANWALL|MASERATI,1957,Driver,https://upload.wikimedia.org/wikipedia/commons/thumb/b/b4/Stirling_Moss.jpg/330px-Stirling_Moss.jpg?utm_source=en.wikipedia.org&utm_campaign=api&utm_content=thumbnail,British,2,3,3,2,,5,7,0,2
Alessandro de Tomaso,FERRARI,Ferrari,FERRARI,1957,Driver,https://upload.wikimedia.org/wikipedia/commons/thumb/9/95/Alejandro_detomaso.jpg/330px-Alejandro_detomaso.jpg?utm_source=en.wikipedia.org&utm_campaign=api&utm_content=thumbnail,Argentine,,0,0,0,,1,1,0,0
Eugenio Castellotti,FERRARI,Ferrari,FERRARI,1957,Driver,https://upload.wikimedia.org/wikipedia/commons/7/75/Eugenio_Castellotti.jpg?utm_source=en.wikipedia.org&utm_campaign=api&utm_content=thumbnail_unscaled,Italian,,0,0,0,,0,1,0,1
Mike Hawthorn,FERRARI,Ferrari,FERRARI,1957,Driver,https://upload.wikimedia.org/wikipedia/en/9/99/Mike_Hawthorn.jpg?utm_source=en.wikipedia.org&utm_campaign=api&utm_content=thumbnail_unscaled,British,4,0,2,0,,4,7,0,3
Luigi Musso,FERRARI,Ferrari,FERRARI,1957,Driver,https://upload.wikimedia.org/wikipedia/commons/8/8b/Luigi_Musso.jpg?utm_source=en.wikipedia.org&utm_campaign=api&utm_content=thumbnail_unscaled,Italian,3,0,2,0,,4,6,0,2
Tony Brooks,VANWALL,Vanwall,VANWALL,1957,Driver,https://upload.wikimedia.org/wikipedia/en/8/8e/Tony_Brooks_1958_German_Grand_Prix.jpg?utm_source=en.wikipedia.org&utm_campaign=api&utm_content=thumbnail_unscaled,British,5,1,2,1,,4,6,0,2
Masten Gregory,MASERATI,Maserati,MASERATI,1957,Driver,https://upload.wikimedia.org/wikipedia/commons/thumb/2/2c/GregoryMasten1965.jpg/330px-GregoryMasten1965.jpg?utm_source=en.wikipedia.org&utm_campaign=api&utm_content=thumbnail,American,6,0,1,0,,4,4,0,0
Stuart Lewis-Evans,VANWALL,Vanwall,VANWALL|CONNAUGHT,1957,Driver,https://upload.wikimedia.org/wikipedia/en/e/e5/Stuart_Lewis-Evans_1958_Italian_Grand_Prix.jpg?utm_source=en.wikipedia.org&utm_campaign=api&utm_content=thumbnail_unscaled,British,12,0,0,1,,3,6,0,3
Maurice Trintignant,FERRARI,Ferrari,FERRARI,1957,Driver,https://upload.wikimedia.org/wikipedia/commons/thumb/3/35/Maurice_Trintignant_-_El_Gr%C3%A1fico_1801.jpg/330px-Maurice_Trintignant_-_El_Gr%C3%A1fico_1801.jpg?utm_source=en.wikipedia.org&utm_campaign=api&utm_content=thumbnail,French,13,0,0,0,,2,3,0,1
Jack Brabham,COOPER,Cooper,COOPER,1957,Driver,https://upload.wikimedia.org/wikipedia/commons/thumb/e/e7/BrabhamJack1966B.jpg/330px-BrabhamJack1966B.jpg?utm_source=en.wikipedia.org&utm_campaign=api&utm_content=thumbnail,Australian,,0,0,0,,3,6,0,3
Giorgio Scarlatti,MASERATI,Maserati,MASERATI,1957,Driver,https://upload.wikimedia.org/wikipedia/commons/thumb/9/9e/1957-08-18_Pescara_GP_Maserati_250_Scarlatti.jpg/330px-1957-08-18_Pescara_GP_Maserati_250_Scarlatti.jpg?utm_source=en.wikipedia.org&utm_campaign=api&utm_content=thumbnail,Italian,20,0,0,0,,3,4,0,1
Ron Flockhart,BRM,BRM,BRM,1957,Driver,https://upload.wikimedia.org/wikipedia/en/7/78/Ron_Flockhart_%28racing_driver%29_resize.jpg?utm_source=en.wikipedia.org&utm_campaign=api&utm_content=thumbnail_unscaled,British,,0,0,0,,0,2,0,2
Ivor Bueb,CONNAUGHT,Connaught,CONNAUGHT|MASERATI,1957,Driver,https://upload.wikimedia.org/wikipedia/en/3/30/Ivor-bueb-4_resize.jpg?utm_source=en.wikipedia.org&utm_campaign=api&utm_content=thumbnail_unscaled,British,,0,0,0,,1,2,0,1
Sam Hanks,EPPERLY,Epperly,EPPERLY,1957,Driver,https://upload.wikimedia.org/wikipedia/commons/thumb/4/4c/Sam_Hanks_USAC_circa_1957.jpg/330px-Sam_Hanks_USAC_circa_1957.jpg?utm_source=en.wikipedia.org&utm_campaign=api&utm_content=thumbnail,American,8,1,1,0,,1,1,0,0
Jimmy Bryan,KUZMA,Kuzma,KUZMA,1957,Driver,https://upload.wikimedia.org/wikipedia/en/7/73/Portrait_of_Jimmy_Bryan.jpg?utm_source=en.wikipedia.org&utm_campaign=api&utm_content=thumbnail_unscaled,American,16,0,1,0,,1,1,0,0
Paul Russo,KURTIS_KRAFT,Kurtis Kraft,KURTIS_KRAFT,1957,Driver,https://upload.wikimedia.org/wikipedia/commons/thumb/8/81/Paul_Russo_1947.jpg/330px-Paul_Russo_1947.jpg?utm_source=en.wikipedia.org&utm_campaign=api&utm_content=thumbnail,American,17,0,0,0,,1,1,0,0
Marshall Teague,KURTIS_KRAFT,Kurtis Kraft,KURTIS_KRAFT,1957,Driver,https://upload.wikimedia.org/wikipedia/commons/thumb/4/49/Marshall_Teague_USAC_circa_1957.jpg/330px-Marshall_Teague_USAC_circa_1957.jpg?utm_source=en.wikipedia.org&utm_campaign=api&utm_content=thumbnail,American,,0,0,0,,1,1,0,0
Pat O'Connor,KURTIS_KRAFT,Kurtis Kraft,KURTIS_KRAFT,1957,Driver,https://upload.wikimedia.org/wikipedia/en/8/89/Pat_O_Connor-1958.png?utm_source=en.wikipedia.org&utm_campaign=api&utm_content=thumbnail_unscaled,American,,0,0,1,,1,1,0,0
Tony Bettenhausen,KURTIS_KRAFT,Kurtis Kraft,KURTIS_KRAFT,1957,Driver,https://upload.wikimedia.org/wikipedia/commons/thumb/1/15/Tony_Bettenhausen_circa_1952.jpg/330px-Tony_Bettenhausen_circa_1952.jpg?utm_source=en.wikipedia.org&utm_campaign=api&utm_content=thumbnail,American,,0,0,0,,0,1,0,0
Johnnie Parsons,KURTIS_KRAFT,Kurtis Kraft,KURTIS_KRAFT,1957,Driver,https://upload.wikimedia.org/wikipedia/commons/thumb/a/a8/Johnnie_Parsons_USAC_circa_1957.jpg/330px-Johnnie_Parsons_USAC_circa_1957.jpg?utm_source=en.wikipedia.org&utm_campaign=api&utm_content=thumbnail,American,,0,0,0,,0,1,0,0
Don Freeland,KURTIS_KRAFT,Kurtis Kraft,KURTIS_KRAFT,1957,Driver,https://upload.wikimedia.org/wikipedia/commons/thumb/6/6f/Don_Freeland_1953_%28cropped%29.jpg/330px-Don_Freeland_1953_%28cropped%29.jpg?utm_source=en.wikipedia.org&utm_campaign=api&utm_content=thumbnail,American,,0,0,0,,0,1,0,0
Johnnie Tolan,KURTIS_KRAFT,Kurtis Kraft,KURTIS_KRAFT,1957,Driver,https://upload.wikimedia.org/wikipedia/commons/thumb/2/28/Johnnie_Tolan_1950_%28cropped%29.jpg/330px-Johnnie_Tolan_1950_%28cropped%29.jpg?utm_source=en.wikipedia.org&utm_campaign=api&utm_content=thumbnail,American,,0,0,0,,0,1,0,1
Fred Agabashian,KURTIS_KRAFT,Kurtis Kraft,KURTIS_KRAFT,1957,Driver,https://upload.wikimedia.org/wikipedia/commons/thumb/8/85/Fred_Agabashian_1953_%28cropped%29.jpg/330px-Fred_Agabashian_1953_%28cropped%29.jpg?utm_source=en.wikipedia.org&utm_campaign=api&utm_content=thumbnail,American,,0,0,0,,0,1,0,1
Eddie Sachs,KUZMA,Kuzma,KUZMA,1957,Driver,https://upload.wikimedia.org/wikipedia/commons/thumb/e/e4/Eddie_Sachs.jpg/330px-Eddie_Sachs.jpg?utm_source=en.wikipedia.org&utm_campaign=api&utm_content=thumbnail,American,,0,0,0,,0,1,0,1
Rodger Ward,LESOVSKY,Lesovsky,LESOVSKY,1957,Driver,https://upload.wikimedia.org/wikipedia/commons/thumb/9/9d/Rodger_Ward_1950.jpg/330px-Rodger_Ward_1950.jpg?utm_source=en.wikipedia.org&utm_campaign=api&utm_content=thumbnail,American,,0,0,0,,0,1,0,1
Troy Ruttman,WATSON,Watson,WATSON,1957,Driver,https://upload.wikimedia.org/wikipedia/commons/thumb/8/8b/Troy_Ruttman_1951.jpg/330px-Troy_Ruttman_1951.jpg?utm_source=en.wikipedia.org&utm_campaign=api&utm_content=thumbnail,American,,0,0,0,,0,1,0,1
Roy Salvadori,COOPER,Cooper,COOPER|VANWALL,1957,Driver,https://upload.wikimedia.org/wikipedia/commons/thumb/3/3d/1958-03-22_Sebring_Roy_Salvadori_%28cropped2%29.jpg/330px-1958-03-22_Sebring_Roy_Salvadori_%28cropped2%29.jpg?utm_source=en.wikipedia.org&utm_campaign=api&utm_content=thumbnail,British,18,0,0,0,,1,4,0,3
Bob Gerard,COOPER,Cooper,COOPER,1957,Driver,https://upload.wikimedia.org/wikipedia/en/c/c4/Portrait_of_Bob_Gerard.jpg?utm_source=en.wikipedia.org&utm_campaign=api&utm_content=thumbnail_unscaled,British,,0,0,0,,1,1,0,0
Edgar Barth,PORSCHE,Porsche,PORSCHE,1957,Driver,https://upload.wikimedia.org/wikipedia/commons/thumb/3/3d/Edgar_Barth_podium_Nurburgring_1957.jpg/330px-Edgar_Barth_podium_Nurburgring_1957.jpg?utm_source=en.wikipedia.org&utm_campaign=api&utm_content=thumbnail,German,,0,0,0,,0,1,0,0
Carel Godin de Beaufort,PORSCHE,Porsche,PORSCHE,1957,Driver,https://upload.wikimedia.org/wikipedia/commons/thumb/f/f5/N._13_at_1962_Dutch_Grand_Prix_%282%29_%28cropped%29.jpg/330px-N._13_at_1962_Dutch_Grand_Prix_%282%29_%28cropped%29.jpg?utm_source=en.wikipedia.org&utm_campaign=api&utm_content=thumbnail,Dutch,,0,0,0,,0,1,0,0
Hans Herrmann,MASERATI,Maserati,MASERATI,1957,Driver,https://upload.wikimedia.org/wikipedia/commons/thumb/1/1b/Hans_Herrmann_%282011%29.jpg/330px-Hans_Herrmann_%282011%29.jpg?utm_source=en.wikipedia.org&utm_campaign=api&utm_content=thumbnail,German,,0,0,0,,0,1,0,1
Umberto Maglioli,PORSCHE,Porsche,PORSCHE,1957,Driver,https://upload.wikimedia.org/wikipedia/commons/4/41/Umberto_Maglioli.jpg?utm_source=en.wikipedia.org&utm_campaign=api&utm_content=thumbnail_unscaled,Italian,,0,0,0,,0,1,0,1
Stirling Moss,VANWALL,Vanwall,VANWALL|COOPER,1958,Driver,https://upload.wikimedia.org/wikipedia/commons/thumb/b/b4/Stirling_Moss.jpg/330px-Stirling_Moss.jpg?utm_source=en.wikipedia.org&utm_campaign=api&utm_content=thumbnail,British,2,4,5,3,,5,10,0,5
Luigi Musso,FERRARI,Ferrari,FERRARI,1958,Driver,https://upload.wikimedia.org/wikipedia/commons/8/8b/Luigi_Musso.jpg?utm_source=en.wikipedia.org&utm_campaign=api&utm_content=thumbnail_unscaled,Italian,8,0,2,0,,3,5,0,2
Mike Hawthorn,FERRARI,Ferrari,FERRARI,1958,Driver,https://upload.wikimedia.org/wikipedia/en/9/99/Mike_Hawthorn.jpg?utm_source=en.wikipedia.org&utm_campaign=api&utm_content=thumbnail_unscaled,British,1,1,7,4,,8,10,1,2
Juan Fangio,MASERATI,Maserati,MASERATI,1958,Driver,https://upload.wikimedia.org/wikipedia/commons/thumb/2/20/Fangio_in_1955_%28cropped%29.jpg/330px-Fangio_in_1955_%28cropped%29.jpg?utm_source=en.wikipedia.org&utm_campaign=api&utm_content=thumbnail,Argentine,14,0,0,1,,2,2,0,0
Jean Behra,BRM,BRM,BRM|MASERATI,1958,Driver,https://upload.wikimedia.org/wikipedia/commons/thumb/3/3e/Jean_Behra_-_El_Gr%C3%A1fico_1953.jpg/330px-Jean_Behra_-_El_Gr%C3%A1fico_1953.jpg?utm_source=en.wikipedia.org&utm_campaign=api&utm_content=thumbnail,French,12,0,1,0,,3,10,0,7
Harry Schell,BRM,BRM,BRM|MASERATI,1958,Driver,https://upload.wikimedia.org/wikipedia/en/3/32/Harry_Schell_Sebring_1959.jpg?utm_source=en.wikipedia.org&utm_campaign=api&utm_content=thumbnail_unscaled,American,6,0,1,0,,7,10,0,3
Carlos Menditeguy,MASERATI,Maserati,MASERATI,1958,Driver,https://upload.wikimedia.org/wikipedia/commons/thumb/3/3f/Carlos_Menditeguy_-_El_Gr%C3%A1fico_1805.jpg/330px-Carlos_Menditeguy_-_El_Gr%C3%A1fico_1805.jpg?utm_source=en.wikipedia.org&utm_campaign=api&utm_content=thumbnail,Argentine,,0,0,0,,1,1,0,0
Peter Collins,FERRARI,Ferrari,FERRARI,1958,Driver,https://upload.wikimedia.org/wikipedia/en/5/5e/Peter_Collins_car_racer.jpg?utm_source=en.wikipedia.org&utm_campaign=api&utm_content=thumbnail_unscaled,British,5,1,2,0,,3,7,0,4
Maurice Trintignant,COOPER,Cooper,COOPER|MASERATI|BRM,1958,Driver,https://upload.wikimedia.org/wikipedia/commons/thumb/3/35/Maurice_Trintignant_-_El_Gr%C3%A1fico_1801.jpg/330px-Maurice_Trintignant_-_El_Gr%C3%A1fico_1801.jpg?utm_source=en.wikipedia.org&utm_campaign=api&utm_content=thumbnail,French,7,1,2,0,,6,9,0,3
Jack Brabham,COOPER,Cooper,COOPER,1958,Driver,https://upload.wikimedia.org/wikipedia/commons/thumb/e/e7/BrabhamJack1966B.jpg/330px-BrabhamJack1966B.jpg?utm_source=en.wikipedia.org&utm_campaign=api&utm_content=thumbnail,Australian,18,0,0,0,,5,9,0,3
Cliff Allison,TEAM_LOTUS,Team Lotus,TEAM_LOTUS|MASERATI,1958,Driver,https://upload.wikimedia.org/wikipedia/commons/thumb/7/7b/J_Crosthwaite_%28with_oily_rag%29_and_Graham_Hill_%28on_left_of_picture%29_with_Lotus.jpg/330px-J_Crosthwaite_%28with_oily_rag%29_and_Graham_Hill_%28on_left_of_picture%29_with_Lotus.jpg?utm_source=en.wikipedia.org&utm_campaign=api&utm_content=thumbnail,British,19,0,0,0,,6,9,0,3
Wolfgang von Trips,FERRARI,Ferrari,FERRARI,1958,Driver,https://upload.wikimedia.org/wikipedia/commons/thumb/f/f1/Wolfgang_von_Trips_in_1957.JPG/330px-Wolfgang_von_Trips_in_1957.JPG?utm_source=en.wikipedia.org&utm_campaign=api&utm_content=thumbnail,German,11,0,1,0,,3,6,0,3
Jo Bonnier,MASERATI,Maserati,MASERATI|BRM,1958,Driver,https://upload.wikimedia.org/wikipedia/commons/thumb/f/f9/BonnierJo196608.jpg/330px-BonnierJo196608.jpg?utm_source=en.wikipedia.org&utm_campaign=api&utm_content=thumbnail,Swedish,20,0,0,0,,4,9,0,5
Graham Hill,TEAM_LOTUS,Team Lotus,TEAM_LOTUS,1958,Driver,https://upload.wikimedia.org/wikipedia/commons/thumb/f/fc/Graham_Hill_Bestanddeelnr_924-6564.jpg/330px-Graham_Hill_Bestanddeelnr_924-6564.jpg?utm_source=en.wikipedia.org&utm_campaign=api&utm_content=thumbnail,British,,0,0,0,,1,9,0,7
Roy Salvadori,COOPER,Cooper,COOPER,1958,Driver,https://upload.wikimedia.org/wikipedia/commons/thumb/3/3d/1958-03-22_Sebring_Roy_Salvadori_%28cropped2%29.jpg/330px-1958-03-22_Sebring_Roy_Salvadori_%28cropped2%29.jpg?utm_source=en.wikipedia.org&utm_campaign=api&utm_content=thumbnail,British,4,0,2,0,,7,9,0,1
Giorgio Scarlatti,MASERATI,Maserati,MASERATI,1958,Driver,https://upload.wikimedia.org/wikipedia/commons/thumb/9/9e/1957-08-18_Pescara_GP_Maserati_250_Scarlatti.jpg/330px-1957-08-18_Pescara_GP_Maserati_250_Scarlatti.jpg?utm_source=en.wikipedia.org&utm_campaign=api&utm_content=thumbnail,Italian,,0,0,0,,0,2,0,2
Tony Brooks,VANWALL,Vanwall,VANWALL,1958,Driver,https://upload.wikimedia.org/wikipedia/en/8/8e/Tony_Brooks_1958_German_Grand_Prix.jpg?utm_source=en.wikipedia.org&utm_campaign=api&utm_content=thumbnail_unscaled,British,3,3,3,1,,4,10,0,6
Stuart Lewis-Evans,VANWALL,Vanwall,VANWALL,1958,Driver,https://upload.wikimedia.org/wikipedia/en/e/e5/Stuart_Lewis-Evans_1958_Italian_Grand_Prix.jpg?utm_source=en.wikipedia.org&utm_campaign=api&utm_content=thumbnail_unscaled,British,9,0,2,1,,3,8,0,5
Carel Godin de Beaufort,PORSCHE,Porsche,PORSCHE,1958,Driver,https://upload.wikimedia.org/wikipedia/commons/thumb/f/f5/N._13_at_1962_Dutch_Grand_Prix_%282%29_%28cropped%29.jpg/330px-N._13_at_1962_Dutch_Grand_Prix_%282%29_%28cropped%29.jpg?utm_source=en.wikipedia.org&utm_campaign=api&utm_content=thumbnail,Dutch,,0,0,0,,0,2,0,1
Masten Gregory,MASERATI,Maserati,MASERATI,1958,Driver,https://upload.wikimedia.org/wikipedia/commons/thumb/2/2c/GregoryMasten1965.jpg/330px-GregoryMasten1965.jpg?utm_source=en.wikipedia.org&utm_campaign=api&utm_content=thumbnail,American,,0,0,0,,2,4,0,2
Jimmy Bryan,EPPERLY,Epperly,EPPERLY,1958,Driver,https://upload.wikimedia.org/wikipedia/en/7/73/Portrait_of_Jimmy_Bryan.jpg?utm_source=en.wikipedia.org&utm_campaign=api&utm_content=thumbnail_unscaled,American,13,1,1,0,,1,1,0,0
George Amick,EPPERLY,Epperly,EPPERLY,1958,Driver,https://upload.wikimedia.org/wikipedia/en/0/0d/George_Amick.jpg?utm_source=en.wikipedia.org&utm_campaign=api&utm_content=thumbnail_unscaled,American,15,0,1,0,,1,1,0,0
Tony Bettenhausen,EPPERLY,Epperly,EPPERLY,1958,Driver,https://upload.wikimedia.org/wikipedia/commons/thumb/1/15/Tony_Bettenhausen_circa_1952.jpg/330px-Tony_Bettenhausen_circa_1952.jpg?utm_source=en.wikipedia.org&utm_campaign=api&utm_content=thumbnail,American,17,0,0,0,,1,1,0,0
Don Freeland,PHILLIPS,Phillips,PHILLIPS,1958,Driver,https://upload.wikimedia.org/wikipedia/commons/thumb/6/6f/Don_Freeland_1953_%28cropped%29.jpg/330px-Don_Freeland_1953_%28cropped%29.jpg?utm_source=en.wikipedia.org&utm_campaign=api&utm_content=thumbnail,American,,0,0,0,,1,1,0,0
Johnnie Parsons,KURTIS_KRAFT,Kurtis Kraft,KURTIS_KRAFT,1958,Driver,https://upload.wikimedia.org/wikipedia/commons/thumb/a/a8/Johnnie_Parsons_USAC_circa_1957.jpg/330px-Johnnie_Parsons_USAC_circa_1957.jpg?utm_source=en.wikipedia.org&utm_campaign=api&utm_content=thumbnail,American,,0,0,0,,0,1,0,0
Johnnie Tolan,KUZMA,Kuzma,KUZMA,1958,Driver,https://upload.wikimedia.org/wikipedia/commons/thumb/2/28/Johnnie_Tolan_1950_%28cropped%29.jpg/330px-Johnnie_Tolan_1950_%28cropped%29.jpg?utm_source=en.wikipedia.org&utm_campaign=api&utm_content=thumbnail,American,,0,0,0,,0,1,0,0
Paul Russo,KURTIS_KRAFT,Kurtis Kraft,KURTIS_KRAFT,1958,Driver,https://upload.wikimedia.org/wikipedia/commons/thumb/8/81/Paul_Russo_1947.jpg/330px-Paul_Russo_1947.jpg?utm_source=en.wikipedia.org&utm_campaign=api&utm_content=thumbnail,American,,0,0,0,,0,1,0,1
Rodger Ward,LESOVSKY,Lesovsky,LESOVSKY,1958,Driver,https://upload.wikimedia.org/wikipedia/commons/thumb/9/9d/Rodger_Ward_1950.jpg/330px-Rodger_Ward_1950.jpg?utm_source=en.wikipedia.org&utm_campaign=api&utm_content=thumbnail,American,,0,0,0,,0,1,0,1
Eddie Sachs,KUZMA,Kuzma,KUZMA,1958,Driver,https://upload.wikimedia.org/wikipedia/commons/thumb/e/e4/Eddie_Sachs.jpg/330px-Eddie_Sachs.jpg?utm_source=en.wikipedia.org&utm_campaign=api&utm_content=thumbnail,American,,0,0,0,,0,1,0,1
Dick Rathmann,WATSON,Watson,WATSON,1958,Driver,https://upload.wikimedia.org/wikipedia/commons/thumb/1/1e/Dick_Rathmann_USAC_circa_1957.jpg/330px-Dick_Rathmann_USAC_circa_1957.jpg?utm_source=en.wikipedia.org&utm_campaign=api&utm_content=thumbnail,American,,0,0,1,,0,1,0,1
Pat O'Connor,KURTIS_KRAFT,Kurtis Kraft,KURTIS_KRAFT,1958,Driver,https://upload.wikimedia.org/wikipedia/en/8/89/Pat_O_Connor-1958.png?utm_source=en.wikipedia.org&utm_campaign=api&utm_content=thumbnail_unscaled,American,,0,0,0,,0,1,0,1
Paul Goldsmith,KURTIS_KRAFT,Kurtis Kraft,KURTIS_KRAFT,1958,Driver,https://upload.wikimedia.org/wikipedia/en/2/2f/Goldsmith_Stock.jpg?utm_source=en.wikipedia.org&utm_campaign=api&utm_content=thumbnail_unscaled,American,,0,0,0,,0,1,0,1
Jerry Unser,KURTIS_KRAFT,Kurtis Kraft,KURTIS_KRAFT,1958,Driver,https://upload.wikimedia.org/wikipedia/commons/thumb/1/1d/Jerry_Unser_Jr.%2C_23-01-1953.png/330px-Jerry_Unser_Jr.%2C_23-01-1953.png?utm_source=en.wikipedia.org&utm_campaign=api&utm_content=thumbnail,American,,0,0,0,,0,1,0,1
Olivier Gendebien,FERRARI,Ferrari,FERRARI,1958,Driver,https://upload.wikimedia.org/wikipedia/commons/thumb/1/17/Olivier_Gendebien%2C_1960s.jpg/330px-Olivier_Gendebien%2C_1960s.jpg?utm_source=en.wikipedia.org&utm_campaign=api&utm_content=thumbnail,Belgian,,0,0,0,,1,3,0,2
Maria de Filippis,MASERATI,Maserati,MASERATI,1958,Driver,https://upload.wikimedia.org/wikipedia/commons/8/88/Maria_Teresa_de_Filippis_%28cropped%29.jpg?utm_source=en.wikipedia.org&utm_campaign=api&utm_content=thumbnail_unscaled,Italian,,0,0,0,,1,3,0,2
Wolfgang Seidel,COOPER,Cooper,COOPER|MASERATI,1958,Driver,https://upload.wikimedia.org/wikipedia/commons/thumb/0/08/1955-05-01_Mille_Miglia_Porsche_550-15_Seidel_Gl%C3%B6ckler.jpg/330px-1955-05-01_Mille_Miglia_Porsche_550-15_Seidel_Gl%C3%B6ckler.jpg?utm_source=en.wikipedia.org&utm_campaign=api&utm_content=thumbnail,German,,0,0,0,,0,3,0,3
Phil Hill,FERRARI,Ferrari,FERRARI|MASERATI,1958,Driver,https://upload.wikimedia.org/wikipedia/commons/thumb/8/84/Phil_Hill_1991_USA_%28cropped%29.jpg/330px-Phil_Hill_1991_USA_%28cropped%29.jpg?utm_source=en.wikipedia.org&utm_campaign=api&utm_content=thumbnail,American,10,0,2,0,,4,4,0,0
Troy Ruttman,MASERATI,Maserati,MASERATI,1958,Driver,https://upload.wikimedia.org/wikipedia/commons/thumb/8/8b/Troy_Ruttman_1951.jpg/330px-Troy_Ruttman_1951.jpg?utm_source=en.wikipedia.org&utm_campaign=api&utm_content=thumbnail,American,,0,0,0,,1,2,0,1
Carroll Shelby,MASERATI,Maserati,MASERATI,1958,Driver,https://upload.wikimedia.org/wikipedia/commons/1/13/CarrollShelbyVIR2007.jpg?utm_source=en.wikipedia.org&utm_campaign=api&utm_content=thumbnail_unscaled,American,,0,0,0,,2,5,0,3
Ivor Bueb,CONNAUGHT,Connaught,CONNAUGHT|TEAM_LOTUS,1958,Driver,https://upload.wikimedia.org/wikipedia/en/3/30/Ivor-bueb-4_resize.jpg?utm_source=en.wikipedia.org&utm_campaign=api&utm_content=thumbnail_unscaled,British,,0,0,0,,0,2,0,1
Alan Stacey,TEAM_LOTUS,Team Lotus,TEAM_LOTUS,1958,Driver,https://upload.wikimedia.org/wikipedia/commons/3/39/Alan_Stacey_1960.jpg?utm_source=en.wikipedia.org&utm_campaign=api&utm_content=thumbnail_unscaled,British,,0,0,0,,0,1,0,1
Bruce McLaren,COOPER,Cooper,COOPER,1958,Driver,https://upload.wikimedia.org/wikipedia/commons/thumb/a/a0/McLarenBruce.jpg/330px-McLarenBruce.jpg?utm_source=en.wikipedia.org&utm_campaign=api&utm_content=thumbnail,New Zealander,,0,0,0,,1,2,0,0
Edgar Barth,PORSCHE,Porsche,PORSCHE,1958,Driver,https://upload.wikimedia.org/wikipedia/commons/thumb/3/3d/Edgar_Barth_podium_Nurburgring_1957.jpg/330px-Edgar_Barth_podium_Nurburgring_1957.jpg?utm_source=en.wikipedia.org&utm_campaign=api&utm_content=thumbnail,German,,0,0,0,,1,1,0,0
Christian Goethals,COOPER,Cooper,COOPER,1958,Driver,https://upload.wikimedia.org/wikipedia/en/0/0b/Christian_Goethals.jpg?utm_source=en.wikipedia.org&utm_campaign=api&utm_content=thumbnail_unscaled,Belgian,,0,0,0,,0,1,0,1
Hans Herrmann,MASERATI,Maserati,MASERATI,1958,Driver,https://upload.wikimedia.org/wikipedia/commons/thumb/1/1b/Hans_Herrmann_%282011%29.jpg/330px-Hans_Herrmann_%282011%29.jpg?utm_source=en.wikipedia.org&utm_campaign=api&utm_content=thumbnail,German,,0,0,0,,1,3,0,2
Giulio Cabianca,MASERATI,Maserati,MASERATI,1958,Driver,https://upload.wikimedia.org/wikipedia/commons/thumb/d/d7/Giulio_Cabianca_in_an_OSCA_%28cropped%29.jpg/330px-Giulio_Cabianca_in_an_OSCA_%28cropped%29.jpg?utm_source=en.wikipedia.org&utm_campaign=api&utm_content=thumbnail,Italian,,0,0,0,,0,1,0,1
Robert La Caze,COOPER,Cooper,COOPER,1958,Driver,https://upload.wikimedia.org/wikipedia/en/1/1a/Robert_La_Caze.jpg?utm_source=en.wikipedia.org&utm_campaign=api&utm_content=thumbnail_unscaled,French,,0,0,0,,0,1,0,0
André Guelfi,COOPER,Cooper,COOPER,1958,Driver,https://upload.wikimedia.org/wikipedia/commons/5/50/Comit%C3%A9_d%27organisation_du_Grand_Prix_d%27Agadir%2C_1953_%28Andr%C3%A9_Guelfi%29.jpg?utm_source=en.wikipedia.org&utm_campaign=api&utm_content=thumbnail_unscaled,French,,0,0,0,,0,1,0,0
Ron Flockhart,BRM,BRM,BRM,1958,Driver,https://upload.wikimedia.org/wikipedia/en/7/78/Ron_Flockhart_%28racing_driver%29_resize.jpg?utm_source=en.wikipedia.org&utm_campaign=api&utm_content=thumbnail_unscaled,British,,0,0,0,,0,1,0,1
Jack Brabham,COOPER-CLIMAX,Cooper-Climax,COOPER-CLIMAX,1959,Driver,https://upload.wikimedia.org/wikipedia/commons/thumb/e/e7/BrabhamJack1966B.jpg/330px-BrabhamJack1966B.jpg?utm_source=en.wikipedia.org&utm_campaign=api&utm_content=thumbnail,Australian,1,2,5,1,,6,8,1,2
Tony Brooks,FERRARI,Ferrari,FERRARI|VANWALL,1959,Driver,https://upload.wikimedia.org/wikipedia/en/8/8e/Tony_Brooks_1958_German_Grand_Prix.jpg?utm_source=en.wikipedia.org&utm_campaign=api&utm_content=thumbnail_unscaled,British,2,2,4,2,,5,8,0,3
Maurice Trintignant,COOPER-CLIMAX,Cooper-Climax,COOPER-CLIMAX,1959,Driver,https://upload.wikimedia.org/wikipedia/commons/thumb/3/35/Maurice_Trintignant_-_El_Gr%C3%A1fico_1801.jpg/330px-Maurice_Trintignant_-_El_Gr%C3%A1fico_1801.jpg?utm_source=en.wikipedia.org&utm_campaign=api&utm_content=thumbnail,French,5,0,2,0,,7,8,0,0
Phil Hill,FERRARI,Ferrari,FERRARI,1959,Driver,https://upload.wikimedia.org/wikipedia/commons/thumb/8/84/Phil_Hill_1991_USA_%28cropped%29.jpg/330px-Phil_Hill_1991_USA_%28cropped%29.jpg?utm_source=en.wikipedia.org&utm_campaign=api&utm_content=thumbnail,American,4,0,3,0,,5,7,0,2
Bruce McLaren,COOPER-CLIMAX,Cooper-Climax,COOPER-CLIMAX,1959,Driver,https://upload.wikimedia.org/wikipedia/commons/thumb/a/a0/McLarenBruce.jpg/330px-McLarenBruce.jpg?utm_source=en.wikipedia.org&utm_campaign=api&utm_content=thumbnail,New Zealander,6,1,2,0,,4,7,0,3
Roy Salvadori,ASTON_MARTIN,Aston Martin,ASTON_MARTIN|COOPER-MASERATI,1959,Driver,https://upload.wikimedia.org/wikipedia/commons/thumb/3/3d/1958-03-22_Sebring_Roy_Salvadori_%28cropped2%29.jpg/330px-1958-03-22_Sebring_Roy_Salvadori_%28cropped2%29.jpg?utm_source=en.wikipedia.org&utm_campaign=api&utm_content=thumbnail,British,,0,0,0,,3,7,0,4
Stirling Moss,COOPER-CLIMAX,Cooper-Climax,COOPER-CLIMAX|BRM,1959,Driver,https://upload.wikimedia.org/wikipedia/commons/thumb/b/b4/Stirling_Moss.jpg/330px-Stirling_Moss.jpg?utm_source=en.wikipedia.org&utm_campaign=api&utm_content=thumbnail,British,3,2,3,4,,3,8,0,5
Ron Flockhart,BRM,BRM,BRM,1959,Driver,https://upload.wikimedia.org/wikipedia/en/7/78/Ron_Flockhart_%28racing_driver%29_resize.jpg?utm_source=en.wikipedia.org&utm_campaign=api&utm_content=thumbnail_unscaled,British,,0,0,0,,2,5,0,2
Harry Schell,BRM,BRM,BRM|COOPER-CLIMAX,1959,Driver,https://upload.wikimedia.org/wikipedia/en/3/32/Harry_Schell_Sebring_1959.jpg?utm_source=en.wikipedia.org&utm_campaign=api&utm_content=thumbnail_unscaled,American,13,0,0,0,,5,8,0,3
Jo Bonnier,BRM,BRM,BRM,1959,Driver,https://upload.wikimedia.org/wikipedia/commons/thumb/f/f9/BonnierJo196608.jpg/330px-BonnierJo196608.jpg?utm_source=en.wikipedia.org&utm_campaign=api&utm_content=thumbnail,Swedish,8,1,1,1,,3,7,0,4
Jean Behra,FERRARI,Ferrari,FERRARI,1959,Driver,https://upload.wikimedia.org/wikipedia/commons/thumb/3/3e/Jean_Behra_-_El_Gr%C3%A1fico_1953.jpg/330px-Jean_Behra_-_El_Gr%C3%A1fico_1953.jpg?utm_source=en.wikipedia.org&utm_campaign=api&utm_content=thumbnail,French,18,0,0,0,,1,3,0,2
Graham Hill,TEAM_LOTUS,Team Lotus,TEAM_LOTUS,1959,Driver,https://upload.wikimedia.org/wikipedia/commons/thumb/f/fc/Graham_Hill_Bestanddeelnr_924-6564.jpg/330px-Graham_Hill_Bestanddeelnr_924-6564.jpg?utm_source=en.wikipedia.org&utm_campaign=api&utm_content=thumbnail,British,,0,0,0,,2,7,0,5
Masten Gregory,COOPER-CLIMAX,Cooper-Climax,COOPER-CLIMAX,1959,Driver,https://upload.wikimedia.org/wikipedia/commons/thumb/2/2c/GregoryMasten1965.jpg/330px-GregoryMasten1965.jpg?utm_source=en.wikipedia.org&utm_campaign=api&utm_content=thumbnail,American,9,0,2,0,,3,6,0,3
Wolfgang von Trips,PORSCHE,Porsche,PORSCHE|FERRARI,1959,Driver,https://upload.wikimedia.org/wikipedia/commons/thumb/f/f1/Wolfgang_von_Trips_in_1957.JPG/330px-Wolfgang_von_Trips_in_1957.JPG?utm_source=en.wikipedia.org&utm_campaign=api&utm_content=thumbnail,German,,0,0,0,,1,2,0,1
Cliff Allison,FERRARI,Ferrari,FERRARI,1959,Driver,https://upload.wikimedia.org/wikipedia/commons/thumb/7/7b/J_Crosthwaite_%28with_oily_rag%29_and_Graham_Hill_%28on_left_of_picture%29_with_Lotus.jpg/330px-J_Crosthwaite_%28with_oily_rag%29_and_Graham_Hill_%28on_left_of_picture%29_with_Lotus.jpg?utm_source=en.wikipedia.org&utm_campaign=api&utm_content=thumbnail,British,17,0,0,0,,2,5,0,3
Rodger Ward,WATSON,Watson,WATSON|KURTIS_KRAFT,1959,Driver,https://upload.wikimedia.org/wikipedia/commons/thumb/9/9d/Rodger_Ward_1950.jpg/330px-Rodger_Ward_1950.jpg?utm_source=en.wikipedia.org&utm_campaign=api&utm_content=thumbnail,American,10,1,1,0,,1,2,0,1
Tony Bettenhausen,EPPERLY,Epperly,EPPERLY,1959,Driver,https://upload.wikimedia.org/wikipedia/commons/thumb/1/15/Tony_Bettenhausen_circa_1952.jpg/330px-Tony_Bettenhausen_circa_1952.jpg?utm_source=en.wikipedia.org&utm_campaign=api&utm_content=thumbnail,American,16,0,0,0,,1,1,0,0
Paul Goldsmith,EPPERLY,Epperly,EPPERLY,1959,Driver,https://upload.wikimedia.org/wikipedia/en/2/2f/Goldsmith_Stock.jpg?utm_source=en.wikipedia.org&utm_campaign=api&utm_content=thumbnail_unscaled,American,19,0,0,0,,1,1,0,0
Duane Carter,KURTIS_KRAFT,Kurtis Kraft,KURTIS_KRAFT,1959,Driver,https://upload.wikimedia.org/wikipedia/commons/thumb/8/80/Duane_Carter_at_Soldier_Field_circa_1946.jpg/330px-Duane_Carter_at_Soldier_Field_circa_1946.jpg?utm_source=en.wikipedia.org&utm_campaign=api&utm_content=thumbnail,American,,0,0,0,,1,1,0,0
Paul Russo,KURTIS_KRAFT,Kurtis Kraft,KURTIS_KRAFT,1959,Driver,https://upload.wikimedia.org/wikipedia/commons/thumb/8/81/Paul_Russo_1947.jpg/330px-Paul_Russo_1947.jpg?utm_source=en.wikipedia.org&utm_campaign=api&utm_content=thumbnail,American,,0,0,0,,1,1,0,0
Eddie Sachs,KUZMA,Kuzma,KUZMA,1959,Driver,https://upload.wikimedia.org/wikipedia/commons/thumb/e/e4/Eddie_Sachs.jpg/330px-Eddie_Sachs.jpg?utm_source=en.wikipedia.org&utm_campaign=api&utm_content=thumbnail,American,,0,0,0,,0,1,0,1
Pat Flaherty,WATSON,Watson,WATSON,1959,Driver,https://upload.wikimedia.org/wikipedia/en/7/7e/PatFlaherty%28racingdriver%29Image.jpg?utm_source=en.wikipedia.org&utm_campaign=api&utm_content=thumbnail_unscaled,American,,0,0,0,,0,1,0,1
Dick Rathmann,WATSON,Watson,WATSON,1959,Driver,https://upload.wikimedia.org/wikipedia/commons/thumb/1/1e/Dick_Rathmann_USAC_circa_1957.jpg/330px-Dick_Rathmann_USAC_circa_1957.jpg?utm_source=en.wikipedia.org&utm_campaign=api&utm_content=thumbnail,American,,0,0,0,,0,1,0,1
Don Freeland,KURTIS_KRAFT,Kurtis Kraft,KURTIS_KRAFT,1959,Driver,https://upload.wikimedia.org/wikipedia/commons/thumb/6/6f/Don_Freeland_1953_%28cropped%29.jpg/330px-Don_Freeland_1953_%28cropped%29.jpg?utm_source=en.wikipedia.org&utm_campaign=api&utm_content=thumbnail,American,,0,0,0,,0,1,0,1
Jimmy Bryan,EPPERLY,Epperly,EPPERLY,1959,Driver,https://upload.wikimedia.org/wikipedia/en/7/73/Portrait_of_Jimmy_Bryan.jpg?utm_source=en.wikipedia.org&utm_campaign=api&utm_content=thumbnail_unscaled,American,,0,0,0,,0,1,0,1
Innes Ireland,TEAM_LOTUS,Team Lotus,TEAM_LOTUS,1959,Driver,https://upload.wikimedia.org/wikipedia/commons/thumb/8/8c/Innes_Ireland.jpg/330px-Innes_Ireland.jpg?utm_source=en.wikipedia.org&utm_campaign=api&utm_content=thumbnail,British,14,0,0,0,,2,6,0,4
Carel Godin de Beaufort,PORSCHE,Porsche,PORSCHE|MASERATI,1959,Driver,https://upload.wikimedia.org/wikipedia/commons/thumb/f/f5/N._13_at_1962_Dutch_Grand_Prix_%282%29_%28cropped%29.jpg/330px-N._13_at_1962_Dutch_Grand_Prix_%282%29_%28cropped%29.jpg?utm_source=en.wikipedia.org&utm_campaign=api&utm_content=thumbnail,Dutch,,0,0,0,,2,2,0,0
Carroll Shelby,ASTON_MARTIN,Aston Martin,ASTON_MARTIN,1959,Driver,https://upload.wikimedia.org/wikipedia/commons/1/13/CarrollShelbyVIR2007.jpg?utm_source=en.wikipedia.org&utm_campaign=api&utm_content=thumbnail_unscaled,American,,0,0,0,,2,4,0,2
Olivier Gendebien,FERRARI,Ferrari,FERRARI,1959,Driver,https://upload.wikimedia.org/wikipedia/commons/thumb/1/17/Olivier_Gendebien%2C_1960s.jpg/330px-Olivier_Gendebien%2C_1960s.jpg?utm_source=en.wikipedia.org&utm_campaign=api&utm_content=thumbnail,Belgian,15,0,0,0,,2,2,0,0
Giorgio Scarlatti,MASERATI,Maserati,MASERATI|COOPER-CLIMAX,1959,Driver,https://upload.wikimedia.org/wikipedia/commons/thumb/9/9e/1957-08-18_Pescara_GP_Maserati_250_Scarlatti.jpg/330px-1957-08-18_Pescara_GP_Maserati_250_Scarlatti.jpg?utm_source=en.wikipedia.org&utm_campaign=api&utm_content=thumbnail,Italian,,0,0,0,,1,2,0,0
Dan Gurney,FERRARI,Ferrari,FERRARI,1959,Driver,https://upload.wikimedia.org/wikipedia/commons/thumb/b/b8/Dan_Gurney_%281970%29.jpg/330px-Dan_Gurney_%281970%29.jpg?utm_source=en.wikipedia.org&utm_campaign=api&utm_content=thumbnail,American,7,0,2,0,,3,4,0,1
Alan Stacey,TEAM_LOTUS,Team Lotus,TEAM_LOTUS,1959,Driver,https://upload.wikimedia.org/wikipedia/commons/3/39/Alan_Stacey_1960.jpg?utm_source=en.wikipedia.org&utm_campaign=api&utm_content=thumbnail_unscaled,British,,0,0,0,,1,2,0,1
Chris Bristow,COOPER-BORGWARD,Cooper-Borgward,COOPER-BORGWARD,1959,Driver,https://upload.wikimedia.org/wikipedia/en/2/2a/Chris_Bristow.gif?utm_source=en.wikipedia.org&utm_campaign=api&utm_content=thumbnail_unscaled,British,,0,0,0,,1,1,0,0
Henry Taylor,COOPER-CLIMAX,Cooper-Climax,COOPER-CLIMAX,1959,Driver,https://upload.wikimedia.org/wikipedia/commons/thumb/8/86/Henry_Taylor_driving_a_Ford_Cortina_down_the_bobsleigh_run_at_Cortina_d%27Ampezzo.jpg/330px-Henry_Taylor_driving_a_Ford_Cortina_down_the_bobsleigh_run_at_Cortina_d%27Ampezzo.jpg?utm_source=en.wikipedia.org&utm_campaign=api&utm_content=thumbnail,British,,0,0,0,,0,1,0,0
Peter Ashdown,COOPER-CLIMAX,Cooper-Climax,COOPER-CLIMAX,1959,Driver,https://upload.wikimedia.org/wikipedia/commons/thumb/f/f0/1956-08-26_Karlskoga_WINNER_Lotus_IX_Ashdown.jpg/330px-1956-08-26_Karlskoga_WINNER_Lotus_IX_Ashdown.jpg?utm_source=en.wikipedia.org&utm_campaign=api&utm_content=thumbnail,British,,0,0,0,,0,1,0,0
Ivor Bueb,COOPER-BORGWARD,Cooper-Borgward,COOPER-BORGWARD,1959,Driver,https://upload.wikimedia.org/wikipedia/en/3/30/Ivor-bueb-4_resize.jpg?utm_source=en.wikipedia.org&utm_campaign=api&utm_content=thumbnail_unscaled,British,,0,0,0,,0,1,0,0
Hans Herrmann,COOPER-MASERATI,Cooper-Maserati,COOPER-MASERATI|BRM,1959,Driver,https://upload.wikimedia.org/wikipedia/commons/thumb/1/1b/Hans_Herrmann_%282011%29.jpg/330px-Hans_Herrmann_%282011%29.jpg?utm_source=en.wikipedia.org&utm_campaign=api&utm_content=thumbnail,German,,0,0,0,,0,2,0,2
David Piper,TEAM_LOTUS,Team Lotus,TEAM_LOTUS,1959,Driver,https://upload.wikimedia.org/wikipedia/commons/thumb/2/28/David-Piper-img_20090425_69625.jpg/330px-David-Piper-img_20090425_69625.jpg?utm_source=en.wikipedia.org&utm_campaign=api&utm_content=thumbnail,British,,0,0,0,,0,1,0,1
Giulio Cabianca,MASERATI,Maserati,MASERATI,1959,Driver,https://upload.wikimedia.org/wikipedia/commons/thumb/d/d7/Giulio_Cabianca_in_an_OSCA_%28cropped%29.jpg/330px-Giulio_Cabianca_in_an_OSCA_%28cropped%29.jpg?utm_source=en.wikipedia.org&utm_campaign=api&utm_content=thumbnail,Italian,,0,0,0,,0,1,0,0
Alessandro de Tomaso,COOPER-OSCA,Cooper-OSCA,COOPER-OSCA,1959,Driver,https://upload.wikimedia.org/wikipedia/commons/thumb/9/95/Alejandro_detomaso.jpg/330px-Alejandro_detomaso.jpg?utm_source=en.wikipedia.org&utm_campaign=api&utm_content=thumbnail,Argentine,,0,0,0,,0,1,0,1
George Constantine,COOPER-BORGWARD,Cooper-Borgward,COOPER-BORGWARD,1959,Driver,https://upload.wikimedia.org/wikipedia/commons/thumb/b/b4/Ward_and_Constantine%2C_July_25%2C_1959.jpg/330px-Ward_and_Constantine%2C_July_25%2C_1959.jpg?utm_source=en.wikipedia.org&utm_campaign=api&utm_content=thumbnail,American,,0,0,0,,0,1,0,1
Bob Said,CONNAUGHT,Connaught,CONNAUGHT,1959,Driver,https://upload.wikimedia.org/wikipedia/commons/e/e7/Trainingsdag_sportwagenraces_Zandvoort_Amerikaan._Boris_%27Bob_Said_bij_zijn_Ferr%E2%80%A6%2C_Bestanddeelnr_906-6631_%28cropped%29.jpg?utm_source=en.wikipedia.org&utm_campaign=api&utm_content=thumbnail_unscaled,American,,0,0,0,,0,1,0,1
Bruce McLaren,COOPER-CLIMAX,Cooper-Climax,COOPER-CLIMAX,1960,Driver,https://upload.wikimedia.org/wikipedia/commons/thumb/a/a0/McLarenBruce.jpg/330px-McLarenBruce.jpg?utm_source=en.wikipedia.org&utm_campaign=api&utm_content=thumbnail,New Zealander,2,1,6,0,,7,8,0,1
Cliff Allison,FERRARI,Ferrari,FERRARI,1960,Driver,https://upload.wikimedia.org/wikipedia/commons/thumb/7/7b/J_Crosthwaite_%28with_oily_rag%29_and_Graham_Hill_%28on_left_of_picture%29_with_Lotus.jpg/330px-J_Crosthwaite_%28with_oily_rag%29_and_Graham_Hill_%28on_left_of_picture%29_with_Lotus.jpg?utm_source=en.wikipedia.org&utm_campaign=api&utm_content=thumbnail,British,13,0,1,0,,1,1,0,0
Stirling Moss,TEAM_LOTUS,Team Lotus,TEAM_LOTUS|COOPER-CLIMAX,1960,Driver,https://upload.wikimedia.org/wikipedia/commons/thumb/b/b4/Stirling_Moss.jpg/330px-Stirling_Moss.jpg?utm_source=en.wikipedia.org&utm_campaign=api&utm_content=thumbnail,British,3,2,3,4,,4,7,0,3
Maurice Trintignant,COOPER-MASERATI,Cooper-Maserati,COOPER-MASERATI|COOPER-CLIMAX|ASTON_MARTIN,1960,Driver,https://upload.wikimedia.org/wikipedia/commons/thumb/3/35/Maurice_Trintignant_-_El_Gr%C3%A1fico_1801.jpg/330px-Maurice_Trintignant_-_El_Gr%C3%A1fico_1801.jpg?utm_source=en.wikipedia.org&utm_campaign=api&utm_content=thumbnail,French,,0,1,0,,1,6,0,3
Carlos Menditeguy,COOPER-MASERATI,Cooper-Maserati,COOPER-MASERATI,1960,Driver,https://upload.wikimedia.org/wikipedia/commons/thumb/3/3f/Carlos_Menditeguy_-_El_Gr%C3%A1fico_1805.jpg/330px-Carlos_Menditeguy_-_El_Gr%C3%A1fico_1805.jpg?utm_source=en.wikipedia.org&utm_campaign=api&utm_content=thumbnail,Argentine,20,0,0,0,,1,1,0,0
Wolfgang von Trips,FERRARI,Ferrari,FERRARI|COOPER-MASERATI,1960,Driver,https://upload.wikimedia.org/wikipedia/commons/thumb/f/f1/Wolfgang_von_Trips_in_1957.JPG/330px-Wolfgang_von_Trips_in_1957.JPG?utm_source=en.wikipedia.org&utm_campaign=api&utm_content=thumbnail,German,7,0,0,0,,7,9,0,1
Innes Ireland,TEAM_LOTUS,Team Lotus,TEAM_LOTUS,1960,Driver,https://upload.wikimedia.org/wikipedia/commons/thumb/8/8c/Innes_Ireland.jpg/330px-Innes_Ireland.jpg?utm_source=en.wikipedia.org&utm_campaign=api&utm_content=thumbnail,British,4,0,3,0,,7,8,0,1
Jo Bonnier,BRM,BRM,BRM,1960,Driver,https://upload.wikimedia.org/wikipedia/commons/thumb/f/f9/BonnierJo196608.jpg/330px-BonnierJo196608.jpg?utm_source=en.wikipedia.org&utm_campaign=api&utm_content=thumbnail,Swedish,18,0,0,0,,3,8,0,5
Phil Hill,FERRARI,Ferrari,FERRARI|COOPER-CLIMAX,1960,Driver,https://upload.wikimedia.org/wikipedia/commons/thumb/8/84/Phil_Hill_1991_USA_%28cropped%29.jpg/330px-Phil_Hill_1991_USA_%28cropped%29.jpg?utm_source=en.wikipedia.org&utm_campaign=api&utm_content=thumbnail,American,5,1,2,1,,6,9,0,2
Alberto Rodriguez Larreta,TEAM_LOTUS,Team Lotus,TEAM_LOTUS,1960,Driver,https://upload.wikimedia.org/wikipedia/commons/thumb/d/dd/Jorge_Rodr%C3%ADguez_Larreta_-_El_Gr%C3%A1fico_2001.jpg/330px-Jorge_Rodr%C3%ADguez_Larreta_-_El_Gr%C3%A1fico_2001.jpg?utm_source=en.wikipedia.org&utm_campaign=api&utm_content=thumbnail,Argentine,,0,0,0,,1,1,0,0
José Froilán González,FERRARI,Ferrari,FERRARI,1960,Driver,https://upload.wikimedia.org/wikipedia/commons/thumb/5/51/Jos%C3%A9_Froil%C3%A1n_Gonz%C3%A1lez_1950.jpg/330px-Jos%C3%A9_Froil%C3%A1n_Gonz%C3%A1lez_1950.jpg?utm_source=en.wikipedia.org&utm_campaign=api&utm_content=thumbnail,Argentine,,0,0,0,,1,1,0,0
Roberto Bonomi,COOPER-MASERATI,Cooper-Maserati,COOPER-MASERATI,1960,Driver,https://upload.wikimedia.org/wikipedia/commons/thumb/7/78/Roberto_Bonomi_-_El_Gr%C3%A1fico_1751.jpg/330px-Roberto_Bonomi_-_El_Gr%C3%A1fico_1751.jpg?utm_source=en.wikipedia.org&utm_campaign=api&utm_content=thumbnail,Argentine,,0,0,0,,0,1,0,0
Masten Gregory,COOPER-MASERATI,Cooper-Maserati,COOPER-MASERATI|BEHRA-PORSCHE,1960,Driver,https://upload.wikimedia.org/wikipedia/commons/thumb/2/2c/GregoryMasten1965.jpg/330px-GregoryMasten1965.jpg?utm_source=en.wikipedia.org&utm_campaign=api&utm_content=thumbnail,American,,0,0,0,,1,5,0,2
Harry Schell,COOPER-CLIMAX,Cooper-Climax,COOPER-CLIMAX,1960,Driver,https://upload.wikimedia.org/wikipedia/en/3/32/Harry_Schell_Sebring_1959.jpg?utm_source=en.wikipedia.org&utm_campaign=api&utm_content=thumbnail_unscaled,American,,0,0,0,,0,1,0,1
Jack Brabham,COOPER-CLIMAX,Cooper-Climax,COOPER-CLIMAX,1960,Driver,https://upload.wikimedia.org/wikipedia/commons/thumb/e/e7/BrabhamJack1966B.jpg/330px-BrabhamJack1966B.jpg?utm_source=en.wikipedia.org&utm_campaign=api&utm_content=thumbnail,Australian,1,5,5,3,,6,8,1,2
Graham Hill,BRM,BRM,BRM,1960,Driver,https://upload.wikimedia.org/wikipedia/commons/thumb/f/fc/Graham_Hill_Bestanddeelnr_924-6564.jpg/330px-Graham_Hill_Bestanddeelnr_924-6564.jpg?utm_source=en.wikipedia.org&utm_campaign=api&utm_content=thumbnail,British,15,0,1,0,,2,8,0,6
Alan Stacey,TEAM_LOTUS,Team Lotus,TEAM_LOTUS,1960,Driver,https://upload.wikimedia.org/wikipedia/commons/3/39/Alan_Stacey_1960.jpg?utm_source=en.wikipedia.org&utm_campaign=api&utm_content=thumbnail_unscaled,British,,0,0,0,,0,4,0,4
Giorgio Scarlatti,MASERATI,Maserati,MASERATI|COOPER-MASERATI,1960,Driver,https://upload.wikimedia.org/wikipedia/commons/thumb/9/9e/1957-08-18_Pescara_GP_Maserati_250_Scarlatti.jpg/330px-1957-08-18_Pescara_GP_Maserati_250_Scarlatti.jpg?utm_source=en.wikipedia.org&utm_campaign=api&utm_content=thumbnail,Italian,,0,0,0,,0,2,0,2
Tony Brooks,COOPER-CLIMAX,Cooper-Climax,COOPER-CLIMAX|VANWALL,1960,Driver,https://upload.wikimedia.org/wikipedia/en/8/8e/Tony_Brooks_1958_German_Grand_Prix.jpg?utm_source=en.wikipedia.org&utm_campaign=api&utm_content=thumbnail_unscaled,British,11,0,0,0,,3,7,0,4
Richie Ginther,FERRARI,Ferrari,FERRARI|SCARAB,1960,Driver,https://upload.wikimedia.org/wikipedia/commons/thumb/5/5c/Richie_Ginther_and_Roger_Penske%2C_1964_%28cropped%29.jpg/330px-Richie_Ginther_and_Roger_Penske%2C_1964_%28cropped%29.jpg?utm_source=en.wikipedia.org&utm_campaign=api&utm_content=thumbnail,American,9,0,1,0,,3,4,0,1
Dan Gurney,BRM,BRM,BRM,1960,Driver,https://upload.wikimedia.org/wikipedia/commons/thumb/b/b8/Dan_Gurney_%281970%29.jpg/330px-Dan_Gurney_%281970%29.jpg?utm_source=en.wikipedia.org&utm_campaign=api&utm_content=thumbnail,American,,0,0,0,,1,7,0,6
Roy Salvadori,COOPER-CLIMAX,Cooper-Climax,COOPER-CLIMAX|ASTON_MARTIN,1960,Driver,https://upload.wikimedia.org/wikipedia/commons/thumb/3/3d/1958-03-22_Sebring_Roy_Salvadori_%28cropped2%29.jpg/330px-1958-03-22_Sebring_Roy_Salvadori_%28cropped2%29.jpg?utm_source=en.wikipedia.org&utm_campaign=api&utm_content=thumbnail,British,,0,0,0,,1,4,0,3
Chris Bristow,COOPER-CLIMAX,Cooper-Climax,COOPER-CLIMAX,1960,Driver,https://upload.wikimedia.org/wikipedia/en/2/2a/Chris_Bristow.gif?utm_source=en.wikipedia.org&utm_campaign=api&utm_content=thumbnail_unscaled,British,,0,0,0,,0,3,0,3
John Surtees,TEAM_LOTUS,Team Lotus,TEAM_LOTUS,1960,Driver,https://upload.wikimedia.org/wikipedia/commons/thumb/c/c3/John_Surtees.JPG/330px-John_Surtees.JPG?utm_source=en.wikipedia.org&utm_campaign=api&utm_content=thumbnail,British,12,0,1,1,,1,4,0,3
Rodger Ward,WATSON,Watson,WATSON,1960,Driver,https://upload.wikimedia.org/wikipedia/commons/thumb/9/9d/Rodger_Ward_1950.jpg/330px-Rodger_Ward_1950.jpg?utm_source=en.wikipedia.org&utm_campaign=api&utm_content=thumbnail,American,14,0,1,0,,1,1,0,0
Paul Goldsmith,EPPERLY,Epperly,EPPERLY,1960,Driver,https://upload.wikimedia.org/wikipedia/en/2/2f/Goldsmith_Stock.jpg?utm_source=en.wikipedia.org&utm_campaign=api&utm_content=thumbnail_unscaled,American,17,0,1,0,,1,1,0,0
Duane Carter,KUZMA,Kuzma,KUZMA,1960,Driver,https://upload.wikimedia.org/wikipedia/commons/thumb/8/80/Duane_Carter_at_Soldier_Field_circa_1946.jpg/330px-Duane_Carter_at_Soldier_Field_circa_1946.jpg?utm_source=en.wikipedia.org&utm_campaign=api&utm_content=thumbnail,American,,0,0,0,,0,1,0,0
Chuck Stevenson,WATSON,Watson,WATSON,1960,Driver,https://upload.wikimedia.org/wikipedia/commons/thumb/7/72/Chuck_Stevenson_1952cr.jpg/330px-Chuck_Stevenson_1952cr.jpg?utm_source=en.wikipedia.org&utm_campaign=api&utm_content=thumbnail,American,,0,0,0,,0,1,0,0
Jim Hurtubise,VHRISTENSEN,Christensen,VHRISTENSEN,1960,Driver,https://upload.wikimedia.org/wikipedia/commons/3/39/Jim_Hurtubise.jpg?utm_source=en.wikipedia.org&utm_campaign=api&utm_content=thumbnail_unscaled,American,,0,0,0,,0,1,0,0
Jimmy Bryan,EPPERLY,Epperly,EPPERLY,1960,Driver,https://upload.wikimedia.org/wikipedia/en/7/73/Portrait_of_Jimmy_Bryan.jpg?utm_source=en.wikipedia.org&utm_campaign=api&utm_content=thumbnail_unscaled,American,,0,0,0,,0,1,0,0
Troy Ruttman,WATSON,Watson,WATSON,1960,Driver,https://upload.wikimedia.org/wikipedia/commons/thumb/8/8b/Troy_Ruttman_1951.jpg/330px-Troy_Ruttman_1951.jpg?utm_source=en.wikipedia.org&utm_campaign=api&utm_content=thumbnail,American,,0,0,0,,0,1,0,0
Eddie Sachs,EWING,Ewing,EWING,1960,Driver,https://upload.wikimedia.org/wikipedia/commons/thumb/e/e4/Eddie_Sachs.jpg/330px-Eddie_Sachs.jpg?utm_source=en.wikipedia.org&utm_campaign=api&utm_content=thumbnail,American,,0,0,1,,0,1,0,0
Don Freeland,KURTIS_KRAFT,Kurtis Kraft,KURTIS_KRAFT,1960,Driver,https://upload.wikimedia.org/wikipedia/commons/thumb/6/6f/Don_Freeland_1953_%28cropped%29.jpg/330px-Don_Freeland_1953_%28cropped%29.jpg?utm_source=en.wikipedia.org&utm_campaign=api&utm_content=thumbnail,American,,0,0,0,,0,1,0,0
Tony Bettenhausen,WATSON,Watson,WATSON,1960,Driver,https://upload.wikimedia.org/wikipedia/commons/thumb/1/15/Tony_Bettenhausen_circa_1952.jpg/330px-Tony_Bettenhausen_circa_1952.jpg?utm_source=en.wikipedia.org&utm_campaign=api&utm_content=thumbnail,American,,0,0,0,,0,1,0,0
Dick Rathmann,WATSON,Watson,WATSON,1960,Driver,https://upload.wikimedia.org/wikipedia/commons/thumb/1/1e/Dick_Rathmann_USAC_circa_1957.jpg/330px-Dick_Rathmann_USAC_circa_1957.jpg?utm_source=en.wikipedia.org&utm_campaign=api&utm_content=thumbnail,American,,0,0,0,,0,1,0,0
Henry Taylor,COOPER-CLIMAX,Cooper-Climax,COOPER-CLIMAX,1960,Driver,https://upload.wikimedia.org/wikipedia/commons/thumb/8/86/Henry_Taylor_driving_a_Ford_Cortina_down_the_bobsleigh_run_at_Cortina_d%27Ampezzo.jpg/330px-Henry_Taylor_driving_a_Ford_Cortina_down_the_bobsleigh_run_at_Cortina_d%27Ampezzo.jpg?utm_source=en.wikipedia.org&utm_campaign=api&utm_content=thumbnail,British,19,0,0,0,,3,4,0,0
Carel Godin de Beaufort,COOPER-CLIMAX,Cooper-Climax,COOPER-CLIMAX,1960,Driver,https://upload.wikimedia.org/wikipedia/commons/thumb/f/f5/N._13_at_1962_Dutch_Grand_Prix_%282%29_%28cropped%29.jpg/330px-N._13_at_1962_Dutch_Grand_Prix_%282%29_%28cropped%29.jpg?utm_source=en.wikipedia.org&utm_campaign=api&utm_content=thumbnail,Dutch,,0,0,0,,1,1,0,0
Jim Clark,TEAM_LOTUS,Team Lotus,TEAM_LOTUS,1960,Driver,https://upload.wikimedia.org/wikipedia/commons/thumb/4/4f/Jim_Clark_in_1963_%28cropped%29.JPG/330px-Jim_Clark_in_1963_%28cropped%29.JPG?utm_source=en.wikipedia.org&utm_campaign=api&utm_content=thumbnail,British,10,0,1,0,,3,6,0,1
Lance Reventlow,SCARAB,Scarab,SCARAB|COOPER-CLIMAX,1960,Driver,https://upload.wikimedia.org/wikipedia/commons/thumb/f/f6/Lance_Reventlow_wedding_portrait%2C_Calif.%2C_1964_%28cropped%29.jpg/330px-Lance_Reventlow_wedding_portrait%2C_Calif.%2C_1964_%28cropped%29.jpg?utm_source=en.wikipedia.org&utm_campaign=api&utm_content=thumbnail,American,,0,0,0,,0,3,0,3
Olivier Gendebien,COOPER-CLIMAX,Cooper-Climax,COOPER-CLIMAX,1960,Driver,https://upload.wikimedia.org/wikipedia/commons/thumb/1/17/Olivier_Gendebien%2C_1960s.jpg/330px-Olivier_Gendebien%2C_1960s.jpg?utm_source=en.wikipedia.org&utm_campaign=api&utm_content=thumbnail,Belgian,6,0,2,0,,4,5,0,0
Lucien Bianchi,COOPER-CLIMAX,Cooper-Climax,COOPER-CLIMAX,1960,Driver,https://upload.wikimedia.org/wikipedia/commons/thumb/a/ac/BianciLucien_19680802.jpg/330px-BianciLucien_19680802.jpg?utm_source=en.wikipedia.org&utm_campaign=api&utm_content=thumbnail,Belgian,24,0,0,0,,1,3,0,2
Willy Mairesse,FERRARI,Ferrari,FERRARI,1960,Driver,https://upload.wikimedia.org/wikipedia/commons/thumb/4/48/Willy_Mairesse.jpg/330px-Willy_Mairesse.jpg?utm_source=en.wikipedia.org&utm_campaign=api&utm_content=thumbnail,Belgian,16,0,1,0,,1,3,0,2
Ron Flockhart,TEAM_LOTUS,Team Lotus,TEAM_LOTUS|COOPER-CLIMAX,1960,Driver,https://upload.wikimedia.org/wikipedia/en/7/78/Ron_Flockhart_%28racing_driver%29_resize.jpg?utm_source=en.wikipedia.org&utm_campaign=api&utm_content=thumbnail_unscaled,British,25,0,0,0,,1,2,0,1
David Piper,TEAM_LOTUS,Team Lotus,TEAM_LOTUS,1960,Driver,https://upload.wikimedia.org/wikipedia/commons/thumb/2/28/David-Piper-img_20090425_69625.jpg/330px-David-Piper-img_20090425_69625.jpg?utm_source=en.wikipedia.org&utm_campaign=api&utm_content=thumbnail,British,,0,0,0,,0,2,0,1
Giulio Cabianca,COOPER-CASTELLOTTI,Cooper-Castellotti,COOPER-CASTELLOTTI,1960,Driver,https://upload.wikimedia.org/wikipedia/commons/thumb/d/d7/Giulio_Cabianca_in_an_OSCA_%28cropped%29.jpg/330px-Giulio_Cabianca_in_an_OSCA_%28cropped%29.jpg?utm_source=en.wikipedia.org&utm_campaign=api&utm_content=thumbnail,Italian,22,0,0,0,,1,1,0,0
Hans Herrmann,PORSCHE,Porsche,PORSCHE,1960,Driver,https://upload.wikimedia.org/wikipedia/commons/thumb/1/1b/Hans_Herrmann_%282011%29.jpg/330px-Hans_Herrmann_%282011%29.jpg?utm_source=en.wikipedia.org&utm_campaign=api&utm_content=thumbnail,German,27,0,0,0,,1,1,0,0
Edgar Barth,PORSCHE,Porsche,PORSCHE,1960,Driver,https://upload.wikimedia.org/wikipedia/commons/thumb/3/3d/Edgar_Barth_podium_Nurburgring_1957.jpg/330px-Edgar_Barth_podium_Nurburgring_1957.jpg?utm_source=en.wikipedia.org&utm_campaign=api&utm_content=thumbnail,German,,0,0,0,,1,1,0,0
Piero Drogo,COOPER-CLIMAX,Cooper-Climax,COOPER-CLIMAX,1960,Driver,https://upload.wikimedia.org/wikipedia/commons/thumb/e/e8/1962_ASA_1000_GTC_Drogo_Bizzarini.jpg/330px-1962_ASA_1000_GTC_Drogo_Bizzarini.jpg?utm_source=en.wikipedia.org&utm_campaign=api&utm_content=thumbnail,Italian,,0,0,0,,1,1,0,0
Wolfgang Seidel,COOPER-CLIMAX,Cooper-Climax,COOPER-CLIMAX,1960,Driver,https://upload.wikimedia.org/wikipedia/commons/thumb/0/08/1955-05-01_Mille_Miglia_Porsche_550-15_Seidel_Gl%C3%B6ckler.jpg/330px-1955-05-01_Mille_Miglia_Porsche_550-15_Seidel_Gl%C3%B6ckler.jpg?utm_source=en.wikipedia.org&utm_campaign=api&utm_content=thumbnail,German,,0,0,0,,1,1,0,0
Fred Gamble,BEHRA-PORSCHE,Behra-Porsche,BEHRA-PORSCHE,1960,Driver,https://upload.wikimedia.org/wikipedia/commons/thumb/a/a9/Fred_Gamble_-_1961_U.S._National_Championship.png/330px-Fred_Gamble_-_1961_U.S._National_Championship.png?utm_source=en.wikipedia.org&utm_campaign=api&utm_content=thumbnail,American,,0,0,0,,1,1,0,0
Alfonso Thiele,COOPER-MASERATI,Cooper-Maserati,COOPER-MASERATI,1960,Driver,https://upload.wikimedia.org/wikipedia/commons/thumb/6/66/Walkiria-Terradura-Alfonso_Thiele.jpg/330px-Walkiria-Terradura-Alfonso_Thiele.jpg?utm_source=en.wikipedia.org&utm_campaign=api&utm_content=thumbnail,Italian,,0,0,0,,0,1,0,1
Jim Hall,TEAM_LOTUS,Team Lotus,TEAM_LOTUS,1960,Driver,https://upload.wikimedia.org/wikipedia/commons/3/37/Jim_Hall_%28racer%29.jpg?utm_source=en.wikipedia.org&utm_campaign=api&utm_content=thumbnail_unscaled,American,,0,0,0,,1,1,0,0
Stirling Moss,LOTUS-CLIMAX,Lotus-Climax,LOTUS-CLIMAX|FERGUSON,1961,Driver,https://upload.wikimedia.org/wikipedia/commons/thumb/b/b4/Stirling_Moss.jpg/330px-Stirling_Moss.jpg?utm_source=en.wikipedia.org&utm_campaign=api&utm_content=thumbnail,British,3,2,2,1,,4,9,0,5
Richie Ginther,FERRARI,Ferrari,FERRARI,1961,Driver,https://upload.wikimedia.org/wikipedia/commons/thumb/5/5c/Richie_Ginther_and_Roger_Penske%2C_1964_%28cropped%29.jpg/330px-Richie_Ginther_and_Roger_Penske%2C_1964_%28cropped%29.jpg?utm_source=en.wikipedia.org&utm_campaign=api&utm_content=thumbnail,American,5,0,3,0,,5,7,0,1
Phil Hill,FERRARI,Ferrari,FERRARI,1961,Driver,https://upload.wikimedia.org/wikipedia/commons/thumb/8/84/Phil_Hill_1991_USA_%28cropped%29.jpg/330px-Phil_Hill_1991_USA_%28cropped%29.jpg?utm_source=en.wikipedia.org&utm_campaign=api&utm_content=thumbnail,American,1,2,6,5,,7,7,1,0
Wolfgang von Trips,FERRARI,Ferrari,FERRARI,1961,Driver,https://upload.wikimedia.org/wikipedia/commons/thumb/f/f1/Wolfgang_von_Trips_in_1957.JPG/330px-Wolfgang_von_Trips_in_1957.JPG?utm_source=en.wikipedia.org&utm_campaign=api&utm_content=thumbnail,German,2,2,4,1,,5,7,0,2
Dan Gurney,PORSCHE,Porsche,PORSCHE,1961,Driver,https://upload.wikimedia.org/wikipedia/commons/thumb/b/b8/Dan_Gurney_%281970%29.jpg/330px-Dan_Gurney_%281970%29.jpg?utm_source=en.wikipedia.org&utm_campaign=api&utm_content=thumbnail,American,4,0,3,0,,8,8,0,0
Bruce McLaren,COOPER-CLIMAX,Cooper-Climax,COOPER-CLIMAX,1961,Driver,https://upload.wikimedia.org/wikipedia/commons/thumb/a/a0/McLarenBruce.jpg/330px-McLarenBruce.jpg?utm_source=en.wikipedia.org&utm_campaign=api&utm_content=thumbnail,New Zealander,8,0,1,0,,6,8,0,1
Maurice Trintignant,COOPER-MASERATI,Cooper-Maserati,COOPER-MASERATI,1961,Driver,https://upload.wikimedia.org/wikipedia/commons/thumb/3/35/Maurice_Trintignant_-_El_Gr%C3%A1fico_1801.jpg/330px-Maurice_Trintignant_-_El_Gr%C3%A1fico_1801.jpg?utm_source=en.wikipedia.org&utm_campaign=api&utm_content=thumbnail,French,,0,0,0,,2,5,0,2
Cliff Allison,LOTUS-CLIMAX,Lotus-Climax,LOTUS-CLIMAX,1961,Driver,https://upload.wikimedia.org/wikipedia/commons/thumb/7/7b/J_Crosthwaite_%28with_oily_rag%29_and_Graham_Hill_%28on_left_of_picture%29_with_Lotus.jpg/330px-J_Crosthwaite_%28with_oily_rag%29_and_Graham_Hill_%28on_left_of_picture%29_with_Lotus.jpg?utm_source=en.wikipedia.org&utm_campaign=api&utm_content=thumbnail,British,,0,0,0,,1,2,0,1
Hans Herrmann,PORSCHE,Porsche,PORSCHE,1961,Driver,https://upload.wikimedia.org/wikipedia/commons/thumb/1/1b/Hans_Herrmann_%282011%29.jpg/330px-Hans_Herrmann_%282011%29.jpg?utm_source=en.wikipedia.org&utm_campaign=api&utm_content=thumbnail,German,,0,0,0,,1,4,0,1
Jim Clark,LOTUS-CLIMAX,Lotus-Climax,LOTUS-CLIMAX,1961,Driver,https://upload.wikimedia.org/wikipedia/commons/thumb/4/4f/Jim_Clark_in_1963_%28cropped%29.JPG/330px-Jim_Clark_in_1963_%28cropped%29.JPG?utm_source=en.wikipedia.org&utm_campaign=api&utm_content=thumbnail,British,7,0,2,0,,5,8,0,2
John Surtees,COOPER-CLIMAX,Cooper-Climax,COOPER-CLIMAX,1961,Driver,https://upload.wikimedia.org/wikipedia/commons/thumb/c/c3/John_Surtees.JPG/330px-John_Surtees.JPG?utm_source=en.wikipedia.org&utm_campaign=api&utm_content=thumbnail,British,12,0,0,0,,3,8,0,4
Jo Bonnier,PORSCHE,Porsche,PORSCHE,1961,Driver,https://upload.wikimedia.org/wikipedia/commons/thumb/f/f9/BonnierJo196608.jpg/330px-BonnierJo196608.jpg?utm_source=en.wikipedia.org&utm_campaign=api&utm_content=thumbnail,Swedish,15,0,0,0,,4,8,0,2
Tony Brooks,BRM,BRM,BRM,1961,Driver,https://upload.wikimedia.org/wikipedia/en/8/8e/Tony_Brooks_1958_German_Grand_Prix.jpg?utm_source=en.wikipedia.org&utm_campaign=api&utm_content=thumbnail_unscaled,British,10,0,1,0,,4,8,0,2
Jack Brabham,COOPER-CLIMAX,Cooper-Climax,COOPER-CLIMAX,1961,Driver,https://upload.wikimedia.org/wikipedia/commons/thumb/e/e7/BrabhamJack1966B.jpg/330px-BrabhamJack1966B.jpg?utm_source=en.wikipedia.org&utm_campaign=api&utm_content=thumbnail,Australian,11,0,0,1,,2,8,0,6
Graham Hill,BRM,BRM,BRM,1961,Driver,https://upload.wikimedia.org/wikipedia/commons/thumb/f/fc/Graham_Hill_Bestanddeelnr_924-6564.jpg/330px-Graham_Hill_Bestanddeelnr_924-6564.jpg?utm_source=en.wikipedia.org&utm_campaign=api&utm_content=thumbnail,British,16,0,0,0,,3,8,0,5
Innes Ireland,LOTUS-CLIMAX,Lotus-Climax,LOTUS-CLIMAX,1961,Driver,https://upload.wikimedia.org/wikipedia/commons/thumb/8/8c/Innes_Ireland.jpg/330px-Innes_Ireland.jpg?utm_source=en.wikipedia.org&utm_campaign=api&utm_content=thumbnail,British,6,1,1,0,,3,7,0,4
Carel Godin de Beaufort,PORSCHE,Porsche,PORSCHE,1961,Driver,https://upload.wikimedia.org/wikipedia/commons/thumb/f/f5/N._13_at_1962_Dutch_Grand_Prix_%282%29_%28cropped%29.jpg/330px-N._13_at_1962_Dutch_Grand_Prix_%282%29_%28cropped%29.jpg?utm_source=en.wikipedia.org&utm_campaign=api&utm_content=thumbnail,Dutch,,0,0,0,,1,6,0,1
Masten Gregory,COOPER-CLIMAX,Cooper-Climax,COOPER-CLIMAX|LOTUS-CLIMAX,1961,Driver,https://upload.wikimedia.org/wikipedia/commons/thumb/2/2c/GregoryMasten1965.jpg/330px-GregoryMasten1965.jpg?utm_source=en.wikipedia.org&utm_campaign=api&utm_content=thumbnail,American,,0,0,0,,1,8,0,4
Olivier Gendebien,EMERYSON,Emeryson,EMERYSON|FERRARI|LOTUS-CLIMAX,1961,Driver,https://upload.wikimedia.org/wikipedia/commons/thumb/1/17/Olivier_Gendebien%2C_1960s.jpg/330px-Olivier_Gendebien%2C_1960s.jpg?utm_source=en.wikipedia.org&utm_campaign=api&utm_content=thumbnail,Belgian,14,0,0,0,,1,4,0,2
Jackie Lewis,COOPER-CLIMAX,Cooper-Climax,COOPER-CLIMAX,1961,Driver,https://upload.wikimedia.org/wikipedia/commons/3/37/Photograph_of_Jackie_Lewis_in_1961.jpg?utm_source=en.wikipedia.org&utm_campaign=api&utm_content=thumbnail_unscaled,British,13,0,0,0,,3,5,0,2
Lorenzo Bandini,COOPER-MASERATI,Cooper-Maserati,COOPER-MASERATI,1961,Driver,https://upload.wikimedia.org/wikipedia/commons/d/d8/Bandini1966cropped.jpg?utm_source=en.wikipedia.org&utm_campaign=api&utm_content=thumbnail_unscaled,Italian,,0,0,0,,1,4,0,2
Lucien Bianchi,LOTUS-CLIMAX,Lotus-Climax,LOTUS-CLIMAX,1961,Driver,https://upload.wikimedia.org/wikipedia/commons/thumb/a/ac/BianciLucien_19680802.jpg/330px-BianciLucien_19680802.jpg?utm_source=en.wikipedia.org&utm_campaign=api&utm_content=thumbnail,Belgian,,0,0,0,,0,3,0,3
Willy Mairesse,LOTUS-CLIMAX,Lotus-Climax,LOTUS-CLIMAX|FERRARI,1961,Driver,https://upload.wikimedia.org/wikipedia/commons/thumb/4/48/Willy_Mairesse.jpg/330px-Willy_Mairesse.jpg?utm_source=en.wikipedia.org&utm_campaign=api&utm_content=thumbnail,Belgian,,0,0,0,,0,3,0,3
Wolfgang Seidel,LOTUS-CLIMAX,Lotus-Climax,LOTUS-CLIMAX,1961,Driver,https://upload.wikimedia.org/wikipedia/commons/thumb/0/08/1955-05-01_Mille_Miglia_Porsche_550-15_Seidel_Gl%C3%B6ckler.jpg/330px-1955-05-01_Mille_Miglia_Porsche_550-15_Seidel_Gl%C3%B6ckler.jpg?utm_source=en.wikipedia.org&utm_campaign=api&utm_content=thumbnail,German,,0,0,0,,0,5,0,4
Henry Taylor,LOTUS-CLIMAX,Lotus-Climax,LOTUS-CLIMAX,1961,Driver,https://upload.wikimedia.org/wikipedia/commons/thumb/8/86/Henry_Taylor_driving_a_Ford_Cortina_down_the_bobsleigh_run_at_Cortina_d%27Ampezzo.jpg/330px-Henry_Taylor_driving_a_Ford_Cortina_down_the_bobsleigh_run_at_Cortina_d%27Ampezzo.jpg?utm_source=en.wikipedia.org&utm_campaign=api&utm_content=thumbnail,British,,0,0,0,,1,4,0,2
Giancarlo Baghetti,FERRARI,Ferrari,FERRARI,1961,Driver,https://upload.wikimedia.org/wikipedia/commons/thumb/c/c4/1961_Syracuse_GP_-_Giancarlo_Baghetti_%28Ferrari_156_F1%29.jpg/330px-1961_Syracuse_GP_-_Giancarlo_Baghetti_%28Ferrari_156_F1%29.jpg?utm_source=en.wikipedia.org&utm_campaign=api&utm_content=thumbnail,Italian,9,1,1,0,,1,3,0,2
Roy Salvadori,COOPER-CLIMAX,Cooper-Climax,COOPER-CLIMAX,1961,Driver,https://upload.wikimedia.org/wikipedia/commons/thumb/3/3d/1958-03-22_Sebring_Roy_Salvadori_%28cropped2%29.jpg/330px-1958-03-22_Sebring_Roy_Salvadori_%28cropped2%29.jpg?utm_source=en.wikipedia.org&utm_campaign=api&utm_content=thumbnail,British,17,0,0,0,,4,5,0,1
Giorgio Scarlatti,DE_TOMASO-OSCA,De Tomaso-Osca,DE_TOMASO-OSCA,1961,Driver,https://upload.wikimedia.org/wikipedia/commons/thumb/9/9e/1957-08-18_Pescara_GP_Maserati_250_Scarlatti.jpg/330px-1957-08-18_Pescara_GP_Maserati_250_Scarlatti.jpg?utm_source=en.wikipedia.org&utm_campaign=api&utm_content=thumbnail,Italian,,0,0,0,,0,1,0,1
Juan Manuel Bordeu,LOTUS-CLIMAX,Lotus-Climax,LOTUS-CLIMAX,1961,Driver,https://upload.wikimedia.org/wikipedia/commons/thumb/7/7f/Bordeu_-_El_Gr%C3%A1fico_2444.jpg/330px-Bordeu_-_El_Gr%C3%A1fico_2444.jpg?utm_source=en.wikipedia.org&utm_campaign=api&utm_content=thumbnail,Argentine,,0,0,0,,0,1,0,1
Massimo Natili,COOPER-MASERATI,Cooper-Maserati,COOPER-MASERATI,1961,Driver,https://upload.wikimedia.org/wikipedia/en/3/3d/Massimo_Natili.jpg?utm_source=en.wikipedia.org&utm_campaign=api&utm_content=thumbnail_unscaled,Italian,,0,0,0,,0,2,0,2
Edgar Barth,PORSCHE,Porsche,PORSCHE,1961,Driver,https://upload.wikimedia.org/wikipedia/commons/thumb/3/3d/Edgar_Barth_podium_Nurburgring_1957.jpg/330px-Edgar_Barth_podium_Nurburgring_1957.jpg?utm_source=en.wikipedia.org&utm_campaign=api&utm_content=thumbnail,German,,0,0,0,,0,2,0,2
Renato Pirocchi,COOPER-CLIMAX,Cooper-Climax,COOPER-CLIMAX|COOPER-MASERATI,1961,Driver,https://upload.wikimedia.org/wikipedia/commons/thumb/b/b5/Renato_Pirocchi_-_VII_Gran_Premio_di_Modena_F1_1961.jpg/330px-Renato_Pirocchi_-_VII_Gran_Premio_di_Modena_F1_1961.jpg?utm_source=en.wikipedia.org&utm_campaign=api&utm_content=thumbnail,Italian,,0,0,0,,0,2,0,1
Geoff Duke,COOPER-CLIMAX,Cooper-Climax,COOPER-CLIMAX,1961,Driver,https://upload.wikimedia.org/wikipedia/commons/thumb/d/d4/Geoff_Duke_%281951%29.jpg/330px-Geoff_Duke_%281951%29.jpg?utm_source=en.wikipedia.org&utm_campaign=api&utm_content=thumbnail,British,,0,0,0,,0,1,0,1
Ricardo Rodríguez,FERRARI,Ferrari,FERRARI,1961,Driver,https://upload.wikimedia.org/wikipedia/en/9/9d/Ricardo_Rodr%C3%ADguez_%28racing_driver%29.png?utm_source=en.wikipedia.org&utm_campaign=api&utm_content=thumbnail_unscaled,Mexican,,0,0,0,,0,1,0,1
Nino Vaccarella,DE_TOMASO-ALFA_ROMEO,De Tomaso-Alfa Romeo,DE_TOMASO-ALFA_ROMEO,1961,Driver,https://upload.wikimedia.org/wikipedia/commons/thumb/b/be/Vaccarella%2C_Nino_1972-07-07.jpg/330px-Vaccarella%2C_Nino_1972-07-07.jpg?utm_source=en.wikipedia.org&utm_campaign=api&utm_content=thumbnail,Italian,,0,0,0,,0,1,0,1
Roberto Bussinello,DE_TOMASO-ALFA_ROMEO,De Tomaso-Alfa Romeo,DE_TOMASO-ALFA_ROMEO,1961,Driver,https://upload.wikimedia.org/wikipedia/commons/thumb/d/da/1965-05-09_Targa_Florio_Collesano_Alfa_Romeo_Giulia_TZ2_750112_Bussinello%2BTodaro.jpg/330px-1965-05-09_Targa_Florio_Collesano_Alfa_Romeo_Giulia_TZ2_750112_Bussinello%2BTodaro.jpg?utm_source=en.wikipedia.org&utm_campaign=api&utm_content=thumbnail,Italian,,0,0,0,,0,1,0,1
Alfonso Thiele,COOPER-CLIMAX,Cooper-Climax,COOPER-CLIMAX,1961,Driver,https://upload.wikimedia.org/wikipedia/commons/thumb/6/66/Walkiria-Terradura-Alfonso_Thiele.jpg/330px-Walkiria-Terradura-Alfonso_Thiele.jpg?utm_source=en.wikipedia.org&utm_campaign=api&utm_content=thumbnail,Italian,,0,0,0,,0,1,0,1
Roger Penske,COOPER-CLIMAX,Cooper-Climax,COOPER-CLIMAX,1961,Driver,https://upload.wikimedia.org/wikipedia/commons/thumb/5/54/Roger_Penske_2023_%28cropped%29.jpg/330px-Roger_Penske_2023_%28cropped%29.jpg?utm_source=en.wikipedia.org&utm_campaign=api&utm_content=thumbnail,American,,0,0,0,,1,1,0,0
Peter Ryan,LOTUS-CLIMAX,Lotus-Climax,LOTUS-CLIMAX,1961,Driver,https://upload.wikimedia.org/wikipedia/commons/thumb/9/96/1962-03-24_Sebring_Dino_248_SP_0806_Fulp_Ryan.jpg/330px-1962-03-24_Sebring_Dino_248_SP_0806_Fulp_Ryan.jpg?utm_source=en.wikipedia.org&utm_campaign=api&utm_content=thumbnail,Canadian,,0,0,0,,1,1,0,0
Hap Sharp,COOPER-CLIMAX,Cooper-Climax,COOPER-CLIMAX,1961,Driver,https://upload.wikimedia.org/wikipedia/commons/thumb/f/ff/1967-05-14_Targa_Florio_Collesano_Chaparral_2F_Hill%2BSharp.jpg/330px-1967-05-14_Targa_Florio_Collesano_Chaparral_2F_Hill%2BSharp.jpg?utm_source=en.wikipedia.org&utm_campaign=api&utm_content=thumbnail,American,,0,0,0,,1,1,0,0
Jim Hall,LOTUS-CLIMAX,Lotus-Climax,LOTUS-CLIMAX,1961,Driver,https://upload.wikimedia.org/wikipedia/commons/3/37/Jim_Hall_%28racer%29.jpg?utm_source=en.wikipedia.org&utm_campaign=api&utm_content=thumbnail_unscaled,American,,0,0,0,,0,1,0,1
Ken Miles,LOTUS-CLIMAX,Lotus-Climax,LOTUS-CLIMAX,1961,Driver,https://upload.wikimedia.org/wikipedia/en/4/4c/Kenneth_Henry_Miles.jpg?utm_source=en.wikipedia.org&utm_campaign=api&utm_content=thumbnail_unscaled,British,,0,0,0,,0,1,0,1
Graham Hill,BRM,BRM,BRM,1962,Driver,https://upload.wikimedia.org/wikipedia/commons/thumb/f/fc/Graham_Hill_Bestanddeelnr_924-6564.jpg/330px-Graham_Hill_Bestanddeelnr_924-6564.jpg?utm_source=en.wikipedia.org&utm_campaign=api&utm_content=thumbnail,British,1,4,6,1,,9,9,1,0
Phil Hill,FERRARI,Ferrari,FERRARI,1962,Driver,https://upload.wikimedia.org/wikipedia/commons/thumb/8/84/Phil_Hill_1991_USA_%28cropped%29.jpg/330px-Phil_Hill_1991_USA_%28cropped%29.jpg?utm_source=en.wikipedia.org&utm_campaign=api&utm_content=thumbnail,American,6,0,3,0,,3,6,0,2
Giancarlo Baghetti,FERRARI,Ferrari,FERRARI,1962,Driver,https://upload.wikimedia.org/wikipedia/commons/thumb/c/c4/1961_Syracuse_GP_-_Giancarlo_Baghetti_%28Ferrari_156_F1%29.jpg/330px-1961_Syracuse_GP_-_Giancarlo_Baghetti_%28Ferrari_156_F1%29.jpg?utm_source=en.wikipedia.org&utm_campaign=api&utm_content=thumbnail,Italian,11,0,0,0,,3,4,0,1
Carel Godin de Beaufort,PORSCHE,Porsche,PORSCHE,1962,Driver,https://upload.wikimedia.org/wikipedia/commons/thumb/f/f5/N._13_at_1962_Dutch_Grand_Prix_%282%29_%28cropped%29.jpg/330px-N._13_at_1962_Dutch_Grand_Prix_%282%29_%28cropped%29.jpg?utm_source=en.wikipedia.org&utm_campaign=api&utm_content=thumbnail,Dutch,17,0,0,0,,4,8,0,1
Jo Bonnier,PORSCHE,Porsche,PORSCHE,1962,Driver,https://upload.wikimedia.org/wikipedia/commons/thumb/f/f9/BonnierJo196608.jpg/330px-BonnierJo196608.jpg?utm_source=en.wikipedia.org&utm_campaign=api&utm_content=thumbnail,Swedish,15,0,0,0,,4,8,0,3
Jackie Lewis,COOPER-CLIMAX,Cooper-Climax,COOPER-CLIMAX|BRM|COOPER,1962,Driver,https://upload.wikimedia.org/wikipedia/commons/3/37/Photograph_of_Jackie_Lewis_in_1961.jpg?utm_source=en.wikipedia.org&utm_campaign=api&utm_content=thumbnail_unscaled,British,,0,0,0,,2,5,0,3
Jim Clark,LOTUS-CLIMAX,Lotus-Climax,LOTUS-CLIMAX,1962,Driver,https://upload.wikimedia.org/wikipedia/commons/thumb/4/4f/Jim_Clark_in_1963_%28cropped%29.JPG/330px-Jim_Clark_in_1963_%28cropped%29.JPG?utm_source=en.wikipedia.org&utm_campaign=api&utm_content=thumbnail,British,2,3,3,6,,5,9,0,4
Ricardo Rodríguez,FERRARI,Ferrari,FERRARI,1962,Driver,https://upload.wikimedia.org/wikipedia/en/9/9d/Ricardo_Rodr%C3%ADguez_%28racing_driver%29.png?utm_source=en.wikipedia.org&utm_campaign=api&utm_content=thumbnail_unscaled,Mexican,13,0,0,0,,2,5,0,2
Richie Ginther,BRM,BRM,BRM,1962,Driver,https://upload.wikimedia.org/wikipedia/commons/thumb/5/5c/Richie_Ginther_and_Roger_Penske%2C_1964_%28cropped%29.jpg/330px-Richie_Ginther_and_Roger_Penske%2C_1964_%28cropped%29.jpg?utm_source=en.wikipedia.org&utm_campaign=api&utm_content=thumbnail,American,8,0,2,0,,4,9,0,4
Innes Ireland,LOTUS-CLIMAX,Lotus-Climax,LOTUS-CLIMAX,1962,Driver,https://upload.wikimedia.org/wikipedia/commons/thumb/8/8c/Innes_Ireland.jpg/330px-Innes_Ireland.jpg?utm_source=en.wikipedia.org&utm_campaign=api&utm_content=thumbnail,British,16,0,0,0,,2,8,0,5
Masten Gregory,LOTUS-BRM,Lotus-BRM,LOTUS-BRM|LOTUS-CLIMAX,1962,Driver,https://upload.wikimedia.org/wikipedia/commons/thumb/2/2c/GregoryMasten1965.jpg/330px-GregoryMasten1965.jpg?utm_source=en.wikipedia.org&utm_campaign=api&utm_content=thumbnail,American,18,0,0,0,,2,6,0,3
Wolfgang Seidel,EMERYSON,Emeryson,EMERYSON|LOTUS-BRM,1962,Driver,https://upload.wikimedia.org/wikipedia/commons/thumb/0/08/1955-05-01_Mille_Miglia_Porsche_550-15_Seidel_Gl%C3%B6ckler.jpg/330px-1955-05-01_Mille_Miglia_Porsche_550-15_Seidel_Gl%C3%B6ckler.jpg?utm_source=en.wikipedia.org&utm_campaign=api&utm_content=thumbnail,German,,0,0,0,,0,2,0,2
Dan Gurney,PORSCHE,Porsche,PORSCHE|LOTUS-BRM,1962,Driver,https://upload.wikimedia.org/wikipedia/commons/thumb/b/b8/Dan_Gurney_%281970%29.jpg/330px-Dan_Gurney_%281970%29.jpg?utm_source=en.wikipedia.org&utm_campaign=api&utm_content=thumbnail,American,5,1,2,1,,4,8,0,3
Bruce McLaren,COOPER-CLIMAX,Cooper-Climax,COOPER-CLIMAX,1962,Driver,https://upload.wikimedia.org/wikipedia/commons/thumb/a/a0/McLarenBruce.jpg/330px-McLarenBruce.jpg?utm_source=en.wikipedia.org&utm_campaign=api&utm_content=thumbnail,New Zealander,3,1,5,0,,7,9,0,2
Roy Salvadori,LOLA,Lola,LOLA,1962,Driver,https://upload.wikimedia.org/wikipedia/commons/thumb/3/3d/1958-03-22_Sebring_Roy_Salvadori_%28cropped2%29.jpg/330px-1958-03-22_Sebring_Roy_Salvadori_%28cropped2%29.jpg?utm_source=en.wikipedia.org&utm_campaign=api&utm_content=thumbnail,British,,0,0,0,,0,9,0,9
John Surtees,LOLA,Lola,LOLA,1962,Driver,https://upload.wikimedia.org/wikipedia/commons/thumb/c/c3/John_Surtees.JPG/330px-John_Surtees.JPG?utm_source=en.wikipedia.org&utm_campaign=api&utm_content=thumbnail,British,4,0,2,1,,5,9,0,4
Jack Brabham,LOTUS-CLIMAX,Lotus-Climax,LOTUS-CLIMAX|BRABHAM,1962,Driver,https://upload.wikimedia.org/wikipedia/commons/thumb/e/e7/BrabhamJack1966B.jpg/330px-BrabhamJack1966B.jpg?utm_source=en.wikipedia.org&utm_campaign=api&utm_content=thumbnail,Australian,9,0,0,0,,5,8,0,3
Ben Pon,PORSCHE,Porsche,PORSCHE,1962,Driver,https://upload.wikimedia.org/wikipedia/commons/thumb/6/66/Ben_Pon_%281964%29.jpg/330px-Ben_Pon_%281964%29.jpg?utm_source=en.wikipedia.org&utm_campaign=api&utm_content=thumbnail,Dutch,,0,0,0,,0,1,0,1
Rob Slotemaker,PORSCHE,Porsche,PORSCHE,1962,Driver,https://upload.wikimedia.org/wikipedia/commons/thumb/0/01/Rob_Slotemaker_1968.jpg/330px-Rob_Slotemaker_1968.jpg?utm_source=en.wikipedia.org&utm_campaign=api&utm_content=thumbnail,Dutch,,0,0,0,,0,1,0,1
Maurice Trintignant,LOTUS-CLIMAX,Lotus-Climax,LOTUS-CLIMAX,1962,Driver,https://upload.wikimedia.org/wikipedia/commons/thumb/3/35/Maurice_Trintignant_-_El_Gr%C3%A1fico_1801.jpg/330px-Maurice_Trintignant_-_El_Gr%C3%A1fico_1801.jpg?utm_source=en.wikipedia.org&utm_campaign=api&utm_content=thumbnail,French,,0,0,0,,2,8,0,6
Lorenzo Bandini,FERRARI,Ferrari,FERRARI,1962,Driver,https://upload.wikimedia.org/wikipedia/commons/d/d8/Bandini1966cropped.jpg?utm_source=en.wikipedia.org&utm_campaign=api&utm_content=thumbnail_unscaled,Italian,12,0,1,0,,2,3,0,1
Willy Mairesse,FERRARI,Ferrari,FERRARI,1962,Driver,https://upload.wikimedia.org/wikipedia/commons/thumb/4/48/Willy_Mairesse.jpg/330px-Willy_Mairesse.jpg?utm_source=en.wikipedia.org&utm_campaign=api&utm_content=thumbnail,Belgian,14,0,0,0,,2,3,0,1
Roberto Bussinello,DE_TOMASO-ALFA_ROMEO,De Tomaso-Alfa Romeo,DE_TOMASO-ALFA_ROMEO,1962,Driver,https://upload.wikimedia.org/wikipedia/commons/thumb/d/da/1965-05-09_Targa_Florio_Collesano_Alfa_Romeo_Giulia_TZ2_750112_Bussinello%2BTodaro.jpg/330px-1965-05-09_Targa_Florio_Collesano_Alfa_Romeo_Giulia_TZ2_750112_Bussinello%2BTodaro.jpg?utm_source=en.wikipedia.org&utm_campaign=api&utm_content=thumbnail,Italian,,0,0,0,,0,1,0,1
Lucien Bianchi,LOTUS-CLIMAX,Lotus-Climax,LOTUS-CLIMAX|ENB,1962,Driver,https://upload.wikimedia.org/wikipedia/commons/thumb/a/ac/BianciLucien_19680802.jpg/330px-BianciLucien_19680802.jpg?utm_source=en.wikipedia.org&utm_campaign=api&utm_content=thumbnail,Belgian,,0,0,0,,1,2,0,0
Jo Siffert,LOTUS-CLIMAX,Lotus-Climax,LOTUS-CLIMAX|LOTUS-BRM,1962,Driver,https://upload.wikimedia.org/wikipedia/commons/thumb/7/7e/Siffert%2C_Joseph_1968.jpg/330px-Siffert%2C_Joseph_1968.jpg?utm_source=en.wikipedia.org&utm_campaign=api&utm_content=thumbnail,Swiss,,0,0,0,,1,4,0,2
Heinz Schiller,PORSCHE,Porsche,PORSCHE|LOTUS-BRM,1962,Driver,https://upload.wikimedia.org/wikipedia/commons/thumb/d/d6/1964-05-31_Nr._65_Siffert%2CSchiller%2C_Nr._45_Pon%2C_Koch.JPG/330px-1964-05-31_Nr._65_Siffert%2CSchiller%2C_Nr._45_Pon%2C_Koch.JPG?utm_source=en.wikipedia.org&utm_campaign=api&utm_content=thumbnail,Swiss,,0,0,0,,0,2,0,2
Peter Arundell,TEAM_LOTUS,Team Lotus,TEAM_LOTUS,1962,Driver,https://upload.wikimedia.org/wikipedia/commons/thumb/e/e3/Peter_Arundell_1968_kl.JPG/330px-Peter_Arundell_1968_kl.JPG?utm_source=en.wikipedia.org&utm_campaign=api&utm_content=thumbnail,British,,0,0,0,,0,1,0,1
Carlo Abate,LOTUS-CLIMAX,Lotus-Climax,LOTUS-CLIMAX,1962,Driver,https://upload.wikimedia.org/wikipedia/commons/thumb/0/0d/1963-05-19_Ferrari_250_TRI_von_Abate_u._Maglioli%2C_N%C3%BCrburgring.jpg/330px-1963-05-19_Ferrari_250_TRI_von_Abate_u._Maglioli%2C_N%C3%BCrburgring.jpg?utm_source=en.wikipedia.org&utm_campaign=api&utm_content=thumbnail,Italian,,0,0,0,,0,1,0,1
Heini Walter,PORSCHE,Porsche,PORSCHE,1962,Driver,https://upload.wikimedia.org/wikipedia/commons/thumb/c/ca/Schauinsland_Heini_Walter%2C_Genf_%28Schweiz%29%3B_Porsche%3B_Portrait_-_W134Nr.073227_-_Willy_Pragher_%28cropped%29.jpg/330px-Schauinsland_Heini_Walter%2C_Genf_%28Schweiz%29%3B_Porsche%3B_Portrait_-_W134Nr.073227_-_Willy_Pragher_%28cropped%29.jpg?utm_source=en.wikipedia.org&utm_campaign=api&utm_content=thumbnail,Swiss,,0,0,0,,0,1,0,0
Nino Vaccarella,PORSCHE,Porsche,PORSCHE|LOTUS-CLIMAX,1962,Driver,https://upload.wikimedia.org/wikipedia/commons/thumb/b/be/Vaccarella%2C_Nino_1972-07-07.jpg/330px-Vaccarella%2C_Nino_1972-07-07.jpg?utm_source=en.wikipedia.org&utm_campaign=api&utm_content=thumbnail,Italian,,0,0,0,,1,2,0,0
Roger Penske,LOTUS-CLIMAX,Lotus-Climax,LOTUS-CLIMAX,1962,Driver,https://upload.wikimedia.org/wikipedia/commons/thumb/5/54/Roger_Penske_2023_%28cropped%29.jpg/330px-Roger_Penske_2023_%28cropped%29.jpg?utm_source=en.wikipedia.org&utm_campaign=api&utm_content=thumbnail,American,,0,0,0,,1,1,0,0
Hap Sharp,COOPER-CLIMAX,Cooper-Climax,COOPER-CLIMAX,1962,Driver,https://upload.wikimedia.org/wikipedia/commons/thumb/f/ff/1967-05-14_Targa_Florio_Collesano_Chaparral_2F_Hill%2BSharp.jpg/330px-1967-05-14_Targa_Florio_Collesano_Chaparral_2F_Hill%2BSharp.jpg?utm_source=en.wikipedia.org&utm_campaign=api&utm_content=thumbnail,American,,0,0,0,,0,1,0,0
Jim Hall,LOTUS-CLIMAX,Lotus-Climax,LOTUS-CLIMAX,1962,Driver,https://upload.wikimedia.org/wikipedia/commons/3/37/Jim_Hall_%28racer%29.jpg?utm_source=en.wikipedia.org&utm_campaign=api&utm_content=thumbnail_unscaled,American,,0,0,0,,0,1,0,1
John Love,COOPER-CLIMAX,Cooper-Climax,COOPER-CLIMAX,1962,Driver,https://upload.wikimedia.org/wikipedia/commons/thumb/b/b6/John_Love_Surtees_TS9_2019_Silverstone_Classic_%2848557776041%29.jpg/330px-John_Love_Surtees_TS9_2019_Silverstone_Classic_%2848557776041%29.jpg?utm_source=en.wikipedia.org&utm_campaign=api&utm_content=thumbnail,Rhodesian,,0,0,0,,1,1,0,0
Gary Hocking,LOTUS-CLIMAX,Lotus-Climax,LOTUS-CLIMAX,1962,Driver,https://upload.wikimedia.org/wikipedia/commons/thumb/8/8f/Gary_Hocking_%281961%29.jpg/330px-Gary_Hocking_%281961%29.jpg?utm_source=en.wikipedia.org&utm_campaign=api&utm_content=thumbnail,Rhodesian,,0,0,0,,0,1,0,1
Sam Tingle,LOTUS-CLIMAX,Lotus-Climax,LOTUS-CLIMAX,1962,Driver,https://upload.wikimedia.org/wikipedia/commons/thumb/b/ba/1965_Sam_Tingle_Formula_1_LDS_Race_Car-1_%2829891690293%29.jpg/330px-1965_Sam_Tingle_Formula_1_LDS_Race_Car-1_%2829891690293%29.jpg?utm_source=en.wikipedia.org&utm_campaign=api&utm_content=thumbnail,Rhodesian,,0,0,0,,0,1,0,1
Graham Hill,BRM,BRM,BRM,1963,Driver,https://upload.wikimedia.org/wikipedia/commons/thumb/f/fc/Graham_Hill_Bestanddeelnr_924-6564.jpg/330px-Graham_Hill_Bestanddeelnr_924-6564.jpg?utm_source=en.wikipedia.org&utm_campaign=api&utm_content=thumbnail,British,2,2,5,2,,6,10,0,3
Richie Ginther,BRM,BRM,BRM,1963,Driver,https://upload.wikimedia.org/wikipedia/commons/thumb/5/5c/Richie_Ginther_and_Roger_Penske%2C_1964_%28cropped%29.jpg/330px-Richie_Ginther_and_Roger_Penske%2C_1964_%28cropped%29.jpg?utm_source=en.wikipedia.org&utm_campaign=api&utm_content=thumbnail,American,3,0,5,0,,8,10,0,2
Bruce McLaren,COOPER-CLIMAX,Cooper-Climax,COOPER-CLIMAX,1963,Driver,https://upload.wikimedia.org/wikipedia/commons/thumb/a/a0/McLarenBruce.jpg/330px-McLarenBruce.jpg?utm_source=en.wikipedia.org&utm_campaign=api&utm_content=thumbnail,New Zealander,6,0,3,0,,4,10,0,4
John Surtees,FERRARI,Ferrari,FERRARI,1963,Driver,https://upload.wikimedia.org/wikipedia/commons/thumb/c/c3/John_Surtees.JPG/330px-John_Surtees.JPG?utm_source=en.wikipedia.org&utm_campaign=api&utm_content=thumbnail,British,4,1,3,1,,5,10,0,5
Jo Bonnier,COOPER-CLIMAX,Cooper-Climax,COOPER-CLIMAX,1963,Driver,https://upload.wikimedia.org/wikipedia/commons/thumb/f/f9/BonnierJo196608.jpg/330px-BonnierJo196608.jpg?utm_source=en.wikipedia.org&utm_campaign=api&utm_content=thumbnail,Swedish,11,0,0,0,,7,10,0,2
Jim Clark,LOTUS-CLIMAX,Lotus-Climax,LOTUS-CLIMAX,1963,Driver,https://upload.wikimedia.org/wikipedia/commons/thumb/4/4f/Jim_Clark_in_1963_%28cropped%29.JPG/330px-Jim_Clark_in_1963_%28cropped%29.JPG?utm_source=en.wikipedia.org&utm_campaign=api&utm_content=thumbnail,British,1,7,9,7,,10,10,1,0
Jack Brabham,BRABHAM,Brabham,BRABHAM|LOTUS-CLIMAX,1963,Driver,https://upload.wikimedia.org/wikipedia/commons/thumb/e/e7/BrabhamJack1966B.jpg/330px-BrabhamJack1966B.jpg?utm_source=en.wikipedia.org&utm_campaign=api&utm_content=thumbnail,Australian,7,0,1,0,,6,10,0,3
Innes Ireland,BRP,BRP,BRP|LOTUS-BRM,1963,Driver,https://upload.wikimedia.org/wikipedia/commons/thumb/8/8c/Innes_Ireland.jpg/330px-Innes_Ireland.jpg?utm_source=en.wikipedia.org&utm_campaign=api&utm_content=thumbnail,British,9,0,0,0,,3,9,0,6
Willy Mairesse,FERRARI,Ferrari,FERRARI,1963,Driver,https://upload.wikimedia.org/wikipedia/commons/thumb/4/48/Willy_Mairesse.jpg/330px-Willy_Mairesse.jpg?utm_source=en.wikipedia.org&utm_campaign=api&utm_content=thumbnail,Belgian,,0,0,0,,0,3,0,3
Maurice Trintignant,LOLA,Lola,LOLA|LOTUS-CLIMAX|BRM,1963,Driver,https://upload.wikimedia.org/wikipedia/commons/thumb/3/35/Maurice_Trintignant_-_El_Gr%C3%A1fico_1801.jpg/330px-Maurice_Trintignant_-_El_Gr%C3%A1fico_1801.jpg?utm_source=en.wikipedia.org&utm_campaign=api&utm_content=thumbnail,French,,0,0,0,,2,3,0,1
Dan Gurney,BRABHAM,Brabham,BRABHAM,1963,Driver,https://upload.wikimedia.org/wikipedia/commons/thumb/b/b8/Dan_Gurney_%281970%29.jpg/330px-Dan_Gurney_%281970%29.jpg?utm_source=en.wikipedia.org&utm_campaign=api&utm_content=thumbnail,American,5,0,3,0,,5,10,0,4
Jim Hall,LOTUS-BRM,Lotus-BRM,LOTUS-BRM,1963,Driver,https://upload.wikimedia.org/wikipedia/commons/3/37/Jim_Hall_%28racer%29.jpg?utm_source=en.wikipedia.org&utm_campaign=api&utm_content=thumbnail_unscaled,American,13,0,0,0,,6,9,0,2
Jo Siffert,LOTUS-BRM,Lotus-BRM,LOTUS-BRM,1963,Driver,https://upload.wikimedia.org/wikipedia/commons/thumb/7/7e/Siffert%2C_Joseph_1968.jpg/330px-Siffert%2C_Joseph_1968.jpg?utm_source=en.wikipedia.org&utm_campaign=api&utm_content=thumbnail,Swiss,15,0,0,0,,4,9,0,5
Chris Amon,LOLA,Lola,LOLA|LOTUS-BRM,1963,Driver,https://upload.wikimedia.org/wikipedia/commons/thumb/7/7b/AmonChris19730706.jpg/330px-AmonChris19730706.jpg?utm_source=en.wikipedia.org&utm_campaign=api&utm_content=thumbnail,New Zealander,,0,0,0,,2,8,0,6
Phil Hill,ATS,ATS,ATS|LOTUS-BRM,1963,Driver,https://upload.wikimedia.org/wikipedia/commons/thumb/8/84/Phil_Hill_1991_USA_%28cropped%29.jpg/330px-Phil_Hill_1991_USA_%28cropped%29.jpg?utm_source=en.wikipedia.org&utm_campaign=api&utm_content=thumbnail,American,,0,0,0,,0,9,0,8
Giancarlo Baghetti,ATS,ATS,ATS,1963,Driver,https://upload.wikimedia.org/wikipedia/commons/thumb/c/c4/1961_Syracuse_GP_-_Giancarlo_Baghetti_%28Ferrari_156_F1%29.jpg/330px-1961_Syracuse_GP_-_Giancarlo_Baghetti_%28Ferrari_156_F1%29.jpg?utm_source=en.wikipedia.org&utm_campaign=api&utm_content=thumbnail,Italian,,0,0,0,,0,9,0,8
Lorenzo Bandini,BRM,BRM,BRM|FERRARI,1963,Driver,https://upload.wikimedia.org/wikipedia/commons/d/d8/Bandini1966cropped.jpg?utm_source=en.wikipedia.org&utm_campaign=api&utm_content=thumbnail_unscaled,Italian,10,0,0,0,,4,9,0,5
Carel Godin de Beaufort,PORSCHE,Porsche,PORSCHE,1963,Driver,https://upload.wikimedia.org/wikipedia/commons/thumb/f/f5/N._13_at_1962_Dutch_Grand_Prix_%282%29_%28cropped%29.jpg/330px-N._13_at_1962_Dutch_Grand_Prix_%282%29_%28cropped%29.jpg?utm_source=en.wikipedia.org&utm_campaign=api&utm_content=thumbnail,Dutch,14,0,0,0,,6,8,0,2
Lucien Bianchi,LOLA,Lola,LOLA,1963,Driver,https://upload.wikimedia.org/wikipedia/commons/thumb/a/ac/BianciLucien_19680802.jpg/330px-BianciLucien_19680802.jpg?utm_source=en.wikipedia.org&utm_campaign=api&utm_content=thumbnail,Belgian,,0,0,0,,0,1,0,1
Peter Arundell,LOTUS-CLIMAX,Lotus-Climax,LOTUS-CLIMAX,1963,Driver,https://upload.wikimedia.org/wikipedia/commons/thumb/e/e3/Peter_Arundell_1968_kl.JPG/330px-Peter_Arundell_1968_kl.JPG?utm_source=en.wikipedia.org&utm_campaign=api&utm_content=thumbnail,British,,0,0,0,,0,2,0,2
Ludovico Scarfiotti,FERRARI,Ferrari,FERRARI,1963,Driver,https://upload.wikimedia.org/wikipedia/commons/b/b7/Ludivico_Scarfiotti_1966_N%C3%BCrburgring.jpg?utm_source=en.wikipedia.org&utm_campaign=api&utm_content=thumbnail_unscaled,Italian,17,0,0,0,,1,3,0,2
Gerhard Mitter,PORSCHE,Porsche,PORSCHE,1963,Driver,https://upload.wikimedia.org/wikipedia/commons/thumb/9/91/MitterGerhard1968.jpg/330px-MitterGerhard1968.jpg?utm_source=en.wikipedia.org&utm_campaign=api&utm_content=thumbnail,German,12,0,0,0,,1,3,0,2
Masten Gregory,LOTUS-BRM,Lotus-BRM,LOTUS-BRM|LOLA,1963,Driver,https://upload.wikimedia.org/wikipedia/commons/thumb/2/2c/GregoryMasten1965.jpg/330px-GregoryMasten1965.jpg?utm_source=en.wikipedia.org&utm_campaign=api&utm_content=thumbnail,American,,0,0,0,,0,6,0,5
Mike Hailwood,LOLA,Lola,LOLA|LOTUS-CLIMAX,1963,Driver,https://upload.wikimedia.org/wikipedia/commons/thumb/f/f0/Mike_Hailwood.jpg/330px-Mike_Hailwood.jpg?utm_source=en.wikipedia.org&utm_campaign=api&utm_content=thumbnail,British,,0,0,0,,2,3,0,1
Bob Anderson,LOLA,Lola,LOLA,1963,Driver,https://upload.wikimedia.org/wikipedia/en/c/ce/Bob_Anderson_%28racing_driver%29.jpg?utm_source=en.wikipedia.org&utm_campaign=api&utm_content=thumbnail_unscaled,British,,0,0,0,,0,2,0,0
Mike Spence,LOTUS-CLIMAX,Lotus-Climax,LOTUS-CLIMAX,1963,Driver,https://upload.wikimedia.org/wikipedia/commons/thumb/5/50/Mike_Spence_%28cropped%29.jpg/330px-Mike_Spence_%28cropped%29.jpg?utm_source=en.wikipedia.org&utm_campaign=api&utm_content=thumbnail,British,,0,0,0,,0,1,0,0
Carlo Abate,PORSCHE,Porsche,PORSCHE,1963,Driver,https://upload.wikimedia.org/wikipedia/commons/thumb/0/0d/1963-05-19_Ferrari_250_TRI_von_Abate_u._Maglioli%2C_N%C3%BCrburgring.jpg/330px-1963-05-19_Ferrari_250_TRI_von_Abate_u._Maglioli%2C_N%C3%BCrburgring.jpg?utm_source=en.wikipedia.org&utm_campaign=api&utm_content=thumbnail,Italian,,0,0,0,,0,1,0,1
Rodger Ward,LOTUS-BRM,Lotus-BRM,LOTUS-BRM,1963,Driver,https://upload.wikimedia.org/wikipedia/commons/thumb/9/9d/Rodger_Ward_1950.jpg/330px-Rodger_Ward_1950.jpg?utm_source=en.wikipedia.org&utm_campaign=api&utm_content=thumbnail,American,,0,0,0,,0,1,0,1
Pedro Rodríguez,LOTUS-CLIMAX,Lotus-Climax,LOTUS-CLIMAX,1963,Driver,https://upload.wikimedia.org/wikipedia/commons/thumb/6/68/Pedro_Rodr%C3%ADguez_1968_N%C3%BCrburgring-1_%28cropped%29.jpg/330px-Pedro_Rodr%C3%ADguez_1968_N%C3%BCrburgring-1_%28cropped%29.jpg?utm_source=en.wikipedia.org&utm_campaign=api&utm_content=thumbnail,Mexican,,0,0,0,,0,2,0,2
Hap Sharp,LOTUS-BRM,Lotus-BRM,LOTUS-BRM,1963,Driver,https://upload.wikimedia.org/wikipedia/commons/thumb/f/ff/1967-05-14_Targa_Florio_Collesano_Chaparral_2F_Hill%2BSharp.jpg/330px-1967-05-14_Targa_Florio_Collesano_Chaparral_2F_Hill%2BSharp.jpg?utm_source=en.wikipedia.org&utm_campaign=api&utm_content=thumbnail,American,,0,0,0,,1,2,0,1
John Love,COOPER-CLIMAX,Cooper-Climax,COOPER-CLIMAX,1963,Driver,https://upload.wikimedia.org/wikipedia/commons/thumb/b/b6/John_Love_Surtees_TS9_2019_Silverstone_Classic_%2848557776041%29.jpg/330px-John_Love_Surtees_TS9_2019_Silverstone_Classic_%2848557776041%29.jpg?utm_source=en.wikipedia.org&utm_campaign=api&utm_content=thumbnail,Rhodesian,,0,0,0,,1,1,0,0
Sam Tingle,LDS,LDS,LDS,1963,Driver,https://upload.wikimedia.org/wikipedia/commons/thumb/b/ba/1965_Sam_Tingle_Formula_1_LDS_Race_Car-1_%2829891690293%29.jpg/330px-1965_Sam_Tingle_Formula_1_LDS_Race_Car-1_%2829891690293%29.jpg?utm_source=en.wikipedia.org&utm_campaign=api&utm_content=thumbnail,Rhodesian,,0,0,0,,0,1,0,1
Graham Hill,BRM,BRM,BRM,1964,Driver,https://upload.wikimedia.org/wikipedia/commons/thumb/f/fc/Graham_Hill_Bestanddeelnr_924-6564.jpg/330px-Graham_Hill_Bestanddeelnr_924-6564.jpg?utm_source=en.wikipedia.org&utm_campaign=api&utm_content=thumbnail,British,2,2,5,1,,7,10,0,2
Richie Ginther,BRM,BRM,BRM,1964,Driver,https://upload.wikimedia.org/wikipedia/commons/thumb/5/5c/Richie_Ginther_and_Roger_Penske%2C_1964_%28cropped%29.jpg/330px-Richie_Ginther_and_Roger_Penske%2C_1964_%28cropped%29.jpg?utm_source=en.wikipedia.org&utm_campaign=api&utm_content=thumbnail,American,5,0,2,0,,9,10,0,0
Peter Arundell,LOTUS-CLIMAX,Lotus-Climax,LOTUS-CLIMAX,1964,Driver,https://upload.wikimedia.org/wikipedia/commons/thumb/e/e3/Peter_Arundell_1968_kl.JPG/330px-Peter_Arundell_1968_kl.JPG?utm_source=en.wikipedia.org&utm_campaign=api&utm_content=thumbnail,British,9,0,2,0,,4,4,0,0
Jim Clark,LOTUS-CLIMAX,Lotus-Climax,LOTUS-CLIMAX,1964,Driver,https://upload.wikimedia.org/wikipedia/commons/thumb/4/4f/Jim_Clark_in_1963_%28cropped%29.JPG/330px-Jim_Clark_in_1963_%28cropped%29.JPG?utm_source=en.wikipedia.org&utm_campaign=api&utm_content=thumbnail,British,3,3,3,6,,6,11,0,4
Jo Bonnier,BRABHAM-CLIMAX,Brabham-Climax,BRABHAM-CLIMAX|BRABHAM-BRM|COOPER-CLIMAX,1964,Driver,https://upload.wikimedia.org/wikipedia/commons/thumb/f/f9/BonnierJo196608.jpg/330px-BonnierJo196608.jpg?utm_source=en.wikipedia.org&utm_campaign=api&utm_content=thumbnail,Swedish,15,0,0,0,,3,9,0,5
Mike Hailwood,LOTUS-BRM,Lotus-BRM,LOTUS-BRM,1964,Driver,https://upload.wikimedia.org/wikipedia/commons/thumb/f/f0/Mike_Hailwood.jpg/330px-Mike_Hailwood.jpg?utm_source=en.wikipedia.org&utm_campaign=api&utm_content=thumbnail,British,21,0,0,0,,4,9,0,4
Bob Anderson,BRABHAM-CLIMAX,Brabham-Climax,BRABHAM-CLIMAX,1964,Driver,https://upload.wikimedia.org/wikipedia/en/c/ce/Bob_Anderson_%28racing_driver%29.jpg?utm_source=en.wikipedia.org&utm_campaign=api&utm_content=thumbnail_unscaled,British,11,0,1,0,,4,7,0,1
Jo Siffert,BRABHAM-BRM,Brabham-BRM,BRABHAM-BRM|LOTUS-BRM|BRABHAM-CLIMAX,1964,Driver,https://upload.wikimedia.org/wikipedia/commons/thumb/7/7e/Siffert%2C_Joseph_1968.jpg/330px-Siffert%2C_Joseph_1968.jpg?utm_source=en.wikipedia.org&utm_campaign=api&utm_content=thumbnail,Swiss,10,0,1,0,,4,10,0,4
Phil Hill,COOPER-CLIMAX,Cooper-Climax,COOPER-CLIMAX,1964,Driver,https://upload.wikimedia.org/wikipedia/commons/thumb/8/84/Phil_Hill_1991_USA_%28cropped%29.jpg/330px-Phil_Hill_1991_USA_%28cropped%29.jpg?utm_source=en.wikipedia.org&utm_campaign=api&utm_content=thumbnail,American,19,0,0,0,,5,9,0,4
Lorenzo Bandini,FERRARI,Ferrari,FERRARI,1964,Driver,https://upload.wikimedia.org/wikipedia/commons/d/d8/Bandini1966cropped.jpg?utm_source=en.wikipedia.org&utm_campaign=api&utm_content=thumbnail_unscaled,Italian,4,1,4,0,,7,10,0,3
Dan Gurney,BRABHAM-CLIMAX,Brabham-Climax,BRABHAM-CLIMAX,1964,Driver,https://upload.wikimedia.org/wikipedia/commons/thumb/b/b8/Dan_Gurney_%281970%29.jpg/330px-Dan_Gurney_%281970%29.jpg?utm_source=en.wikipedia.org&utm_campaign=api&utm_content=thumbnail,American,6,2,2,2,,5,10,0,4
Maurice Trintignant,BRM,BRM,BRM,1964,Driver,https://upload.wikimedia.org/wikipedia/commons/thumb/3/35/Maurice_Trintignant_-_El_Gr%C3%A1fico_1801.jpg/330px-Maurice_Trintignant_-_El_Gr%C3%A1fico_1801.jpg?utm_source=en.wikipedia.org&utm_campaign=api&utm_content=thumbnail,French,17,0,0,0,,1,4,0,2
Jack Brabham,BRABHAM-CLIMAX,Brabham-Climax,BRABHAM-CLIMAX,1964,Driver,https://upload.wikimedia.org/wikipedia/commons/thumb/e/e7/BrabhamJack1966B.jpg/330px-BrabhamJack1966B.jpg?utm_source=en.wikipedia.org&utm_campaign=api&utm_content=thumbnail,Australian,8,0,2,0,,4,10,0,4
Bruce McLaren,COOPER-CLIMAX,Cooper-Climax,COOPER-CLIMAX,1964,Driver,https://upload.wikimedia.org/wikipedia/commons/thumb/a/a0/McLarenBruce.jpg/330px-McLarenBruce.jpg?utm_source=en.wikipedia.org&utm_campaign=api&utm_content=thumbnail,New Zealander,7,0,2,0,,5,10,0,5
John Surtees,FERRARI,Ferrari,FERRARI,1964,Driver,https://upload.wikimedia.org/wikipedia/commons/thumb/c/c3/John_Surtees.JPG/330px-John_Surtees.JPG?utm_source=en.wikipedia.org&utm_campaign=api&utm_content=thumbnail,British,1,2,6,2,,6,10,1,4
Innes Ireland,BRP,BRP,BRP|LOTUS-BRM,1964,Driver,https://upload.wikimedia.org/wikipedia/commons/thumb/8/8c/Innes_Ireland.jpg/330px-Innes_Ireland.jpg?utm_source=en.wikipedia.org&utm_campaign=api&utm_content=thumbnail,British,14,0,0,0,,4,8,0,3
André Pilette,SCIROCCO,Scirocco,SCIROCCO,1964,Driver,https://upload.wikimedia.org/wikipedia/en/5/58/Andr%C3%A9_Pilette.jpg?utm_source=en.wikipedia.org&utm_campaign=api&utm_content=thumbnail_unscaled,Belgian,,0,0,0,,0,2,0,2
Giancarlo Baghetti,BRM,BRM,BRM,1964,Driver,https://upload.wikimedia.org/wikipedia/commons/thumb/c/c4/1961_Syracuse_GP_-_Giancarlo_Baghetti_%28Ferrari_156_F1%29.jpg/330px-1961_Syracuse_GP_-_Giancarlo_Baghetti_%28Ferrari_156_F1%29.jpg?utm_source=en.wikipedia.org&utm_campaign=api&utm_content=thumbnail,Italian,,0,0,0,,4,7,0,2
Chris Amon,LOTUS-BRM,Lotus-BRM,LOTUS-BRM|LOTUS-CLIMAX,1964,Driver,https://upload.wikimedia.org/wikipedia/commons/thumb/7/7b/AmonChris19730706.jpg/330px-AmonChris19730706.jpg?utm_source=en.wikipedia.org&utm_campaign=api&utm_content=thumbnail,New Zealander,16,0,0,0,,2,8,0,5
Carel Godin de Beaufort,PORSCHE,Porsche,PORSCHE,1964,Driver,https://upload.wikimedia.org/wikipedia/commons/thumb/f/f5/N._13_at_1962_Dutch_Grand_Prix_%282%29_%28cropped%29.jpg/330px-N._13_at_1962_Dutch_Grand_Prix_%282%29_%28cropped%29.jpg?utm_source=en.wikipedia.org&utm_campaign=api&utm_content=thumbnail,Dutch,,0,0,0,,0,1,0,1
Peter Revson,LOTUS-BRM,Lotus-BRM,LOTUS-BRM|LOTUS-CLIMAX,1964,Driver,https://upload.wikimedia.org/wikipedia/commons/thumb/7/7a/Peter_Revson_1973_N%C3%BCrburgring_a_%28cropped%29.jpg/330px-Peter_Revson_1973_N%C3%BCrburgring_a_%28cropped%29.jpg?utm_source=en.wikipedia.org&utm_campaign=api&utm_content=thumbnail,American,,0,0,0,,0,4,0,2
Mike Spence,LOTUS-CLIMAX,Lotus-Climax,LOTUS-CLIMAX,1964,Driver,https://upload.wikimedia.org/wikipedia/commons/thumb/5/50/Mike_Spence_%28cropped%29.jpg/330px-Mike_Spence_%28cropped%29.jpg?utm_source=en.wikipedia.org&utm_campaign=api&utm_content=thumbnail,British,12,0,0,1,,4,6,0,2
John Taylor,COOPER-CLIMAX,Cooper-Climax,COOPER-CLIMAX,1964,Driver,https://upload.wikimedia.org/wikipedia/commons/thumb/2/28/John_Taylor_1966.jpg/330px-John_Taylor_1966.jpg?utm_source=en.wikipedia.org&utm_campaign=api&utm_content=thumbnail,British,,0,0,0,,0,1,0,0
Frank Gardner,BRABHAM-FORD,Brabham-Ford,BRABHAM-FORD,1964,Driver,https://upload.wikimedia.org/wikipedia/commons/thumb/9/92/Frank_Gardner_Lola_T300_Brands_Hatch.jpg/330px-Frank_Gardner_Lola_T300_Brands_Hatch.jpg?utm_source=en.wikipedia.org&utm_campaign=api&utm_content=thumbnail,Australian,,0,0,0,,0,1,0,1
Richard Attwood,BRM,BRM,BRM,1964,Driver,https://upload.wikimedia.org/wikipedia/commons/thumb/4/4f/Richard_Attwood_1968_kl.JPG/330px-Richard_Attwood_1968_kl.JPG?utm_source=en.wikipedia.org&utm_campaign=api&utm_content=thumbnail,British,,0,0,0,,0,1,0,1
Gerhard Mitter,LOTUS-CLIMAX,Lotus-Climax,LOTUS-CLIMAX,1964,Driver,https://upload.wikimedia.org/wikipedia/commons/thumb/9/91/MitterGerhard1968.jpg/330px-MitterGerhard1968.jpg?utm_source=en.wikipedia.org&utm_campaign=api&utm_content=thumbnail,German,,0,0,0,,1,1,0,0
Ronnie Bucknum,HONDA,Honda,HONDA,1964,Driver,https://upload.wikimedia.org/wikipedia/commons/thumb/2/2b/Ron_Bucknum_met_zijn_Honda_%281964%29.jpg/330px-Ron_Bucknum_met_zijn_Honda_%281964%29.jpg?utm_source=en.wikipedia.org&utm_campaign=api&utm_content=thumbnail,American,,0,0,0,,0,3,0,2
Edgar Barth,COOPER-CLIMAX,Cooper-Climax,COOPER-CLIMAX,1964,Driver,https://upload.wikimedia.org/wikipedia/commons/thumb/3/3d/Edgar_Barth_podium_Nurburgring_1957.jpg/330px-Edgar_Barth_podium_Nurburgring_1957.jpg?utm_source=en.wikipedia.org&utm_campaign=api&utm_content=thumbnail,German,,0,0,0,,0,1,0,1
Jochen Rindt,BRABHAM-BRM,Brabham-BRM,BRABHAM-BRM,1964,Driver,https://upload.wikimedia.org/wikipedia/commons/thumb/c/cb/Rindt_at_1970_Dutch_Grand_Prix_%282C%29.jpg/330px-Rindt_at_1970_Dutch_Grand_Prix_%282C%29.jpg?utm_source=en.wikipedia.org&utm_campaign=api&utm_content=thumbnail,Austrian,,0,0,0,,0,1,0,1
Ludovico Scarfiotti,FERRARI,Ferrari,FERRARI,1964,Driver,https://upload.wikimedia.org/wikipedia/commons/b/b7/Ludivico_Scarfiotti_1966_N%C3%BCrburgring.jpg?utm_source=en.wikipedia.org&utm_campaign=api&utm_content=thumbnail_unscaled,Italian,,0,0,0,,1,1,0,0
Hap Sharp,BRABHAM-BRM,Brabham-BRM,BRABHAM-BRM,1964,Driver,https://upload.wikimedia.org/wikipedia/commons/thumb/f/ff/1967-05-14_Targa_Florio_Collesano_Chaparral_2F_Hill%2BSharp.jpg/330px-1967-05-14_Targa_Florio_Collesano_Chaparral_2F_Hill%2BSharp.jpg?utm_source=en.wikipedia.org&utm_campaign=api&utm_content=thumbnail,American,,0,0,0,,0,2,0,1
Pedro Rodríguez,FERRARI,Ferrari,FERRARI,1964,Driver,https://upload.wikimedia.org/wikipedia/commons/thumb/6/68/Pedro_Rodr%C3%ADguez_1968_N%C3%BCrburgring-1_%28cropped%29.jpg/330px-Pedro_Rodr%C3%ADguez_1968_N%C3%BCrburgring-1_%28cropped%29.jpg?utm_source=en.wikipedia.org&utm_campaign=api&utm_content=thumbnail,Mexican,22,0,0,0,,1,1,0,0
Jim Clark,LOTUS-CLIMAX,Lotus-Climax,LOTUS-CLIMAX,1965,Driver,https://upload.wikimedia.org/wikipedia/commons/thumb/4/4f/Jim_Clark_in_1963_%28cropped%29.JPG/330px-Jim_Clark_in_1963_%28cropped%29.JPG?utm_source=en.wikipedia.org&utm_campaign=api&utm_content=thumbnail,British,1,6,6,6,,7,9,1,2
John Surtees,FERRARI,Ferrari,FERRARI,1965,Driver,https://upload.wikimedia.org/wikipedia/commons/thumb/c/c3/John_Surtees.JPG/330px-John_Surtees.JPG?utm_source=en.wikipedia.org&utm_campaign=api&utm_content=thumbnail,British,5,0,3,0,,5,8,0,3
Graham Hill,BRM,BRM,BRM,1965,Driver,https://upload.wikimedia.org/wikipedia/commons/thumb/f/fc/Graham_Hill_Bestanddeelnr_924-6564.jpg/330px-Graham_Hill_Bestanddeelnr_924-6564.jpg?utm_source=en.wikipedia.org&utm_campaign=api&utm_content=thumbnail,British,2,2,6,4,,9,10,0,1
Mike Spence,LOTUS-CLIMAX,Lotus-Climax,LOTUS-CLIMAX,1965,Driver,https://upload.wikimedia.org/wikipedia/commons/thumb/5/50/Mike_Spence_%28cropped%29.jpg/330px-Mike_Spence_%28cropped%29.jpg?utm_source=en.wikipedia.org&utm_campaign=api&utm_content=thumbnail,British,8,0,1,0,,6,9,0,2
Bruce McLaren,COOPER-CLIMAX,Cooper-Climax,COOPER-CLIMAX,1965,Driver,https://upload.wikimedia.org/wikipedia/commons/thumb/a/a0/McLarenBruce.jpg/330px-McLarenBruce.jpg?utm_source=en.wikipedia.org&utm_campaign=api&utm_content=thumbnail,New Zealander,9,0,1,0,,5,10,0,5
Jackie Stewart,BRM,BRM,BRM,1965,Driver,https://upload.wikimedia.org/wikipedia/commons/thumb/4/4b/Jackie_Stewart_at_the_2014_WEC_Silverstone_round.jpg/330px-Jackie_Stewart_at_the_2014_WEC_Silverstone_round.jpg?utm_source=en.wikipedia.org&utm_campaign=api&utm_content=thumbnail,British,3,1,5,0,,7,10,0,3
Jo Siffert,BRABHAM-BRM,Brabham-BRM,BRABHAM-BRM,1965,Driver,https://upload.wikimedia.org/wikipedia/commons/thumb/7/7e/Siffert%2C_Joseph_1968.jpg/330px-Siffert%2C_Joseph_1968.jpg?utm_source=en.wikipedia.org&utm_campaign=api&utm_content=thumbnail,Swiss,12,0,0,0,,6,10,0,2
Jack Brabham,BRABHAM-CLIMAX,Brabham-Climax,BRABHAM-CLIMAX,1965,Driver,https://upload.wikimedia.org/wikipedia/commons/thumb/e/e7/BrabhamJack1966B.jpg/330px-BrabhamJack1966B.jpg?utm_source=en.wikipedia.org&utm_campaign=api&utm_content=thumbnail,Australian,10,0,1,0,,4,7,0,3
Paul Hawkins,LOTUS-CLIMAX,Lotus-Climax,LOTUS-CLIMAX|BRABHAM-FORD,1965,Driver,https://upload.wikimedia.org/wikipedia/commons/thumb/7/79/Hawkins%2C_Paul_1966.jpg/330px-Hawkins%2C_Paul_1966.jpg?utm_source=en.wikipedia.org&utm_campaign=api&utm_content=thumbnail,Australian,,0,0,0,,2,3,0,1
Frank Gardner,BRABHAM-BRM,Brabham-BRM,BRABHAM-BRM,1965,Driver,https://upload.wikimedia.org/wikipedia/commons/thumb/9/92/Frank_Gardner_Lola_T300_Brands_Hatch.jpg/330px-Frank_Gardner_Lola_T300_Brands_Hatch.jpg?utm_source=en.wikipedia.org&utm_campaign=api&utm_content=thumbnail,Australian,,0,0,0,,1,7,0,4
Sam Tingle,LDS-ALFA_ROMEO,LDS-Alfa Romeo,LDS-ALFA_ROMEO,1965,Driver,https://upload.wikimedia.org/wikipedia/commons/thumb/b/ba/1965_Sam_Tingle_Formula_1_LDS_Race_Car-1_%2829891690293%29.jpg/330px-1965_Sam_Tingle_Formula_1_LDS_Race_Car-1_%2829891690293%29.jpg?utm_source=en.wikipedia.org&utm_campaign=api&utm_content=thumbnail,Rhodesian,,0,0,0,,0,1,0,0
Lorenzo Bandini,FERRARI,Ferrari,FERRARI,1965,Driver,https://upload.wikimedia.org/wikipedia/commons/d/d8/Bandini1966cropped.jpg?utm_source=en.wikipedia.org&utm_campaign=api&utm_content=thumbnail_unscaled,Italian,6,0,1,0,,8,10,0,1
Bob Anderson,BRABHAM-CLIMAX,Brabham-Climax,BRABHAM-CLIMAX,1965,Driver,https://upload.wikimedia.org/wikipedia/en/c/ce/Bob_Anderson_%28racing_driver%29.jpg?utm_source=en.wikipedia.org&utm_campaign=api&utm_content=thumbnail_unscaled,British,,0,0,0,,2,5,0,3
Jo Bonnier,BRABHAM-CLIMAX,Brabham-Climax,BRABHAM-CLIMAX,1965,Driver,https://upload.wikimedia.org/wikipedia/commons/thumb/f/f9/BonnierJo196608.jpg/330px-BonnierJo196608.jpg?utm_source=en.wikipedia.org&utm_campaign=api&utm_content=thumbnail,Swedish,,0,0,0,,5,10,0,5
Jochen Rindt,COOPER-CLIMAX,Cooper-Climax,COOPER-CLIMAX,1965,Driver,https://upload.wikimedia.org/wikipedia/commons/thumb/c/cb/Rindt_at_1970_Dutch_Grand_Prix_%282C%29.jpg/330px-Rindt_at_1970_Dutch_Grand_Prix_%282C%29.jpg?utm_source=en.wikipedia.org&utm_campaign=api&utm_content=thumbnail,Austrian,13,0,0,0,,3,9,0,4
John Love,COOPER-CLIMAX,Cooper-Climax,COOPER-CLIMAX,1965,Driver,https://upload.wikimedia.org/wikipedia/commons/thumb/b/b6/John_Love_Surtees_TS9_2019_Silverstone_Classic_%2848557776041%29.jpg/330px-John_Love_Surtees_TS9_2019_Silverstone_Classic_%2848557776041%29.jpg?utm_source=en.wikipedia.org&utm_campaign=api&utm_content=thumbnail,Rhodesian,,0,0,0,,0,1,0,1
Dan Gurney,BRABHAM-CLIMAX,Brabham-Climax,BRABHAM-CLIMAX,1965,Driver,https://upload.wikimedia.org/wikipedia/commons/thumb/b/b8/Dan_Gurney_%281970%29.jpg/330px-Dan_Gurney_%281970%29.jpg?utm_source=en.wikipedia.org&utm_campaign=api&utm_content=thumbnail,American,4,0,5,0,,7,9,0,2
Denny Hulme,BRABHAM-CLIMAX,Brabham-Climax,BRABHAM-CLIMAX,1965,Driver,https://upload.wikimedia.org/wikipedia/commons/thumb/9/92/HulmeDenis196508_%28cropped%29.jpg/330px-HulmeDenis196508_%28cropped%29.jpg?utm_source=en.wikipedia.org&utm_campaign=api&utm_content=thumbnail,New Zealander,11,0,0,0,,3,6,0,3
Richard Attwood,LOTUS-BRM,Lotus-BRM,LOTUS-BRM,1965,Driver,https://upload.wikimedia.org/wikipedia/commons/thumb/4/4f/Richard_Attwood_1968_kl.JPG/330px-Richard_Attwood_1968_kl.JPG?utm_source=en.wikipedia.org&utm_campaign=api&utm_content=thumbnail,British,16,0,0,0,,3,8,0,2
Ronnie Bucknum,HONDA,Honda,HONDA,1965,Driver,https://upload.wikimedia.org/wikipedia/commons/thumb/2/2b/Ron_Bucknum_met_zijn_Honda_%281964%29.jpg/330px-Ron_Bucknum_met_zijn_Honda_%281964%29.jpg?utm_source=en.wikipedia.org&utm_campaign=api&utm_content=thumbnail,American,15,0,0,0,,1,6,0,4
Mike Hailwood,LOTUS-BRM,Lotus-BRM,LOTUS-BRM,1965,Driver,https://upload.wikimedia.org/wikipedia/commons/thumb/f/f0/Mike_Hailwood.jpg/330px-Mike_Hailwood.jpg?utm_source=en.wikipedia.org&utm_campaign=api&utm_content=thumbnail,British,,0,0,0,,0,1,0,1
Richie Ginther,HONDA,Honda,HONDA,1965,Driver,https://upload.wikimedia.org/wikipedia/commons/thumb/5/5c/Richie_Ginther_and_Roger_Penske%2C_1964_%28cropped%29.jpg/330px-Richie_Ginther_and_Roger_Penske%2C_1964_%28cropped%29.jpg?utm_source=en.wikipedia.org&utm_campaign=api&utm_content=thumbnail,American,7,1,1,0,,4,8,0,3
Lucien Bianchi,BRM,BRM,BRM,1965,Driver,https://upload.wikimedia.org/wikipedia/commons/thumb/a/ac/BianciLucien_19680802.jpg/330px-BianciLucien_19680802.jpg?utm_source=en.wikipedia.org&utm_campaign=api&utm_content=thumbnail,Belgian,,0,0,0,,0,1,0,0
Innes Ireland,LOTUS-BRM,Lotus-BRM,LOTUS-BRM,1965,Driver,https://upload.wikimedia.org/wikipedia/commons/thumb/8/8c/Innes_Ireland.jpg/330px-Innes_Ireland.jpg?utm_source=en.wikipedia.org&utm_campaign=api&utm_content=thumbnail,British,,0,0,0,,2,7,0,4
Masten Gregory,BRM,BRM,BRM,1965,Driver,https://upload.wikimedia.org/wikipedia/commons/thumb/2/2c/GregoryMasten1965.jpg/330px-GregoryMasten1965.jpg?utm_source=en.wikipedia.org&utm_campaign=api&utm_content=thumbnail,American,,0,0,0,,1,4,0,2
Chris Amon,LOTUS-BRM,Lotus-BRM,LOTUS-BRM,1965,Driver,https://upload.wikimedia.org/wikipedia/commons/thumb/7/7b/AmonChris19730706.jpg/330px-AmonChris19730706.jpg?utm_source=en.wikipedia.org&utm_campaign=api&utm_content=thumbnail,New Zealander,,0,0,0,,0,2,0,2
Gerhard Mitter,LOTUS-CLIMAX,Lotus-Climax,LOTUS-CLIMAX,1965,Driver,https://upload.wikimedia.org/wikipedia/commons/thumb/9/91/MitterGerhard1968.jpg/330px-MitterGerhard1968.jpg?utm_source=en.wikipedia.org&utm_campaign=api&utm_content=thumbnail,German,,0,0,0,,0,1,0,1
Nino Vaccarella,FERRARI,Ferrari,FERRARI,1965,Driver,https://upload.wikimedia.org/wikipedia/commons/thumb/b/be/Vaccarella%2C_Nino_1972-07-07.jpg/330px-Vaccarella%2C_Nino_1972-07-07.jpg?utm_source=en.wikipedia.org&utm_campaign=api&utm_content=thumbnail,Italian,,0,0,0,,0,1,0,0
Roberto Bussinello,BRM,BRM,BRM,1965,Driver,https://upload.wikimedia.org/wikipedia/commons/thumb/d/da/1965-05-09_Targa_Florio_Collesano_Alfa_Romeo_Giulia_TZ2_750112_Bussinello%2BTodaro.jpg/330px-1965-05-09_Targa_Florio_Collesano_Alfa_Romeo_Giulia_TZ2_750112_Bussinello%2BTodaro.jpg?utm_source=en.wikipedia.org&utm_campaign=api&utm_content=thumbnail,Italian,,0,0,0,,0,1,0,0
Giacomo Russo,LOTUS-CLIMAX,Lotus-Climax,LOTUS-CLIMAX,1965,Driver,https://upload.wikimedia.org/wikipedia/commons/thumb/7/79/Giacomo_Russo_1966.jpg/330px-Giacomo_Russo_1966.jpg?utm_source=en.wikipedia.org&utm_campaign=api&utm_content=thumbnail,Italian,,0,0,0,,0,1,0,1
Giancarlo Baghetti,BRABHAM-CLIMAX,Brabham-Climax,BRABHAM-CLIMAX,1965,Driver,https://upload.wikimedia.org/wikipedia/commons/thumb/c/c4/1961_Syracuse_GP_-_Giancarlo_Baghetti_%28Ferrari_156_F1%29.jpg/330px-1961_Syracuse_GP_-_Giancarlo_Baghetti_%28Ferrari_156_F1%29.jpg?utm_source=en.wikipedia.org&utm_campaign=api&utm_content=thumbnail,Italian,,0,0,0,,0,1,0,1
Pedro Rodríguez,FERRARI,Ferrari,FERRARI,1965,Driver,https://upload.wikimedia.org/wikipedia/commons/thumb/6/68/Pedro_Rodr%C3%ADguez_1968_N%C3%BCrburgring-1_%28cropped%29.jpg/330px-Pedro_Rodr%C3%ADguez_1968_N%C3%BCrburgring-1_%28cropped%29.jpg?utm_source=en.wikipedia.org&utm_campaign=api&utm_content=thumbnail,Mexican,14,0,0,0,,2,2,0,0
Bob Bondurant,FERRARI,Ferrari,FERRARI|LOTUS-BRM,1965,Driver,https://upload.wikimedia.org/wikipedia/commons/c/c1/Bob_Portrait2_sm.jpg?utm_source=en.wikipedia.org&utm_campaign=api&utm_content=thumbnail_unscaled,American,,0,0,0,,1,2,0,1
Ludovico Scarfiotti,FERRARI,Ferrari,FERRARI,1965,Driver,https://upload.wikimedia.org/wikipedia/commons/b/b7/Ludivico_Scarfiotti_1966_N%C3%BCrburgring.jpg?utm_source=en.wikipedia.org&utm_campaign=api&utm_content=thumbnail_unscaled,Italian,,0,0,0,,0,1,0,1
Jackie Stewart,BRM,BRM,BRM,1966,Driver,https://upload.wikimedia.org/wikipedia/commons/thumb/4/4b/Jackie_Stewart_at_the_2014_WEC_Silverstone_round.jpg/330px-Jackie_Stewart_at_the_2014_WEC_Silverstone_round.jpg?utm_source=en.wikipedia.org&utm_campaign=api&utm_content=thumbnail,British,7,1,1,0,,3,8,0,5
Lorenzo Bandini,FERRARI,Ferrari,FERRARI,1966,Driver,https://upload.wikimedia.org/wikipedia/commons/d/d8/Bandini1966cropped.jpg?utm_source=en.wikipedia.org&utm_campaign=api&utm_content=thumbnail_unscaled,Italian,9,0,2,1,,4,7,0,3
Graham Hill,BRM,BRM,BRM,1966,Driver,https://upload.wikimedia.org/wikipedia/commons/thumb/f/fc/Graham_Hill_Bestanddeelnr_924-6564.jpg/330px-Graham_Hill_Bestanddeelnr_924-6564.jpg?utm_source=en.wikipedia.org&utm_campaign=api&utm_content=thumbnail,British,5,0,3,0,,4,9,0,5
Bob Bondurant,BRM,BRM,BRM|EAGLE-CLIMAX|EAGLE-WESLAKE,1966,Driver,https://upload.wikimedia.org/wikipedia/commons/c/c1/Bob_Portrait2_sm.jpg?utm_source=en.wikipedia.org&utm_campaign=api&utm_content=thumbnail_unscaled,American,14,0,0,0,,3,7,0,4
Richie Ginther,HONDA,Honda,HONDA|COOPER-MASERATI,1966,Driver,https://upload.wikimedia.org/wikipedia/commons/thumb/5/5c/Richie_Ginther_and_Roger_Penske%2C_1964_%28cropped%29.jpg/330px-Richie_Ginther_and_Roger_Penske%2C_1964_%28cropped%29.jpg?utm_source=en.wikipedia.org&utm_campaign=api&utm_content=thumbnail,American,11,0,0,0,,2,5,0,3
Guy Ligier,COOPER-MASERATI,Cooper-Maserati,COOPER-MASERATI,1966,Driver,https://upload.wikimedia.org/wikipedia/commons/thumb/a/ad/1983_Guy_Ligier.jpg/330px-1983_Guy_Ligier.jpg?utm_source=en.wikipedia.org&utm_campaign=api&utm_content=thumbnail,French,,0,0,0,,2,6,0,4
Jo Bonnier,COOPER-MASERATI,Cooper-Maserati,COOPER-MASERATI|BRABHAM-CLIMAX,1966,Driver,https://upload.wikimedia.org/wikipedia/commons/thumb/f/f9/BonnierJo196608.jpg/330px-BonnierJo196608.jpg?utm_source=en.wikipedia.org&utm_campaign=api&utm_content=thumbnail,Swedish,18,0,0,0,,2,9,0,7
Jim Clark,LOTUS-CLIMAX,Lotus-Climax,LOTUS-CLIMAX|LOTUS-BRM,1966,Driver,https://upload.wikimedia.org/wikipedia/commons/thumb/4/4f/Jim_Clark_in_1963_%28cropped%29.JPG/330px-Jim_Clark_in_1963_%28cropped%29.JPG?utm_source=en.wikipedia.org&utm_campaign=api&utm_content=thumbnail,British,6,1,2,2,,3,8,0,5
Jochen Rindt,COOPER-MASERATI,Cooper-Maserati,COOPER-MASERATI,1966,Driver,https://upload.wikimedia.org/wikipedia/commons/thumb/c/cb/Rindt_at_1970_Dutch_Grand_Prix_%282C%29.jpg/330px-Rindt_at_1970_Dutch_Grand_Prix_%282C%29.jpg?utm_source=en.wikipedia.org&utm_campaign=api&utm_content=thumbnail,Austrian,3,0,3,0,,6,9,0,3
Jo Siffert,COOPER-MASERATI,Cooper-Maserati,COOPER-MASERATI|BRABHAM-BRM,1966,Driver,https://upload.wikimedia.org/wikipedia/commons/thumb/7/7e/Siffert%2C_Joseph_1968.jpg/330px-Siffert%2C_Joseph_1968.jpg?utm_source=en.wikipedia.org&utm_campaign=api&utm_content=thumbnail,Swiss,15,0,0,0,,1,8,0,7
Mike Spence,LOTUS-BRM,Lotus-BRM,LOTUS-BRM,1966,Driver,https://upload.wikimedia.org/wikipedia/commons/thumb/5/50/Mike_Spence_%28cropped%29.jpg/330px-Mike_Spence_%28cropped%29.jpg?utm_source=en.wikipedia.org&utm_campaign=api&utm_content=thumbnail,British,13,0,0,0,,2,8,0,6
Jack Brabham,BRABHAM-REPCO,Brabham-Repco,BRABHAM-REPCO,1966,Driver,https://upload.wikimedia.org/wikipedia/commons/thumb/e/e7/BrabhamJack1966B.jpg/330px-BrabhamJack1966B.jpg?utm_source=en.wikipedia.org&utm_campaign=api&utm_content=thumbnail,Australian,1,4,5,3,,6,9,1,3
John Surtees,COOPER-MASERATI,Cooper-Maserati,COOPER-MASERATI|FERRARI,1966,Driver,https://upload.wikimedia.org/wikipedia/commons/thumb/c/c3/John_Surtees.JPG/330px-John_Surtees.JPG?utm_source=en.wikipedia.org&utm_campaign=api&utm_content=thumbnail,British,2,2,4,2,,4,9,0,5
Denny Hulme,BRABHAM-REPCO,Brabham-Repco,BRABHAM-REPCO|BRABHAM-CLIMAX,1966,Driver,https://upload.wikimedia.org/wikipedia/commons/thumb/9/92/HulmeDenis196508_%28cropped%29.jpg/330px-HulmeDenis196508_%28cropped%29.jpg?utm_source=en.wikipedia.org&utm_campaign=api&utm_content=thumbnail,New Zealander,4,0,4,0,,4,9,0,5
Bruce McLaren,MCLAREN-FORD,McLaren-Ford,MCLAREN-FORD|MCLAREN-SEREN,1966,Driver,https://upload.wikimedia.org/wikipedia/commons/thumb/a/a0/McLarenBruce.jpg/330px-McLarenBruce.jpg?utm_source=en.wikipedia.org&utm_campaign=api&utm_content=thumbnail,New Zealander,16,0,0,0,,2,5,0,3
Bob Anderson,BRABHAM-CLIMAX,Brabham-Climax,BRABHAM-CLIMAX,1966,Driver,https://upload.wikimedia.org/wikipedia/en/c/ce/Bob_Anderson_%28racing_driver%29.jpg?utm_source=en.wikipedia.org&utm_campaign=api&utm_content=thumbnail_unscaled,British,19,0,0,0,,2,6,0,4
Dan Gurney,EAGLE-CLIMAX,Eagle-Climax,EAGLE-CLIMAX|EAGLE-WESLAKE,1966,Driver,https://upload.wikimedia.org/wikipedia/commons/thumb/b/b8/Dan_Gurney_%281970%29.jpg/330px-Dan_Gurney_%281970%29.jpg?utm_source=en.wikipedia.org&utm_campaign=api&utm_content=thumbnail,American,12,0,0,0,,3,8,0,5
Peter Arundell,LOTUS-BRM,Lotus-BRM,LOTUS-BRM|LOTUS-CLIMAX,1966,Driver,https://upload.wikimedia.org/wikipedia/commons/thumb/e/e3/Peter_Arundell_1968_kl.JPG/330px-Peter_Arundell_1968_kl.JPG?utm_source=en.wikipedia.org&utm_campaign=api&utm_content=thumbnail,British,17,0,0,0,,4,8,0,4
Mike Parkes,FERRARI,Ferrari,FERRARI,1966,Driver,https://upload.wikimedia.org/wikipedia/commons/thumb/8/86/Mike_Parkes_1969_kl.JPG/330px-Mike_Parkes_1969_kl.JPG?utm_source=en.wikipedia.org&utm_campaign=api&utm_content=thumbnail,British,8,0,2,1,,2,4,0,2
John Taylor,BRABHAM-BRM,Brabham-BRM,BRABHAM-BRM,1966,Driver,https://upload.wikimedia.org/wikipedia/commons/thumb/2/28/John_Taylor_1966.jpg/330px-John_Taylor_1966.jpg?utm_source=en.wikipedia.org&utm_campaign=api&utm_content=thumbnail,British,20,0,0,0,,3,4,0,1
Chris Amon,COOPER-MASERATI,Cooper-Maserati,COOPER-MASERATI,1966,Driver,https://upload.wikimedia.org/wikipedia/commons/thumb/7/7b/AmonChris19730706.jpg/330px-AmonChris19730706.jpg?utm_source=en.wikipedia.org&utm_campaign=api&utm_content=thumbnail,New Zealander,,0,0,0,,1,1,0,0
Pedro Rodríguez,LOTUS-BRM,Lotus-BRM,LOTUS-BRM|LOTUS-CLIMAX,1966,Driver,https://upload.wikimedia.org/wikipedia/commons/thumb/6/68/Pedro_Rodr%C3%ADguez_1968_N%C3%BCrburgring-1_%28cropped%29.jpg/330px-Pedro_Rodr%C3%ADguez_1968_N%C3%BCrburgring-1_%28cropped%29.jpg?utm_source=en.wikipedia.org&utm_campaign=api&utm_content=thumbnail,Mexican,,0,0,0,,0,3,0,3
Chris Irwin,BRABHAM-CLIMAX,Brabham-Climax,BRABHAM-CLIMAX,1966,Driver,https://upload.wikimedia.org/wikipedia/commons/thumb/6/65/Chris_Irwin_1968.JPG/330px-Chris_Irwin_1968.JPG?utm_source=en.wikipedia.org&utm_campaign=api&utm_content=thumbnail,British,,0,0,0,,1,1,0,0
Ludovico Scarfiotti,FERRARI,Ferrari,FERRARI,1966,Driver,https://upload.wikimedia.org/wikipedia/commons/b/b7/Ludivico_Scarfiotti_1966_N%C3%BCrburgring.jpg?utm_source=en.wikipedia.org&utm_campaign=api&utm_content=thumbnail_unscaled,Italian,10,1,1,0,,1,2,0,1
Giacomo Russo,LOTUS-CLIMAX,Lotus-Climax,LOTUS-CLIMAX,1966,Driver,https://upload.wikimedia.org/wikipedia/commons/thumb/7/79/Giacomo_Russo_1966.jpg/330px-Giacomo_Russo_1966.jpg?utm_source=en.wikipedia.org&utm_campaign=api&utm_content=thumbnail,Italian,,0,0,0,,1,1,0,0
Giancarlo Baghetti,FERRARI,Ferrari,FERRARI,1966,Driver,https://upload.wikimedia.org/wikipedia/commons/thumb/c/c4/1961_Syracuse_GP_-_Giancarlo_Baghetti_%28Ferrari_156_F1%29.jpg/330px-1961_Syracuse_GP_-_Giancarlo_Baghetti_%28Ferrari_156_F1%29.jpg?utm_source=en.wikipedia.org&utm_campaign=api&utm_content=thumbnail,Italian,,0,0,0,,0,1,0,1
Innes Ireland,BRM,BRM,BRM,1966,Driver,https://upload.wikimedia.org/wikipedia/commons/thumb/8/8c/Innes_Ireland.jpg/330px-Innes_Ireland.jpg?utm_source=en.wikipedia.org&utm_campaign=api&utm_content=thumbnail,British,,0,0,0,,0,2,0,2
Ronnie Bucknum,HONDA,Honda,HONDA,1966,Driver,https://upload.wikimedia.org/wikipedia/commons/thumb/2/2b/Ron_Bucknum_met_zijn_Honda_%281964%29.jpg/330px-Ron_Bucknum_met_zijn_Honda_%281964%29.jpg?utm_source=en.wikipedia.org&utm_campaign=api&utm_content=thumbnail,American,,0,0,0,,1,2,0,1
Pedro Rodríguez,COOPER-MASERATI,Cooper-Maserati,COOPER-MASERATI,1967,Driver,https://upload.wikimedia.org/wikipedia/commons/thumb/6/68/Pedro_Rodr%C3%ADguez_1968_N%C3%BCrburgring-1_%28cropped%29.jpg/330px-Pedro_Rodr%C3%ADguez_1968_N%C3%BCrburgring-1_%28cropped%29.jpg?utm_source=en.wikipedia.org&utm_campaign=api&utm_content=thumbnail,Mexican,6,1,1,0,,6,8,0,1
John Love,COOPER-CLIMAX,Cooper-Climax,COOPER-CLIMAX,1967,Driver,https://upload.wikimedia.org/wikipedia/commons/thumb/b/b6/John_Love_Surtees_TS9_2019_Silverstone_Classic_%2848557776041%29.jpg/330px-John_Love_Surtees_TS9_2019_Silverstone_Classic_%2848557776041%29.jpg?utm_source=en.wikipedia.org&utm_campaign=api&utm_content=thumbnail,Rhodesian,11,0,1,0,,1,1,0,0
John Surtees,HONDA,Honda,HONDA,1967,Driver,https://upload.wikimedia.org/wikipedia/commons/thumb/c/c3/John_Surtees.JPG/330px-John_Surtees.JPG?utm_source=en.wikipedia.org&utm_campaign=api&utm_content=thumbnail,British,4,1,2,0,,5,9,0,4
Denny Hulme,BRABHAM-REPCO,Brabham-Repco,BRABHAM-REPCO,1967,Driver,https://upload.wikimedia.org/wikipedia/commons/thumb/9/92/HulmeDenis196508_%28cropped%29.jpg/330px-HulmeDenis196508_%28cropped%29.jpg?utm_source=en.wikipedia.org&utm_campaign=api&utm_content=thumbnail,New Zealander,1,2,8,0,,9,11,1,2
Bob Anderson,BRABHAM-CLIMAX,Brabham-Climax,BRABHAM-CLIMAX,1967,Driver,https://upload.wikimedia.org/wikipedia/en/c/ce/Bob_Anderson_%28racing_driver%29.jpg?utm_source=en.wikipedia.org&utm_campaign=api&utm_content=thumbnail_unscaled,British,17,0,0,0,,3,5,0,2
Jack Brabham,BRABHAM-REPCO,Brabham-Repco,BRABHAM-REPCO,1967,Driver,https://upload.wikimedia.org/wikipedia/commons/thumb/e/e7/BrabhamJack1966B.jpg/330px-BrabhamJack1966B.jpg?utm_source=en.wikipedia.org&utm_campaign=api&utm_content=thumbnail,Australian,2,2,6,2,,9,11,0,2
Sam Tingle,LDS-CLIMAX,LDS-Climax,LDS-CLIMAX,1967,Driver,https://upload.wikimedia.org/wikipedia/commons/thumb/b/ba/1965_Sam_Tingle_Formula_1_LDS_Race_Car-1_%2829891690293%29.jpg/330px-1965_Sam_Tingle_Formula_1_LDS_Race_Car-1_%2829891690293%29.jpg?utm_source=en.wikipedia.org&utm_campaign=api&utm_content=thumbnail,Rhodesian,,0,0,0,,0,1,0,1
Piers Courage,BRM,BRM,BRM|LOTUS-BRM,1967,Driver,https://upload.wikimedia.org/wikipedia/commons/thumb/3/32/Piers_Courage_1968_N%C3%BCrburgring.JPG/330px-Piers_Courage_1968_N%C3%BCrburgring.JPG?utm_source=en.wikipedia.org&utm_campaign=api&utm_content=thumbnail,British,,0,0,0,,0,3,0,3
Dan Gurney,EAGLE-WESLAKE,Eagle-Weslake,EAGLE-WESLAKE|EAGLE-CLIMAX,1967,Driver,https://upload.wikimedia.org/wikipedia/commons/thumb/b/b8/Dan_Gurney_%281970%29.jpg/330px-Dan_Gurney_%281970%29.jpg?utm_source=en.wikipedia.org&utm_campaign=api&utm_content=thumbnail,American,8,1,2,0,,2,11,0,9
Jo Siffert,COOPER-MASERATI,Cooper-Maserati,COOPER-MASERATI,1967,Driver,https://upload.wikimedia.org/wikipedia/commons/thumb/7/7e/Siffert%2C_Joseph_1968.jpg/330px-Siffert%2C_Joseph_1968.jpg?utm_source=en.wikipedia.org&utm_campaign=api&utm_content=thumbnail,Swiss,12,0,0,0,,4,10,0,5
Jochen Rindt,COOPER-MASERATI,Cooper-Maserati,COOPER-MASERATI,1967,Driver,https://upload.wikimedia.org/wikipedia/commons/thumb/c/cb/Rindt_at_1970_Dutch_Grand_Prix_%282C%29.jpg/330px-Rindt_at_1970_Dutch_Grand_Prix_%282C%29.jpg?utm_source=en.wikipedia.org&utm_campaign=api&utm_content=thumbnail,Austrian,13,0,0,0,,2,10,0,8
Mike Spence,BRM,BRM,BRM,1967,Driver,https://upload.wikimedia.org/wikipedia/commons/thumb/5/50/Mike_Spence_%28cropped%29.jpg/330px-Mike_Spence_%28cropped%29.jpg?utm_source=en.wikipedia.org&utm_campaign=api&utm_content=thumbnail,British,10,0,0,0,,6,11,0,5
Jo Bonnier,COOPER-MASERATI,Cooper-Maserati,COOPER-MASERATI,1967,Driver,https://upload.wikimedia.org/wikipedia/commons/thumb/f/f9/BonnierJo196608.jpg/330px-BonnierJo196608.jpg?utm_source=en.wikipedia.org&utm_campaign=api&utm_content=thumbnail,Swedish,15,0,0,0,,4,8,0,4
Jim Clark,LOTUS-FORD,Lotus-Ford,LOTUS-FORD|LOTUS-BRM|LOTUS-CLIMAX,1967,Driver,https://upload.wikimedia.org/wikipedia/commons/thumb/4/4f/Jim_Clark_in_1963_%28cropped%29.JPG/330px-Jim_Clark_in_1963_%28cropped%29.JPG?utm_source=en.wikipedia.org&utm_campaign=api&utm_content=thumbnail,British,3,4,5,6,,6,11,0,5
Graham Hill,LOTUS-FORD,Lotus-Ford,LOTUS-FORD|LOTUS-BRM,1967,Driver,https://upload.wikimedia.org/wikipedia/commons/thumb/f/fc/Graham_Hill_Bestanddeelnr_924-6564.jpg/330px-Graham_Hill_Bestanddeelnr_924-6564.jpg?utm_source=en.wikipedia.org&utm_campaign=api&utm_content=thumbnail,British,7,0,2,3,,3,11,0,8
Jackie Stewart,BRM,BRM,BRM,1967,Driver,https://upload.wikimedia.org/wikipedia/commons/thumb/4/4b/Jackie_Stewart_at_the_2014_WEC_Silverstone_round.jpg/330px-Jackie_Stewart_at_the_2014_WEC_Silverstone_round.jpg?utm_source=en.wikipedia.org&utm_campaign=api&utm_content=thumbnail,British,9,0,2,0,,2,11,0,9
Chris Amon,FERRARI,Ferrari,FERRARI,1967,Driver,https://upload.wikimedia.org/wikipedia/commons/thumb/7/7b/AmonChris19730706.jpg/330px-AmonChris19730706.jpg?utm_source=en.wikipedia.org&utm_campaign=api&utm_content=thumbnail,New Zealander,5,0,4,0,,8,10,0,2
Bruce McLaren,MCLAREN-BRM,McLaren-BRM,MCLAREN-BRM|EAGLE-WESLAKE,1967,Driver,https://upload.wikimedia.org/wikipedia/commons/thumb/a/a0/McLarenBruce.jpg/330px-McLarenBruce.jpg?utm_source=en.wikipedia.org&utm_campaign=api&utm_content=thumbnail,New Zealander,14,0,0,0,,2,9,0,7
Lorenzo Bandini,FERRARI,Ferrari,FERRARI,1967,Driver,https://upload.wikimedia.org/wikipedia/commons/d/d8/Bandini1966cropped.jpg?utm_source=en.wikipedia.org&utm_campaign=api&utm_content=thumbnail_unscaled,Italian,,0,0,0,,0,1,0,1
Mike Parkes,FERRARI,Ferrari,FERRARI,1967,Driver,https://upload.wikimedia.org/wikipedia/commons/thumb/8/86/Mike_Parkes_1969_kl.JPG/330px-Mike_Parkes_1969_kl.JPG?utm_source=en.wikipedia.org&utm_campaign=api&utm_content=thumbnail,British,18,0,0,0,,1,2,0,1
Ludovico Scarfiotti,FERRARI,Ferrari,FERRARI|EAGLE-WESLAKE,1967,Driver,https://upload.wikimedia.org/wikipedia/commons/b/b7/Ludivico_Scarfiotti_1966_N%C3%BCrburgring.jpg?utm_source=en.wikipedia.org&utm_campaign=api&utm_content=thumbnail_unscaled,Italian,20,0,0,0,,1,3,0,2
Chris Irwin,BRM,BRM,BRM|LOTUS-BRM,1967,Driver,https://upload.wikimedia.org/wikipedia/commons/thumb/6/65/Chris_Irwin_1968.JPG/330px-Chris_Irwin_1968.JPG?utm_source=en.wikipedia.org&utm_campaign=api&utm_content=thumbnail,British,16,0,0,0,,4,9,0,5
Guy Ligier,BRABHAM-REPCO,Brabham-Repco,BRABHAM-REPCO|COOPER-MASERATI,1967,Driver,https://upload.wikimedia.org/wikipedia/commons/thumb/a/ad/1983_Guy_Ligier.jpg/330px-1983_Guy_Ligier.jpg?utm_source=en.wikipedia.org&utm_campaign=api&utm_content=thumbnail,French,21,0,0,0,,3,7,0,3
David Hobbs,BRM,BRM,BRM|LOLA,1967,Driver,https://upload.wikimedia.org/wikipedia/commons/thumb/4/4a/David_Hobbs.jpg/330px-David_Hobbs.jpg?utm_source=en.wikipedia.org&utm_campaign=api&utm_content=thumbnail,British,,0,0,0,,3,3,0,0
Silvio Moser,COOPER-ATS,Cooper-ATS,COOPER-ATS,1967,Driver,https://upload.wikimedia.org/wikipedia/commons/1/17/SilvioMoser.jpg?utm_source=en.wikipedia.org&utm_campaign=api&utm_content=thumbnail_unscaled,Swiss,,0,0,0,,0,1,0,1
Jackie Oliver,LOTUS-FORD,Lotus-Ford,LOTUS-FORD,1967,Driver,https://upload.wikimedia.org/wikipedia/commons/thumb/f/f5/Jackie_Oliver_1969_kl.JPG/330px-Jackie_Oliver_1969_kl.JPG?utm_source=en.wikipedia.org&utm_campaign=api&utm_content=thumbnail,British,,0,0,0,,1,1,0,0
Jacky Ickx,COOPER-MASERATI,Cooper-Maserati,COOPER-MASERATI|MATRA,1967,Driver,https://upload.wikimedia.org/wikipedia/commons/thumb/1/19/Jacky_Ickx_Portr%C3%A4t_Mille_Miglia_2018.jpg/330px-Jacky_Ickx_Portr%C3%A4t_Mille_Miglia_2018.jpg?utm_source=en.wikipedia.org&utm_campaign=api&utm_content=thumbnail,Belgian,19,0,0,0,,1,3,0,2
Hubert Hahne,LOLA,Lola,LOLA,1967,Driver,https://upload.wikimedia.org/wikipedia/commons/thumb/a/ae/Hahne%2C_Hubert_-_1968.jpg/330px-Hahne%2C_Hubert_-_1968.jpg?utm_source=en.wikipedia.org&utm_campaign=api&utm_content=thumbnail,German,,0,0,0,,0,1,0,1
Kurt Ahrens,PROTOS,Protos,PROTOS,1967,Driver,https://upload.wikimedia.org/wikipedia/commons/thumb/0/03/Bundesarchiv_Bild_183-82487-0008%2C_Internationale_Halle-Saale-Schleife.jpg/330px-Bundesarchiv_Bild_183-82487-0008%2C_Internationale_Halle-Saale-Schleife.jpg?utm_source=en.wikipedia.org&utm_campaign=api&utm_content=thumbnail,German,,0,0,0,,0,1,0,1
Jo Schlesser,MATRA,Matra,MATRA,1967,Driver,https://upload.wikimedia.org/wikipedia/en/f/f2/Joschlesserportrait.jpg?utm_source=en.wikipedia.org&utm_campaign=api&utm_content=thumbnail_unscaled,French,,0,0,0,,0,1,0,1
Richard Attwood,COOPER-MASERATI,Cooper-Maserati,COOPER-MASERATI,1967,Driver,https://upload.wikimedia.org/wikipedia/commons/thumb/4/4f/Richard_Attwood_1968_kl.JPG/330px-Richard_Attwood_1968_kl.JPG?utm_source=en.wikipedia.org&utm_campaign=api&utm_content=thumbnail,British,,0,0,0,,1,1,0,0
Giancarlo Baghetti,LOTUS-FORD,Lotus-Ford,LOTUS-FORD,1967,Driver,https://upload.wikimedia.org/wikipedia/commons/thumb/c/c4/1961_Syracuse_GP_-_Giancarlo_Baghetti_%28Ferrari_156_F1%29.jpg/330px-1961_Syracuse_GP_-_Giancarlo_Baghetti_%28Ferrari_156_F1%29.jpg?utm_source=en.wikipedia.org&utm_campaign=api&utm_content=thumbnail,Italian,,0,0,0,,0,1,0,1
Jean-Pierre Beltoise,MCLAREN-FORD,McLaren-Ford,MCLAREN-FORD,1967,Driver,https://upload.wikimedia.org/wikipedia/commons/thumb/f/f1/Jean_Pierre_Beltoise_te_Zandvoort_1968.jpg/330px-Jean_Pierre_Beltoise_te_Zandvoort_1968.jpg?utm_source=en.wikipedia.org&utm_campaign=api&utm_content=thumbnail,French,,0,0,0,,2,2,0,0
Jonathan Williams,FERRARI,Ferrari,FERRARI,1967,Driver,https://upload.wikimedia.org/wikipedia/commons/thumb/5/51/Jonathan_Williams_1966.jpg/330px-Jonathan_Williams_1966.jpg?utm_source=en.wikipedia.org&utm_campaign=api&utm_content=thumbnail,British,,0,0,0,,1,1,0,0
Jim Clark,LOTUS-FORD,Lotus-Ford,LOTUS-FORD,1968,Driver,https://upload.wikimedia.org/wikipedia/commons/thumb/4/4f/Jim_Clark_in_1963_%28cropped%29.JPG/330px-Jim_Clark_in_1963_%28cropped%29.JPG?utm_source=en.wikipedia.org&utm_campaign=api&utm_content=thumbnail,British,11,1,1,1,,1,1,0,0
Graham Hill,LOTUS-FORD,Lotus-Ford,LOTUS-FORD,1968,Driver,https://upload.wikimedia.org/wikipedia/commons/thumb/f/fc/Graham_Hill_Bestanddeelnr_924-6564.jpg/330px-Graham_Hill_Bestanddeelnr_924-6564.jpg?utm_source=en.wikipedia.org&utm_campaign=api&utm_content=thumbnail,British,1,3,6,2,,8,12,1,4
Jochen Rindt,BRABHAM-REPCO,Brabham-Repco,BRABHAM-REPCO,1968,Driver,https://upload.wikimedia.org/wikipedia/commons/thumb/c/cb/Rindt_at_1970_Dutch_Grand_Prix_%282C%29.jpg/330px-Rindt_at_1970_Dutch_Grand_Prix_%282C%29.jpg?utm_source=en.wikipedia.org&utm_campaign=api&utm_content=thumbnail,Austrian,12,0,2,2,,2,12,0,10
Chris Amon,FERRARI,Ferrari,FERRARI,1968,Driver,https://upload.wikimedia.org/wikipedia/commons/thumb/7/7b/AmonChris19730706.jpg/330px-AmonChris19730706.jpg?utm_source=en.wikipedia.org&utm_campaign=api&utm_content=thumbnail,New Zealander,10,0,1,3,,4,11,0,7
Denny Hulme,MCLAREN-FORD,McLaren-Ford,MCLAREN-FORD|MCLAREN-BRM|MCLAREN,1968,Driver,https://upload.wikimedia.org/wikipedia/commons/thumb/9/92/HulmeDenis196508_%28cropped%29.jpg/330px-HulmeDenis196508_%28cropped%29.jpg?utm_source=en.wikipedia.org&utm_campaign=api&utm_content=thumbnail,New Zealander,3,2,3,0,,8,12,0,4
Jean-Pierre Beltoise,MATRA,Matra,MATRA|MATRA-FORD,1968,Driver,https://upload.wikimedia.org/wikipedia/commons/thumb/f/f1/Jean_Pierre_Beltoise_te_Zandvoort_1968.jpg/330px-Jean_Pierre_Beltoise_te_Zandvoort_1968.jpg?utm_source=en.wikipedia.org&utm_campaign=api&utm_content=thumbnail,French,9,0,1,0,,6,12,0,6
Jo Siffert,LOTUS-FORD,Lotus-Ford,LOTUS-FORD|COOPER-MASERATI,1968,Driver,https://upload.wikimedia.org/wikipedia/commons/thumb/7/7e/Siffert%2C_Joseph_1968.jpg/330px-Siffert%2C_Joseph_1968.jpg?utm_source=en.wikipedia.org&utm_campaign=api&utm_content=thumbnail,Swiss,7,1,1,1,,5,12,0,6
John Surtees,HONDA,Honda,HONDA,1968,Driver,https://upload.wikimedia.org/wikipedia/commons/thumb/c/c3/John_Surtees.JPG/330px-John_Surtees.JPG?utm_source=en.wikipedia.org&utm_campaign=api&utm_content=thumbnail,British,8,0,2,1,,4,12,0,8
John Love,BRABHAM-REPCO,Brabham-Repco,BRABHAM-REPCO,1968,Driver,https://upload.wikimedia.org/wikipedia/commons/thumb/b/b6/John_Love_Surtees_TS9_2019_Silverstone_Classic_%2848557776041%29.jpg/330px-John_Love_Surtees_TS9_2019_Silverstone_Classic_%2848557776041%29.jpg?utm_source=en.wikipedia.org&utm_campaign=api&utm_content=thumbnail,Rhodesian,,0,0,0,,1,1,0,0
Dan Gurney,EAGLE-WESLAKE,Eagle-Weslake,EAGLE-WESLAKE|MCLAREN-FORD|BRABHAM-REPCO,1968,Driver,https://upload.wikimedia.org/wikipedia/commons/thumb/b/b8/Dan_Gurney_%281970%29.jpg/330px-Dan_Gurney_%281970%29.jpg?utm_source=en.wikipedia.org&utm_campaign=api&utm_content=thumbnail,American,21,0,0,0,,2,9,0,7
Jacky Ickx,FERRARI,Ferrari,FERRARI,1968,Driver,https://upload.wikimedia.org/wikipedia/commons/thumb/1/19/Jacky_Ickx_Portr%C3%A4t_Mille_Miglia_2018.jpg/330px-Jacky_Ickx_Portr%C3%A4t_Mille_Miglia_2018.jpg?utm_source=en.wikipedia.org&utm_campaign=api&utm_content=thumbnail,Belgian,4,1,4,1,,6,10,0,4
Jo Bonnier,MCLAREN-BRM,McLaren-BRM,MCLAREN-BRM|COOPER-MASERATI|HONDA,1968,Driver,https://upload.wikimedia.org/wikipedia/commons/thumb/f/f9/BonnierJo196608.jpg/330px-BonnierJo196608.jpg?utm_source=en.wikipedia.org&utm_campaign=api&utm_content=thumbnail,Swedish,22,0,0,0,,3,8,0,5
Jackie Stewart,MATRA-FORD,Matra-Ford,MATRA-FORD,1968,Driver,https://upload.wikimedia.org/wikipedia/commons/thumb/4/4b/Jackie_Stewart_at_the_2014_WEC_Silverstone_round.jpg/330px-Jackie_Stewart_at_the_2014_WEC_Silverstone_round.jpg?utm_source=en.wikipedia.org&utm_campaign=api&utm_content=thumbnail,British,2,3,4,0,,8,10,0,2
Sam Tingle,LDS,LDS,LDS,1968,Driver,https://upload.wikimedia.org/wikipedia/commons/thumb/b/ba/1965_Sam_Tingle_Formula_1_LDS_Race_Car-1_%2829891690293%29.jpg/330px-1965_Sam_Tingle_Formula_1_LDS_Race_Car-1_%2829891690293%29.jpg?utm_source=en.wikipedia.org&utm_campaign=api&utm_content=thumbnail,Rhodesian,,0,0,0,,0,1,0,1
Basil van Rooyen,COOPER-CLIMAX,Cooper-Climax,COOPER-CLIMAX,1968,Driver,https://upload.wikimedia.org/wikipedia/commons/thumb/3/3d/Photo_of_Basil_van_Rooyen.jpg/330px-Photo_of_Basil_van_Rooyen.jpg?utm_source=en.wikipedia.org&utm_campaign=api&utm_content=thumbnail,South African,,0,0,0,,0,1,0,1
Pedro Rodríguez,BRM,BRM,BRM,1968,Driver,https://upload.wikimedia.org/wikipedia/commons/thumb/6/68/Pedro_Rodr%C3%ADguez_1968_N%C3%BCrburgring-1_%28cropped%29.jpg/330px-Pedro_Rodr%C3%ADguez_1968_N%C3%BCrburgring-1_%28cropped%29.jpg?utm_source=en.wikipedia.org&utm_campaign=api&utm_content=thumbnail,Mexican,6,0,3,0,,5,12,0,7
Jack Brabham,BRABHAM-REPCO,Brabham-Repco,BRABHAM-REPCO,1968,Driver,https://upload.wikimedia.org/wikipedia/commons/thumb/e/e7/BrabhamJack1966B.jpg/330px-BrabhamJack1966B.jpg?utm_source=en.wikipedia.org&utm_campaign=api&utm_content=thumbnail,Australian,23,0,0,0,,2,12,0,10
Andrea de Adamich,FERRARI,Ferrari,FERRARI,1968,Driver,https://upload.wikimedia.org/wikipedia/commons/thumb/7/75/Andrea_De_Adamich_-_Alfa_Romeo_Giulia_2000_GTAm_%281972_Monza_4_Hours%29.jpg/330px-Andrea_De_Adamich_-_Alfa_Romeo_Giulia_2000_GTAm_%281972_Monza_4_Hours%29.jpg?utm_source=en.wikipedia.org&utm_campaign=api&utm_content=thumbnail,Italian,,0,0,0,,0,1,0,1
Mike Spence,BRM,BRM,BRM,1968,Driver,https://upload.wikimedia.org/wikipedia/commons/thumb/5/50/Mike_Spence_%28cropped%29.jpg/330px-Mike_Spence_%28cropped%29.jpg?utm_source=en.wikipedia.org&utm_campaign=api&utm_content=thumbnail,British,,0,0,0,,0,1,0,1
Brian Redman,COOPER-BRM,Cooper-BRM,COOPER-BRM|COOPER-MASERATI,1968,Driver,https://upload.wikimedia.org/wikipedia/commons/thumb/5/5c/Porsche_Rennsport_Reunion_IV_%286259662130%29.jpg/330px-Porsche_Rennsport_Reunion_IV_%286259662130%29.jpg?utm_source=en.wikipedia.org&utm_campaign=api&utm_content=thumbnail,British,19,0,1,0,,1,3,0,2
Ludovico Scarfiotti,COOPER-BRM,Cooper-BRM,COOPER-BRM,1968,Driver,https://upload.wikimedia.org/wikipedia/commons/b/b7/Ludivico_Scarfiotti_1966_N%C3%BCrburgring.jpg?utm_source=en.wikipedia.org&utm_campaign=api&utm_content=thumbnail_unscaled,Italian,16,0,0,0,,2,3,0,1
Bruce McLaren,MCLAREN-FORD,McLaren-Ford,MCLAREN-FORD|MCLAREN,1968,Driver,https://upload.wikimedia.org/wikipedia/commons/thumb/a/a0/McLarenBruce.jpg/330px-McLarenBruce.jpg?utm_source=en.wikipedia.org&utm_campaign=api&utm_content=thumbnail,New Zealander,5,1,3,0,,6,11,0,4
Piers Courage,BRM,BRM,BRM,1968,Driver,https://upload.wikimedia.org/wikipedia/commons/thumb/3/32/Piers_Courage_1968_N%C3%BCrburgring.JPG/330px-Piers_Courage_1968_N%C3%BCrburgring.JPG?utm_source=en.wikipedia.org&utm_campaign=api&utm_content=thumbnail,British,20,0,0,0,,4,11,0,7
Richard Attwood,BRM,BRM,BRM,1968,Driver,https://upload.wikimedia.org/wikipedia/commons/thumb/4/4f/Richard_Attwood_1968_kl.JPG/330px-Richard_Attwood_1968_kl.JPG?utm_source=en.wikipedia.org&utm_campaign=api&utm_content=thumbnail,British,13,0,1,0,,3,6,0,2
Lucien Bianchi,COOPER-BRM,Cooper-BRM,COOPER-BRM,1968,Driver,https://upload.wikimedia.org/wikipedia/commons/thumb/a/ac/BianciLucien_19680802.jpg/330px-BianciLucien_19680802.jpg?utm_source=en.wikipedia.org&utm_campaign=api&utm_content=thumbnail,Belgian,17,0,1,0,,2,7,0,5
Jackie Oliver,LOTUS-FORD,Lotus-Ford,LOTUS-FORD,1968,Driver,https://upload.wikimedia.org/wikipedia/commons/thumb/f/f5/Jackie_Oliver_1969_kl.JPG/330px-Jackie_Oliver_1969_kl.JPG?utm_source=en.wikipedia.org&utm_campaign=api&utm_content=thumbnail,British,15,0,1,0,,2,9,0,6
Silvio Moser,BRABHAM-REPCO,Brabham-Repco,BRABHAM-REPCO,1968,Driver,https://upload.wikimedia.org/wikipedia/commons/1/17/SilvioMoser.jpg?utm_source=en.wikipedia.org&utm_campaign=api&utm_content=thumbnail_unscaled,Swiss,24,0,0,0,,1,2,0,1
Vic Elford,COOPER-BRM,Cooper-BRM,COOPER-BRM,1968,Driver,https://upload.wikimedia.org/wikipedia/commons/thumb/f/f8/Vic_Elford_Watkins_Glen_2010_%28cropped%29.jpg/330px-Vic_Elford_Watkins_Glen_2010_%28cropped%29.jpg?utm_source=en.wikipedia.org&utm_campaign=api&utm_content=thumbnail,British,18,0,0,0,,3,7,0,4
Jo Schlesser,HONDA,Honda,HONDA,1968,Driver,https://upload.wikimedia.org/wikipedia/en/f/f2/Joschlesserportrait.jpg?utm_source=en.wikipedia.org&utm_campaign=api&utm_content=thumbnail_unscaled,French,,0,0,0,,0,1,0,1
Robin Widdows,COOPER-BRM,Cooper-BRM,COOPER-BRM,1968,Driver,https://upload.wikimedia.org/wikipedia/commons/thumb/7/76/Robin_Widdows_1970_N%C3%BCrburgring.JPG/330px-Robin_Widdows_1970_N%C3%BCrburgring.JPG?utm_source=en.wikipedia.org&utm_campaign=api&utm_content=thumbnail,British,,0,0,0,,0,1,0,1
Hubert Hahne,LOLA,Lola,LOLA,1968,Driver,https://upload.wikimedia.org/wikipedia/commons/thumb/a/ae/Hahne%2C_Hubert_-_1968.jpg/330px-Hahne%2C_Hubert_-_1968.jpg?utm_source=en.wikipedia.org&utm_campaign=api&utm_content=thumbnail,German,,0,0,0,,1,1,0,0
Kurt Ahrens,BRABHAM-REPCO,Brabham-Repco,BRABHAM-REPCO,1968,Driver,https://upload.wikimedia.org/wikipedia/commons/thumb/0/03/Bundesarchiv_Bild_183-82487-0008%2C_Internationale_Halle-Saale-Schleife.jpg/330px-Bundesarchiv_Bild_183-82487-0008%2C_Internationale_Halle-Saale-Schleife.jpg?utm_source=en.wikipedia.org&utm_campaign=api&utm_content=thumbnail,German,,0,0,0,,0,1,0,0
David Hobbs,HONDA,Honda,HONDA,1968,Driver,https://upload.wikimedia.org/wikipedia/commons/thumb/4/4a/David_Hobbs.jpg/330px-David_Hobbs.jpg?utm_source=en.wikipedia.org&utm_campaign=api&utm_content=thumbnail,British,,0,0,0,,0,1,0,1
Derek Bell,FERRARI,Ferrari,FERRARI,1968,Driver,https://upload.wikimedia.org/wikipedia/commons/thumb/6/6a/Derek_Bell_%282356476570%29.jpg/330px-Derek_Bell_%282356476570%29.jpg?utm_source=en.wikipedia.org&utm_campaign=api&utm_content=thumbnail,British,,0,0,0,,0,2,0,2
Henri Pescarolo,MATRA,Matra,MATRA,1968,Driver,https://upload.wikimedia.org/wikipedia/commons/thumb/3/30/PescaroloHenry1973N%C3%BCrb.jpg/330px-PescaroloHenry1973N%C3%BCrb.jpg?utm_source=en.wikipedia.org&utm_campaign=api&utm_content=thumbnail,French,,0,0,0,,1,2,0,1
Bill Brack,LOTUS-FORD,Lotus-Ford,LOTUS-FORD,1968,Driver,https://upload.wikimedia.org/wikipedia/commons/thumb/0/01/Bill_Brack_Formula_Atlantic_EIS_1975.jpg/330px-Bill_Brack_Formula_Atlantic_EIS_1975.jpg?utm_source=en.wikipedia.org&utm_campaign=api&utm_content=thumbnail,Canadian,,0,0,0,,0,1,0,1
Bobby Unser,BRM,BRM,BRM,1968,Driver,https://upload.wikimedia.org/wikipedia/commons/thumb/d/d2/Bobby_Unser_-_2015_Indianapolis_500_-_Sarah_Stierch.jpg/330px-Bobby_Unser_-_2015_Indianapolis_500_-_Sarah_Stierch.jpg?utm_source=en.wikipedia.org&utm_campaign=api&utm_content=thumbnail,American,,0,0,0,,0,1,0,1
Mario Andretti,LOTUS-FORD,Lotus-Ford,LOTUS-FORD,1968,Driver,https://upload.wikimedia.org/wikipedia/commons/thumb/c/c3/Mario_Andretti_Goodwood_Festival_of_Speed_2021_%28cropped%29.jpg/330px-Mario_Andretti_Goodwood_Festival_of_Speed_2021_%28cropped%29.jpg?utm_source=en.wikipedia.org&utm_campaign=api&utm_content=thumbnail,American,,0,0,1,,0,1,0,1
Jackie Stewart,MATRA-FORD,Matra-Ford,MATRA-FORD,1969,Driver,https://upload.wikimedia.org/wikipedia/commons/thumb/4/4b/Jackie_Stewart_at_the_2014_WEC_Silverstone_round.jpg/330px-Jackie_Stewart_at_the_2014_WEC_Silverstone_round.jpg?utm_source=en.wikipedia.org&utm_campaign=api&utm_content=thumbnail,British,1,6,7,2,,8,11,1,3
Graham Hill,LOTUS-FORD,Lotus-Ford,LOTUS-FORD,1969,Driver,https://upload.wikimedia.org/wikipedia/commons/thumb/f/fc/Graham_Hill_Bestanddeelnr_924-6564.jpg/330px-Graham_Hill_Bestanddeelnr_924-6564.jpg?utm_source=en.wikipedia.org&utm_campaign=api&utm_content=thumbnail,British,7,1,2,0,,7,10,0,3
Denny Hulme,MCLAREN-FORD,McLaren-Ford,MCLAREN-FORD,1969,Driver,https://upload.wikimedia.org/wikipedia/commons/thumb/9/92/HulmeDenis196508_%28cropped%29.jpg/330px-HulmeDenis196508_%28cropped%29.jpg?utm_source=en.wikipedia.org&utm_campaign=api&utm_content=thumbnail,New Zealander,6,1,2,0,,7,11,0,4
Jo Siffert,LOTUS-FORD,Lotus-Ford,LOTUS-FORD,1969,Driver,https://upload.wikimedia.org/wikipedia/commons/thumb/7/7e/Siffert%2C_Joseph_1968.jpg/330px-Siffert%2C_Joseph_1968.jpg?utm_source=en.wikipedia.org&utm_campaign=api&utm_content=thumbnail,Swiss,9,0,2,0,,7,11,0,4
Bruce McLaren,MCLAREN-FORD,McLaren-Ford,MCLAREN-FORD,1969,Driver,https://upload.wikimedia.org/wikipedia/commons/thumb/a/a0/McLarenBruce.jpg/330px-McLarenBruce.jpg?utm_source=en.wikipedia.org&utm_campaign=api&utm_content=thumbnail,New Zealander,3,0,3,0,,8,11,0,3
Jean-Pierre Beltoise,MATRA-FORD,Matra-Ford,MATRA-FORD|MCLAREN-FORD,1969,Driver,https://upload.wikimedia.org/wikipedia/commons/thumb/f/f1/Jean_Pierre_Beltoise_te_Zandvoort_1968.jpg/330px-Jean_Pierre_Beltoise_te_Zandvoort_1968.jpg?utm_source=en.wikipedia.org&utm_campaign=api&utm_content=thumbnail,French,5,0,3,0,,9,11,0,2
Jackie Oliver,BRM,BRM,BRM|BRM-FORD,1969,Driver,https://upload.wikimedia.org/wikipedia/commons/thumb/f/f5/Jackie_Oliver_1969_kl.JPG/330px-Jackie_Oliver_1969_kl.JPG?utm_source=en.wikipedia.org&utm_campaign=api&utm_content=thumbnail,British,17,0,0,0,,2,10,0,8
Sam Tingle,BRABHAM-REPCO,Brabham-Repco,BRABHAM-REPCO,1969,Driver,https://upload.wikimedia.org/wikipedia/commons/thumb/b/ba/1965_Sam_Tingle_Formula_1_LDS_Race_Car-1_%2829891690293%29.jpg/330px-1965_Sam_Tingle_Formula_1_LDS_Race_Car-1_%2829891690293%29.jpg?utm_source=en.wikipedia.org&utm_campaign=api&utm_content=thumbnail,Rhodesian,,0,0,0,,1,1,0,0
Jochen Rindt,LOTUS-FORD,Lotus-Ford,LOTUS-FORD,1969,Driver,https://upload.wikimedia.org/wikipedia/commons/thumb/c/cb/Rindt_at_1970_Dutch_Grand_Prix_%282C%29.jpg/330px-Rindt_at_1970_Dutch_Grand_Prix_%282C%29.jpg?utm_source=en.wikipedia.org&utm_campaign=api&utm_content=thumbnail,Austrian,4,1,3,5,,4,10,0,6
John Surtees,BRM,BRM,BRM,1969,Driver,https://upload.wikimedia.org/wikipedia/commons/thumb/c/c3/John_Surtees.JPG/330px-John_Surtees.JPG?utm_source=en.wikipedia.org&utm_campaign=api&utm_content=thumbnail,British,11,0,1,0,,3,10,0,7
Pedro Rodríguez,FERRARI,Ferrari,FERRARI|BRM,1969,Driver,https://upload.wikimedia.org/wikipedia/commons/thumb/6/68/Pedro_Rodr%C3%ADguez_1968_N%C3%BCrburgring-1_%28cropped%29.jpg/330px-Pedro_Rodr%C3%ADguez_1968_N%C3%BCrburgring-1_%28cropped%29.jpg?utm_source=en.wikipedia.org&utm_campaign=api&utm_content=thumbnail,Mexican,15,0,0,0,,3,8,0,5
Chris Amon,FERRARI,Ferrari,FERRARI,1969,Driver,https://upload.wikimedia.org/wikipedia/commons/thumb/7/7b/AmonChris19730706.jpg/330px-AmonChris19730706.jpg?utm_source=en.wikipedia.org&utm_campaign=api&utm_content=thumbnail,New Zealander,12,0,1,0,,1,6,0,5
Jack Brabham,BRABHAM-FORD,Brabham-Ford,BRABHAM-FORD,1969,Driver,https://upload.wikimedia.org/wikipedia/commons/thumb/e/e7/BrabhamJack1966B.jpg/330px-BrabhamJack1966B.jpg?utm_source=en.wikipedia.org&utm_campaign=api&utm_content=thumbnail,Australian,10,0,2,2,,4,8,0,4
Mario Andretti,LOTUS-FORD,Lotus-Ford,LOTUS-FORD,1969,Driver,https://upload.wikimedia.org/wikipedia/commons/thumb/c/c3/Mario_Andretti_Goodwood_Festival_of_Speed_2021_%28cropped%29.jpg/330px-Mario_Andretti_Goodwood_Festival_of_Speed_2021_%28cropped%29.jpg?utm_source=en.wikipedia.org&utm_campaign=api&utm_content=thumbnail,American,,0,0,0,,0,3,0,3
John Love,LOTUS-FORD,Lotus-Ford,LOTUS-FORD,1969,Driver,https://upload.wikimedia.org/wikipedia/commons/thumb/b/b6/John_Love_Surtees_TS9_2019_Silverstone_Classic_%2848557776041%29.jpg/330px-John_Love_Surtees_TS9_2019_Silverstone_Classic_%2848557776041%29.jpg?utm_source=en.wikipedia.org&utm_campaign=api&utm_content=thumbnail,Rhodesian,,0,0,0,,0,1,0,1
Jacky Ickx,BRABHAM-FORD,Brabham-Ford,BRABHAM-FORD,1969,Driver,https://upload.wikimedia.org/wikipedia/commons/thumb/1/19/Jacky_Ickx_Portr%C3%A4t_Mille_Miglia_2018.jpg/330px-Jacky_Ickx_Portr%C3%A4t_Mille_Miglia_2018.jpg?utm_source=en.wikipedia.org&utm_campaign=api&utm_content=thumbnail,Belgian,2,2,5,2,,8,11,0,3
Basil van Rooyen,MCLAREN-FORD,McLaren-Ford,MCLAREN-FORD,1969,Driver,https://upload.wikimedia.org/wikipedia/commons/thumb/3/3d/Photo_of_Basil_van_Rooyen.jpg/330px-Photo_of_Basil_van_Rooyen.jpg?utm_source=en.wikipedia.org&utm_campaign=api&utm_content=thumbnail,South African,,0,0,0,,0,1,0,1
Piers Courage,BRABHAM-FORD,Brabham-Ford,BRABHAM-FORD,1969,Driver,https://upload.wikimedia.org/wikipedia/commons/thumb/3/32/Piers_Courage_1968_N%C3%BCrburgring.JPG/330px-Piers_Courage_1968_N%C3%BCrburgring.JPG?utm_source=en.wikipedia.org&utm_campaign=api&utm_content=thumbnail,British,8,0,2,0,,5,10,0,5
Richard Attwood,LOTUS-FORD,Lotus-Ford,LOTUS-FORD,1969,Driver,https://upload.wikimedia.org/wikipedia/commons/thumb/4/4f/Richard_Attwood_1968_kl.JPG/330px-Richard_Attwood_1968_kl.JPG?utm_source=en.wikipedia.org&utm_campaign=api&utm_content=thumbnail,British,13,0,0,0,,1,1,0,0
Vic Elford,MCLAREN-FORD,McLaren-Ford,MCLAREN-FORD|COOPER-MASERATI,1969,Driver,https://upload.wikimedia.org/wikipedia/commons/thumb/f/f8/Vic_Elford_Watkins_Glen_2010_%28cropped%29.jpg/330px-Vic_Elford_Watkins_Glen_2010_%28cropped%29.jpg?utm_source=en.wikipedia.org&utm_campaign=api&utm_content=thumbnail,British,14,0,0,0,,4,5,0,1
Silvio Moser,BRABHAM-FORD,Brabham-Ford,BRABHAM-FORD,1969,Driver,https://upload.wikimedia.org/wikipedia/commons/1/17/SilvioMoser.jpg?utm_source=en.wikipedia.org&utm_campaign=api&utm_content=thumbnail_unscaled,Swiss,16,0,0,0,,2,7,0,4
John Miles,LOTUS-FORD,Lotus-Ford,LOTUS-FORD,1969,Driver,https://upload.wikimedia.org/wikipedia/commons/thumb/3/39/John_Miles_1970_N%C3%BCrburgring.jpg/330px-John_Miles_1970_N%C3%BCrburgring.jpg?utm_source=en.wikipedia.org&utm_campaign=api&utm_content=thumbnail,British,,0,0,0,,1,5,0,4
Jo Bonnier,LOTUS-FORD,Lotus-Ford,LOTUS-FORD,1969,Driver,https://upload.wikimedia.org/wikipedia/commons/thumb/f/f9/BonnierJo196608.jpg/330px-BonnierJo196608.jpg?utm_source=en.wikipedia.org&utm_campaign=api&utm_content=thumbnail,Swedish,,0,0,0,,0,2,0,2
Derek Bell,MCLAREN-FORD,McLaren-Ford,MCLAREN-FORD,1969,Driver,https://upload.wikimedia.org/wikipedia/commons/thumb/6/6a/Derek_Bell_%282356476570%29.jpg/330px-Derek_Bell_%282356476570%29.jpg?utm_source=en.wikipedia.org&utm_campaign=api&utm_content=thumbnail,British,,0,0,0,,0,1,0,1
Bill Brack,BRM,BRM,BRM,1969,Driver,https://upload.wikimedia.org/wikipedia/commons/thumb/0/01/Bill_Brack_Formula_Atlantic_EIS_1975.jpg/330px-Bill_Brack_Formula_Atlantic_EIS_1975.jpg?utm_source=en.wikipedia.org&utm_campaign=api&utm_content=thumbnail,Canadian,,0,0,0,,0,1,0,1
Jack Brabham,BRABHAM,Brabham,BRABHAM,1970,Driver,https://upload.wikimedia.org/wikipedia/commons/thumb/e/e7/BrabhamJack1966B.jpg/330px-BrabhamJack1966B.jpg?utm_source=en.wikipedia.org&utm_campaign=api&utm_content=thumbnail,Australian,6,1,4,1,,5,13,0,6
Denny Hulme,MCLAREN-FORD,McLaren-Ford,MCLAREN-FORD,1970,Driver,https://upload.wikimedia.org/wikipedia/commons/thumb/9/92/HulmeDenis196508_%28cropped%29.jpg/330px-HulmeDenis196508_%28cropped%29.jpg?utm_source=en.wikipedia.org&utm_campaign=api&utm_content=thumbnail,New Zealander,4,0,4,0,,8,11,0,3
Jackie Stewart,MARCH,March,MARCH|TYRRELL,1970,Driver,https://upload.wikimedia.org/wikipedia/commons/thumb/4/4b/Jackie_Stewart_at_the_2014_WEC_Silverstone_round.jpg/330px-Jackie_Stewart_at_the_2014_WEC_Silverstone_round.jpg?utm_source=en.wikipedia.org&utm_campaign=api&utm_content=thumbnail,British,5,1,4,4,,5,13,0,8
Jean-Pierre Beltoise,MATRA,Matra,MATRA,1970,Driver,https://upload.wikimedia.org/wikipedia/commons/thumb/f/f1/Jean_Pierre_Beltoise_te_Zandvoort_1968.jpg/330px-Jean_Pierre_Beltoise_te_Zandvoort_1968.jpg?utm_source=en.wikipedia.org&utm_campaign=api&utm_content=thumbnail,French,9,0,2,0,,7,13,0,5
John Miles,TEAM_LOTUS,Team Lotus,TEAM_LOTUS,1970,Driver,https://upload.wikimedia.org/wikipedia/commons/thumb/3/39/John_Miles_1970_N%C3%BCrburgring.jpg/330px-John_Miles_1970_N%C3%BCrburgring.jpg?utm_source=en.wikipedia.org&utm_campaign=api&utm_content=thumbnail,British,19,0,0,0,,3,8,0,5
Graham Hill,TEAM_LOTUS,Team Lotus,TEAM_LOTUS,1970,Driver,https://upload.wikimedia.org/wikipedia/commons/thumb/f/fc/Graham_Hill_Bestanddeelnr_924-6564.jpg/330px-Graham_Hill_Bestanddeelnr_924-6564.jpg?utm_source=en.wikipedia.org&utm_campaign=api&utm_content=thumbnail,British,13,0,0,0,,5,12,0,7
Henri Pescarolo,MATRA,Matra,MATRA,1970,Driver,https://upload.wikimedia.org/wikipedia/commons/thumb/3/30/PescaroloHenry1973N%C3%BCrb.jpg/330px-PescaroloHenry1973N%C3%BCrb.jpg?utm_source=en.wikipedia.org&utm_campaign=api&utm_content=thumbnail,French,12,0,1,0,,9,13,0,3
John Love,TEAM_LOTUS,Team Lotus,TEAM_LOTUS,1970,Driver,https://upload.wikimedia.org/wikipedia/commons/thumb/b/b6/John_Love_Surtees_TS9_2019_Silverstone_Classic_%2848557776041%29.jpg/330px-John_Love_Surtees_TS9_2019_Silverstone_Classic_%2848557776041%29.jpg?utm_source=en.wikipedia.org&utm_campaign=api&utm_content=thumbnail,Rhodesian,,0,0,0,,1,1,0,0
Pedro Rodríguez,BRM,BRM,BRM,1970,Driver,https://upload.wikimedia.org/wikipedia/commons/thumb/6/68/Pedro_Rodr%C3%ADguez_1968_N%C3%BCrburgring-1_%28cropped%29.jpg/330px-Pedro_Rodr%C3%ADguez_1968_N%C3%BCrburgring-1_%28cropped%29.jpg?utm_source=en.wikipedia.org&utm_campaign=api&utm_content=thumbnail,Mexican,7,1,2,0,,8,13,0,5
Jo Siffert,MARCH,March,MARCH,1970,Driver,https://upload.wikimedia.org/wikipedia/commons/thumb/7/7e/Siffert%2C_Joseph_1968.jpg/330px-Siffert%2C_Joseph_1968.jpg?utm_source=en.wikipedia.org&utm_campaign=api&utm_content=thumbnail,Swiss,,0,0,0,,6,12,0,6
Jochen Rindt,TEAM_LOTUS,Team Lotus,TEAM_LOTUS,1970,Driver,https://upload.wikimedia.org/wikipedia/commons/thumb/c/cb/Rindt_at_1970_Dutch_Grand_Prix_%282C%29.jpg/330px-Rindt_at_1970_Dutch_Grand_Prix_%282C%29.jpg?utm_source=en.wikipedia.org&utm_campaign=api&utm_content=thumbnail,Austrian,1,5,5,3,,5,10,1,4
Jacky Ickx,FERRARI,Ferrari,FERRARI,1970,Driver,https://upload.wikimedia.org/wikipedia/commons/thumb/1/19/Jacky_Ickx_Portr%C3%A4t_Mille_Miglia_2018.jpg/330px-Jacky_Ickx_Portr%C3%A4t_Mille_Miglia_2018.jpg?utm_source=en.wikipedia.org&utm_campaign=api&utm_content=thumbnail,Belgian,2,3,5,4,,7,13,0,6
John Surtees,SURTEES,Surtees,SURTEES|MCLAREN-FORD,1970,Driver,https://upload.wikimedia.org/wikipedia/commons/thumb/c/c3/John_Surtees.JPG/330px-John_Surtees.JPG?utm_source=en.wikipedia.org&utm_campaign=api&utm_content=thumbnail,British,18,0,0,0,,4,11,0,7
Bruce McLaren,MCLAREN-FORD,McLaren-Ford,MCLAREN-FORD,1970,Driver,https://upload.wikimedia.org/wikipedia/commons/thumb/a/a0/McLarenBruce.jpg/330px-McLarenBruce.jpg?utm_source=en.wikipedia.org&utm_campaign=api&utm_content=thumbnail,New Zealander,14,0,1,0,,1,3,0,2
Piers Courage,TOMASO,De Tomaso,TOMASO,1970,Driver,https://upload.wikimedia.org/wikipedia/commons/thumb/3/32/Piers_Courage_1968_N%C3%BCrburgring.JPG/330px-Piers_Courage_1968_N%C3%BCrburgring.JPG?utm_source=en.wikipedia.org&utm_campaign=api&utm_content=thumbnail,British,,0,0,0,,0,5,0,5
Mario Andretti,MARCH,March,MARCH,1970,Driver,https://upload.wikimedia.org/wikipedia/commons/thumb/c/c3/Mario_Andretti_Goodwood_Festival_of_Speed_2021_%28cropped%29.jpg/330px-Mario_Andretti_Goodwood_Festival_of_Speed_2021_%28cropped%29.jpg?utm_source=en.wikipedia.org&utm_campaign=api&utm_content=thumbnail,American,16,0,1,0,,1,5,0,4
Rolf Stommelen,BRABHAM,Brabham,BRABHAM,1970,Driver,https://upload.wikimedia.org/wikipedia/commons/thumb/c/c4/Stommelen%2C_Rolf_am_1972-07-07.jpg/330px-Stommelen%2C_Rolf_am_1972-07-07.jpg?utm_source=en.wikipedia.org&utm_campaign=api&utm_content=thumbnail,German,11,0,1,0,,5,10,0,4
Jackie Oliver,BRM,BRM,BRM,1970,Driver,https://upload.wikimedia.org/wikipedia/commons/thumb/f/f5/Jackie_Oliver_1969_kl.JPG/330px-Jackie_Oliver_1969_kl.JPG?utm_source=en.wikipedia.org&utm_campaign=api&utm_content=thumbnail,British,20,0,0,0,,2,13,0,11
Chris Amon,MARCH,March,MARCH,1970,Driver,https://upload.wikimedia.org/wikipedia/commons/thumb/7/7b/AmonChris19730706.jpg/330px-AmonChris19730706.jpg?utm_source=en.wikipedia.org&utm_campaign=api&utm_content=thumbnail,New Zealander,8,0,3,0,,8,13,0,5
Ronnie Peterson,MARCH,March,MARCH,1970,Driver,https://upload.wikimedia.org/wikipedia/commons/thumb/e/e2/Peterson_at_1978_Dutch_Grand_Prix.jpg/330px-Peterson_at_1978_Dutch_Grand_Prix.jpg?utm_source=en.wikipedia.org&utm_campaign=api&utm_content=thumbnail,Swedish,,0,0,0,,3,9,0,5
Derek Bell,BRABHAM,Brabham,BRABHAM|SURTEES,1970,Driver,https://upload.wikimedia.org/wikipedia/commons/thumb/6/6a/Derek_Bell_%282356476570%29.jpg/330px-Derek_Bell_%282356476570%29.jpg?utm_source=en.wikipedia.org&utm_campaign=api&utm_content=thumbnail,British,25,0,0,0,,1,2,0,1
Clay Regazzoni,FERRARI,Ferrari,FERRARI,1970,Driver,https://upload.wikimedia.org/wikipedia/commons/thumb/e/e7/Anefo_924-6609_Clay_Reggazoni%2C_Catherine_Blaton%2C_Jacky_Ickx_Zandvoort_18_06_1971_-_Cropped.jpg/330px-Anefo_924-6609_Clay_Reggazoni%2C_Catherine_Blaton%2C_Jacky_Ickx_Zandvoort_18_06_1971_-_Cropped.jpg?utm_source=en.wikipedia.org&utm_campaign=api&utm_content=thumbnail,Swiss,3,1,4,1,,6,8,0,1
François Cevert,MARCH,March,MARCH,1970,Driver,https://upload.wikimedia.org/wikipedia/commons/thumb/d/d4/Francois_Cevert_1973.jpg/330px-Francois_Cevert_1973.jpg?utm_source=en.wikipedia.org&utm_campaign=api&utm_content=thumbnail,French,22,0,0,0,,4,9,0,4
Peter Gethin,MCLAREN-FORD,McLaren-Ford,MCLAREN-FORD,1970,Driver,https://upload.wikimedia.org/wikipedia/commons/thumb/3/3f/Peter_Gethin%2C_Bestanddeelnr_924-6614_%28cropped2%29.jpg/330px-Peter_Gethin%2C_Bestanddeelnr_924-6614_%28cropped2%29.jpg?utm_source=en.wikipedia.org&utm_campaign=api&utm_content=thumbnail,British,23,0,0,0,,2,7,0,4
Dan Gurney,MCLAREN-FORD,McLaren-Ford,MCLAREN-FORD,1970,Driver,https://upload.wikimedia.org/wikipedia/commons/thumb/b/b8/Dan_Gurney_%281970%29.jpg/330px-Dan_Gurney_%281970%29.jpg?utm_source=en.wikipedia.org&utm_campaign=api&utm_content=thumbnail,American,24,0,0,0,,1,3,0,2
Andrea de Adamich,MCLAREN-ALFA_ROMEO,McLaren-Alfa Romeo,MCLAREN-ALFA_ROMEO,1970,Driver,https://upload.wikimedia.org/wikipedia/commons/thumb/7/75/Andrea_De_Adamich_-_Alfa_Romeo_Giulia_2000_GTAm_%281972_Monza_4_Hours%29.jpg/330px-Andrea_De_Adamich_-_Alfa_Romeo_Giulia_2000_GTAm_%281972_Monza_4_Hours%29.jpg?utm_source=en.wikipedia.org&utm_campaign=api&utm_content=thumbnail,Italian,,0,0,0,,1,5,0,3
Emerson Fittipaldi,TEAM_LOTUS,Team Lotus,TEAM_LOTUS,1970,Driver,https://upload.wikimedia.org/wikipedia/commons/thumb/5/5e/Emerson_Fittipaldi_in_2020_%28cropped%29.JPG/330px-Emerson_Fittipaldi_in_2020_%28cropped%29.JPG?utm_source=en.wikipedia.org&utm_campaign=api&utm_content=thumbnail,Brazilian,10,1,1,0,,3,6,0,2
Tim Schenken,TOMASO,De Tomaso,TOMASO,1970,Driver,https://upload.wikimedia.org/wikipedia/commons/0/07/Tim_Schenken_1971_Hockenheim.JPG?utm_source=en.wikipedia.org&utm_campaign=api&utm_content=thumbnail_unscaled,Australian,,0,0,0,,0,4,0,4
Silvio Moser,BELLASI,Bellasi,BELLASI,1970,Driver,https://upload.wikimedia.org/wikipedia/commons/1/17/SilvioMoser.jpg?utm_source=en.wikipedia.org&utm_campaign=api&utm_content=thumbnail_unscaled,Swiss,,0,0,0,,0,1,0,1
Reine Wisell,TEAM_LOTUS,Team Lotus,TEAM_LOTUS,1970,Driver,https://upload.wikimedia.org/wikipedia/commons/thumb/d/d1/Reine_Wisell_1970_N%C3%BCrburgring.JPG/330px-Reine_Wisell_1970_N%C3%BCrburgring.JPG?utm_source=en.wikipedia.org&utm_campaign=api&utm_content=thumbnail,Swedish,15,0,1,0,,1,2,0,1
Jo Bonnier,MCLAREN-FORD,McLaren-Ford,MCLAREN-FORD,1970,Driver,https://upload.wikimedia.org/wikipedia/commons/thumb/f/f9/BonnierJo196608.jpg/330px-BonnierJo196608.jpg?utm_source=en.wikipedia.org&utm_campaign=api&utm_content=thumbnail,Swedish,,0,0,0,,0,1,0,1
Mario Andretti,FERRARI,Ferrari,FERRARI,1971,Driver,https://upload.wikimedia.org/wikipedia/commons/thumb/c/c3/Mario_Andretti_Goodwood_Festival_of_Speed_2021_%28cropped%29.jpg/330px-Mario_Andretti_Goodwood_Festival_of_Speed_2021_%28cropped%29.jpg?utm_source=en.wikipedia.org&utm_campaign=api&utm_content=thumbnail,American,8,1,1,0,,2,5,0,2
Jackie Stewart,TYRRELL,Tyrrell,TYRRELL,1971,Driver,https://upload.wikimedia.org/wikipedia/commons/thumb/4/4b/Jackie_Stewart_at_the_2014_WEC_Silverstone_round.jpg/330px-Jackie_Stewart_at_the_2014_WEC_Silverstone_round.jpg?utm_source=en.wikipedia.org&utm_campaign=api&utm_content=thumbnail,British,1,6,7,6,,8,11,1,2
Clay Regazzoni,FERRARI,Ferrari,FERRARI,1971,Driver,https://upload.wikimedia.org/wikipedia/commons/thumb/e/e7/Anefo_924-6609_Clay_Reggazoni%2C_Catherine_Blaton%2C_Jacky_Ickx_Zandvoort_18_06_1971_-_Cropped.jpg/330px-Anefo_924-6609_Clay_Reggazoni%2C_Catherine_Blaton%2C_Jacky_Ickx_Zandvoort_18_06_1971_-_Cropped.jpg?utm_source=en.wikipedia.org&utm_campaign=api&utm_content=thumbnail,Swiss,7,0,3,1,,4,11,0,7
Reine Wisell,LOTUS-FORD,Lotus-Ford,LOTUS-FORD|LOTUS-PW,1971,Driver,https://upload.wikimedia.org/wikipedia/commons/thumb/d/d1/Reine_Wisell_1970_N%C3%BCrburgring.JPG/330px-Reine_Wisell_1970_N%C3%BCrburgring.JPG?utm_source=en.wikipedia.org&utm_campaign=api&utm_content=thumbnail,Swedish,12,0,0,0,,5,10,0,5
Chris Amon,MATRA,Matra,MATRA,1971,Driver,https://upload.wikimedia.org/wikipedia/commons/thumb/7/7b/AmonChris19730706.jpg/330px-AmonChris19730706.jpg?utm_source=en.wikipedia.org&utm_campaign=api&utm_content=thumbnail,New Zealander,11,0,1,1,,5,10,0,4
Denny Hulme,MCLAREN,McLaren,MCLAREN,1971,Driver,https://upload.wikimedia.org/wikipedia/commons/thumb/9/92/HulmeDenis196508_%28cropped%29.jpg/330px-HulmeDenis196508_%28cropped%29.jpg?utm_source=en.wikipedia.org&utm_campaign=api&utm_content=thumbnail,New Zealander,13,0,0,0,,4,10,0,5
Brian Redman,SURTEES,Surtees,SURTEES,1971,Driver,https://upload.wikimedia.org/wikipedia/commons/thumb/5/5c/Porsche_Rennsport_Reunion_IV_%286259662130%29.jpg/330px-Porsche_Rennsport_Reunion_IV_%286259662130%29.jpg?utm_source=en.wikipedia.org&utm_campaign=api&utm_content=thumbnail,British,,0,0,0,,1,1,0,0
Jacky Ickx,FERRARI,Ferrari,FERRARI,1971,Driver,https://upload.wikimedia.org/wikipedia/commons/thumb/1/19/Jacky_Ickx_Portr%C3%A4t_Mille_Miglia_2018.jpg/330px-Jacky_Ickx_Portr%C3%A4t_Mille_Miglia_2018.jpg?utm_source=en.wikipedia.org&utm_campaign=api&utm_content=thumbnail,Belgian,4,1,3,2,,5,11,0,6
Graham Hill,BRABHAM,Brabham,BRABHAM,1971,Driver,https://upload.wikimedia.org/wikipedia/commons/thumb/f/fc/Graham_Hill_Bestanddeelnr_924-6564.jpg/330px-Graham_Hill_Bestanddeelnr_924-6564.jpg?utm_source=en.wikipedia.org&utm_campaign=api&utm_content=thumbnail,British,21,0,0,0,,5,11,0,6
Ronnie Peterson,MARCH-FORD,March-Ford,MARCH-FORD|MARCH-ALFA_ROMEO,1971,Driver,https://upload.wikimedia.org/wikipedia/commons/thumb/e/e2/Peterson_at_1978_Dutch_Grand_Prix.jpg/330px-Peterson_at_1978_Dutch_Grand_Prix.jpg?utm_source=en.wikipedia.org&utm_campaign=api&utm_content=thumbnail,Swedish,2,0,5,0,,9,11,0,2
Henri Pescarolo,MARCH-FORD,March-Ford,MARCH-FORD,1971,Driver,https://upload.wikimedia.org/wikipedia/commons/thumb/3/30/PescaroloHenry1973N%C3%BCrb.jpg/330px-PescaroloHenry1973N%C3%BCrb.jpg?utm_source=en.wikipedia.org&utm_campaign=api&utm_content=thumbnail,French,17,0,0,0,,3,10,0,6
Rolf Stommelen,SURTEES,Surtees,SURTEES,1971,Driver,https://upload.wikimedia.org/wikipedia/commons/thumb/c/c4/Stommelen%2C_Rolf_am_1972-07-07.jpg/330px-Stommelen%2C_Rolf_am_1972-07-07.jpg?utm_source=en.wikipedia.org&utm_campaign=api&utm_content=thumbnail,German,20,0,0,0,,4,10,0,4
Andrea de Adamich,MARCH-ALFA_ROMEO,March-Alfa Romeo,MARCH-ALFA_ROMEO,1971,Driver,https://upload.wikimedia.org/wikipedia/commons/thumb/7/75/Andrea_De_Adamich_-_Alfa_Romeo_Giulia_2000_GTAm_%281972_Monza_4_Hours%29.jpg/330px-Andrea_De_Adamich_-_Alfa_Romeo_Giulia_2000_GTAm_%281972_Monza_4_Hours%29.jpg?utm_source=en.wikipedia.org&utm_campaign=api&utm_content=thumbnail,Italian,,0,0,0,,0,7,0,5
Emerson Fittipaldi,LOTUS-FORD,Lotus-Ford,LOTUS-FORD|LOTUS-PW,1971,Driver,https://upload.wikimedia.org/wikipedia/commons/thumb/5/5e/Emerson_Fittipaldi_in_2020_%28cropped%29.JPG/330px-Emerson_Fittipaldi_in_2020_%28cropped%29.JPG?utm_source=en.wikipedia.org&utm_campaign=api&utm_content=thumbnail,Brazilian,6,0,3,0,,6,10,0,4
John Surtees,SURTEES,Surtees,SURTEES,1971,Driver,https://upload.wikimedia.org/wikipedia/commons/thumb/c/c3/John_Surtees.JPG/330px-John_Surtees.JPG?utm_source=en.wikipedia.org&utm_campaign=api&utm_content=thumbnail,British,19,0,0,0,,5,11,0,3
François Cevert,TYRRELL,Tyrrell,TYRRELL,1971,Driver,https://upload.wikimedia.org/wikipedia/commons/thumb/d/d4/Francois_Cevert_1973.jpg/330px-Francois_Cevert_1973.jpg?utm_source=en.wikipedia.org&utm_campaign=api&utm_content=thumbnail,French,3,1,4,0,,7,11,0,4
Howden Ganley,BRM,BRM,BRM,1971,Driver,https://upload.wikimedia.org/wikipedia/commons/thumb/b/b6/HowdenGanleyNZFMR2015.jpg/330px-HowdenGanleyNZFMR2015.jpg?utm_source=en.wikipedia.org&utm_campaign=api&utm_content=thumbnail,New Zealander,15,0,0,0,,6,10,0,4
Pedro Rodríguez,BRM,BRM,BRM,1971,Driver,https://upload.wikimedia.org/wikipedia/commons/thumb/6/68/Pedro_Rodr%C3%ADguez_1968_N%C3%BCrburgring-1_%28cropped%29.jpg/330px-Pedro_Rodr%C3%ADguez_1968_N%C3%BCrburgring-1_%28cropped%29.jpg?utm_source=en.wikipedia.org&utm_campaign=api&utm_content=thumbnail,Mexican,10,0,1,0,,3,5,0,2
Jo Siffert,BRM,BRM,BRM,1971,Driver,https://upload.wikimedia.org/wikipedia/commons/thumb/7/7e/Siffert%2C_Joseph_1968.jpg/330px-Siffert%2C_Joseph_1968.jpg?utm_source=en.wikipedia.org&utm_campaign=api&utm_content=thumbnail,Swiss,5,1,2,1,,7,11,0,4
John Love,MARCH-FORD,March-Ford,MARCH-FORD,1971,Driver,https://upload.wikimedia.org/wikipedia/commons/thumb/b/b6/John_Love_Surtees_TS9_2019_Silverstone_Classic_%2848557776041%29.jpg/330px-John_Love_Surtees_TS9_2019_Silverstone_Classic_%2848557776041%29.jpg?utm_source=en.wikipedia.org&utm_campaign=api&utm_content=thumbnail,Rhodesian,,0,0,0,,0,1,0,1
Peter Gethin,MCLAREN,McLaren,MCLAREN|BRM,1971,Driver,https://upload.wikimedia.org/wikipedia/commons/thumb/3/3f/Peter_Gethin%2C_Bestanddeelnr_924-6614_%28cropped2%29.jpg/330px-Peter_Gethin%2C_Bestanddeelnr_924-6614_%28cropped2%29.jpg?utm_source=en.wikipedia.org&utm_campaign=api&utm_content=thumbnail,British,9,1,1,0,,5,11,0,5
Jo Bonnier,MCLAREN,McLaren,MCLAREN,1971,Driver,https://upload.wikimedia.org/wikipedia/commons/thumb/f/f9/BonnierJo196608.jpg/330px-BonnierJo196608.jpg?utm_source=en.wikipedia.org&utm_campaign=api&utm_content=thumbnail,Swedish,,0,0,0,,1,4,0,2
Alex Soler-Roig,MARCH-FORD,March-Ford,MARCH-FORD,1971,Driver,https://upload.wikimedia.org/wikipedia/commons/thumb/0/07/Alex_Soler-Roig%2C_Spain_1931.jpg/330px-Alex_Soler-Roig%2C_Spain_1931.jpg?utm_source=en.wikipedia.org&utm_campaign=api&utm_content=thumbnail,Spanish,,0,0,0,,0,4,0,4
Jean-Pierre Beltoise,MATRA,Matra,MATRA,1971,Driver,https://upload.wikimedia.org/wikipedia/commons/thumb/f/f1/Jean_Pierre_Beltoise_te_Zandvoort_1968.jpg/330px-Jean_Pierre_Beltoise_te_Zandvoort_1968.jpg?utm_source=en.wikipedia.org&utm_campaign=api&utm_content=thumbnail,French,22,0,0,0,,5,7,0,2
Tim Schenken,BRABHAM,Brabham,BRABHAM,1971,Driver,https://upload.wikimedia.org/wikipedia/commons/0/07/Tim_Schenken_1971_Hockenheim.JPG?utm_source=en.wikipedia.org&utm_campaign=api&utm_content=thumbnail_unscaled,Australian,14,0,1,0,,4,10,0,4
Gijs van Lennep,SURTEES,Surtees,SURTEES,1971,Driver,https://upload.wikimedia.org/wikipedia/commons/thumb/4/44/Gijs_van_Lennep_%281971%29.jpg/330px-Gijs_van_Lennep_%281971%29.jpg?utm_source=en.wikipedia.org&utm_campaign=api&utm_content=thumbnail,Dutch,,0,0,0,,1,1,0,0
David Walker,LOTUS-PW,Lotus-Pratt &amp; Whitney,LOTUS-PW,1971,Driver,https://upload.wikimedia.org/wikipedia/commons/thumb/e/e4/David_Walker_1971_Lotus_56_B_Pratt_Whitney.jpg/330px-David_Walker_1971_Lotus_56_B_Pratt_Whitney.jpg?utm_source=en.wikipedia.org&utm_campaign=api&utm_content=thumbnail,Australian,,0,0,0,,0,1,0,1
Nanni Galli,MARCH-FORD,March-Ford,MARCH-FORD|MARCH-ALFA_ROMEO,1971,Driver,https://upload.wikimedia.org/wikipedia/commons/thumb/1/17/Nanni_Galli%2C_Alfa_Romeo_33.3%2C_1971-05-29.jpg/330px-Nanni_Galli%2C_Alfa_Romeo_33.3%2C_1971-05-29.jpg?utm_source=en.wikipedia.org&utm_campaign=api&utm_content=thumbnail,Italian,,0,0,0,,0,6,0,2
Derek Bell,SURTEES,Surtees,SURTEES,1971,Driver,https://upload.wikimedia.org/wikipedia/commons/thumb/6/6a/Derek_Bell_%282356476570%29.jpg/330px-Derek_Bell_%282356476570%29.jpg?utm_source=en.wikipedia.org&utm_campaign=api&utm_content=thumbnail,British,,0,0,0,,0,1,0,1
Mike Beuttler,MARCH-FORD,March-Ford,MARCH-FORD,1971,Driver,https://upload.wikimedia.org/wikipedia/commons/thumb/4/40/1972_French_Grand_Prix_Beuttler_%285225615113%29.jpg/330px-1972_French_Grand_Prix_Beuttler_%285225615113%29.jpg?utm_source=en.wikipedia.org&utm_campaign=api&utm_content=thumbnail,British,,0,0,0,,0,5,0,5
Jackie Oliver,MCLAREN,McLaren,MCLAREN,1971,Driver,https://upload.wikimedia.org/wikipedia/commons/thumb/f/f5/Jackie_Oliver_1969_kl.JPG/330px-Jackie_Oliver_1969_kl.JPG?utm_source=en.wikipedia.org&utm_campaign=api&utm_content=thumbnail,British,,0,0,0,,2,3,0,1
Vic Elford,BRM,BRM,BRM,1971,Driver,https://upload.wikimedia.org/wikipedia/commons/thumb/f/f8/Vic_Elford_Watkins_Glen_2010_%28cropped%29.jpg/330px-Vic_Elford_Watkins_Glen_2010_%28cropped%29.jpg?utm_source=en.wikipedia.org&utm_campaign=api&utm_content=thumbnail,British,,0,0,0,,0,1,0,0
Helmut Marko,BRM,BRM,BRM,1971,Driver,https://upload.wikimedia.org/wikipedia/commons/thumb/f/fe/Helmut_Marko_Austrian_GP_2016_%28cropped2%29.jpg/330px-Helmut_Marko_Austrian_GP_2016_%28cropped2%29.jpg?utm_source=en.wikipedia.org&utm_campaign=api&utm_content=thumbnail,Austrian,,0,0,0,,0,4,0,1
Niki Lauda,MARCH-FORD,March-Ford,MARCH-FORD,1971,Driver,https://upload.wikimedia.org/wikipedia/commons/thumb/2/2d/Lauda_at_1982_Dutch_Grand_Prix.jpg/330px-Lauda_at_1982_Dutch_Grand_Prix.jpg?utm_source=en.wikipedia.org&utm_campaign=api&utm_content=thumbnail,Austrian,,0,0,0,,0,1,0,1
Mike Hailwood,SURTEES,Surtees,SURTEES,1971,Driver,https://upload.wikimedia.org/wikipedia/commons/thumb/f/f0/Mike_Hailwood.jpg/330px-Mike_Hailwood.jpg?utm_source=en.wikipedia.org&utm_campaign=api&utm_content=thumbnail,British,18,0,0,0,,1,2,0,0
Jean-Pierre Jarier,MARCH-FORD,March-Ford,MARCH-FORD,1971,Driver,https://upload.wikimedia.org/wikipedia/commons/thumb/7/7e/Jean-Pierre_Jarier_en_1976.jpg/330px-Jean-Pierre_Jarier_en_1976.jpg?utm_source=en.wikipedia.org&utm_campaign=api&utm_content=thumbnail,French,,0,0,0,,0,1,0,1
Silvio Moser,BELLASI,Bellasi,BELLASI,1971,Driver,https://upload.wikimedia.org/wikipedia/commons/1/17/SilvioMoser.jpg?utm_source=en.wikipedia.org&utm_campaign=api&utm_content=thumbnail_unscaled,Swiss,,0,0,0,,0,1,0,1
Mark Donohue,MCLAREN,McLaren,MCLAREN,1971,Driver,https://upload.wikimedia.org/wikipedia/commons/thumb/a/a0/Mark_Donohue_JPGP_S_75.jpg/330px-Mark_Donohue_JPGP_S_75.jpg?utm_source=en.wikipedia.org&utm_campaign=api&utm_content=thumbnail,American,16,0,1,0,,1,1,0,0
David Hobbs,MCLAREN,McLaren,MCLAREN,1971,Driver,https://upload.wikimedia.org/wikipedia/commons/thumb/4/4a/David_Hobbs.jpg/330px-David_Hobbs.jpg?utm_source=en.wikipedia.org&utm_campaign=api&utm_content=thumbnail,British,,0,0,0,,1,1,0,0
John Cannon,BRM,BRM,BRM,1971,Driver,https://upload.wikimedia.org/wikipedia/commons/thumb/b/b8/BRM_P153.jpg/330px-BRM_P153.jpg?utm_source=en.wikipedia.org&utm_campaign=api&utm_content=thumbnail,Canadian,,0,0,0,,0,1,0,0
Sam Posey,SURTEES,Surtees,SURTEES,1971,Driver,https://upload.wikimedia.org/wikipedia/commons/7/72/Speed_tv_f1_panel_ims_stage_2006_%28cropped%29.jpg?utm_source=en.wikipedia.org&utm_campaign=api&utm_content=thumbnail_unscaled,American,,0,0,0,,0,1,0,1
Peter Revson,TYRRELL,Tyrrell,TYRRELL,1971,Driver,https://upload.wikimedia.org/wikipedia/commons/thumb/7/7a/Peter_Revson_1973_N%C3%BCrburgring_a_%28cropped%29.jpg/330px-Peter_Revson_1973_N%C3%BCrburgring_a_%28cropped%29.jpg?utm_source=en.wikipedia.org&utm_campaign=api&utm_content=thumbnail,American,,0,0,0,,0,1,0,1
Jackie Stewart,TYRRELL,Tyrrell,TYRRELL,1972,Driver,https://upload.wikimedia.org/wikipedia/commons/thumb/4/4b/Jackie_Stewart_at_the_2014_WEC_Silverstone_round.jpg/330px-Jackie_Stewart_at_the_2014_WEC_Silverstone_round.jpg?utm_source=en.wikipedia.org&utm_campaign=api&utm_content=thumbnail,British,2,4,5,2,,7,11,0,3
Denny Hulme,MCLAREN,McLaren,MCLAREN,1972,Driver,https://upload.wikimedia.org/wikipedia/commons/thumb/9/92/HulmeDenis196508_%28cropped%29.jpg/330px-HulmeDenis196508_%28cropped%29.jpg?utm_source=en.wikipedia.org&utm_campaign=api&utm_content=thumbnail,New Zealander,3,1,7,0,,9,12,0,2
Jacky Ickx,FERRARI,Ferrari,FERRARI,1972,Driver,https://upload.wikimedia.org/wikipedia/commons/thumb/1/19/Jacky_Ickx_Portr%C3%A4t_Mille_Miglia_2018.jpg/330px-Jacky_Ickx_Portr%C3%A4t_Mille_Miglia_2018.jpg?utm_source=en.wikipedia.org&utm_campaign=api&utm_content=thumbnail,Belgian,4,1,4,4,,6,12,0,4
Clay Regazzoni,FERRARI,Ferrari,FERRARI,1972,Driver,https://upload.wikimedia.org/wikipedia/commons/thumb/e/e7/Anefo_924-6609_Clay_Reggazoni%2C_Catherine_Blaton%2C_Jacky_Ickx_Zandvoort_18_06_1971_-_Cropped.jpg/330px-Anefo_924-6609_Clay_Reggazoni%2C_Catherine_Blaton%2C_Jacky_Ickx_Zandvoort_18_06_1971_-_Cropped.jpg?utm_source=en.wikipedia.org&utm_campaign=api&utm_content=thumbnail,Swiss,7,0,2,0,,5,10,0,4
Tim Schenken,SURTEES,Surtees,SURTEES,1972,Driver,https://upload.wikimedia.org/wikipedia/commons/0/07/Tim_Schenken_1971_Hockenheim.JPG?utm_source=en.wikipedia.org&utm_campaign=api&utm_content=thumbnail_unscaled,Australian,19,0,0,0,,3,12,0,6
Ronnie Peterson,MARCH,March,MARCH,1972,Driver,https://upload.wikimedia.org/wikipedia/commons/thumb/e/e2/Peterson_at_1978_Dutch_Grand_Prix.jpg/330px-Peterson_at_1978_Dutch_Grand_Prix.jpg?utm_source=en.wikipedia.org&utm_campaign=api&utm_content=thumbnail,Swedish,9,0,1,0,,8,12,0,2
Carlos Reutemann,BRABHAM,Brabham,BRABHAM,1972,Driver,https://upload.wikimedia.org/wikipedia/commons/thumb/3/3a/Reutemann_1981.jpg/330px-Reutemann_1981.jpg?utm_source=en.wikipedia.org&utm_campaign=api&utm_content=thumbnail,Argentine,16,0,0,1,,3,10,0,5
Henri Pescarolo,MARCH,March,MARCH|POLITOYS,1972,Driver,https://upload.wikimedia.org/wikipedia/commons/thumb/3/30/PescaroloHenry1973N%C3%BCrb.jpg/330px-PescaroloHenry1973N%C3%BCrb.jpg?utm_source=en.wikipedia.org&utm_campaign=api&utm_content=thumbnail,French,,0,0,0,,1,9,0,4
Howden Ganley,BRM,BRM,BRM,1972,Driver,https://upload.wikimedia.org/wikipedia/commons/thumb/b/b6/HowdenGanleyNZFMR2015.jpg/330px-HowdenGanleyNZFMR2015.jpg?utm_source=en.wikipedia.org&utm_campaign=api&utm_content=thumbnail,New Zealander,13,0,0,0,,5,10,0,4
Helmut Marko,BRM,BRM,BRM,1972,Driver,https://upload.wikimedia.org/wikipedia/commons/thumb/f/fe/Helmut_Marko_Austrian_GP_2016_%28cropped2%29.jpg/330px-Helmut_Marko_Austrian_GP_2016_%28cropped2%29.jpg?utm_source=en.wikipedia.org&utm_campaign=api&utm_content=thumbnail,Austrian,,0,0,0,,3,5,0,1
Niki Lauda,MARCH,March,MARCH,1972,Driver,https://upload.wikimedia.org/wikipedia/commons/thumb/2/2d/Lauda_at_1982_Dutch_Grand_Prix.jpg/330px-Lauda_at_1982_Dutch_Grand_Prix.jpg?utm_source=en.wikipedia.org&utm_campaign=api&utm_content=thumbnail,Austrian,,0,0,0,,3,12,0,4
Emerson Fittipaldi,TEAM_LOTUS,Team Lotus,TEAM_LOTUS,1972,Driver,https://upload.wikimedia.org/wikipedia/commons/thumb/5/5e/Emerson_Fittipaldi_in_2020_%28cropped%29.JPG/330px-Emerson_Fittipaldi_in_2020_%28cropped%29.JPG?utm_source=en.wikipedia.org&utm_campaign=api&utm_content=thumbnail,Brazilian,1,5,8,3,,8,12,1,3
François Cevert,TYRRELL,Tyrrell,TYRRELL,1972,Driver,https://upload.wikimedia.org/wikipedia/commons/thumb/d/d4/Francois_Cevert_1973.jpg/330px-Francois_Cevert_1973.jpg?utm_source=en.wikipedia.org&utm_campaign=api&utm_content=thumbnail,French,6,0,2,0,,6,12,0,6
Reine Wisell,BRM,BRM,BRM|TEAM_LOTUS,1972,Driver,https://upload.wikimedia.org/wikipedia/commons/thumb/d/d1/Reine_Wisell_1970_N%C3%BCrburgring.JPG/330px-Reine_Wisell_1970_N%C3%BCrburgring.JPG?utm_source=en.wikipedia.org&utm_campaign=api&utm_content=thumbnail,Swedish,,0,0,0,,1,8,0,6
Peter Revson,MCLAREN,McLaren,MCLAREN,1972,Driver,https://upload.wikimedia.org/wikipedia/commons/thumb/7/7a/Peter_Revson_1973_N%C3%BCrburgring_a_%28cropped%29.jpg/330px-Peter_Revson_1973_N%C3%BCrburgring_a_%28cropped%29.jpg?utm_source=en.wikipedia.org&utm_campaign=api&utm_content=thumbnail,American,5,0,4,1,,7,9,0,1
Mario Andretti,FERRARI,Ferrari,FERRARI,1972,Driver,https://upload.wikimedia.org/wikipedia/commons/thumb/c/c3/Mario_Andretti_Goodwood_Festival_of_Speed_2021_%28cropped%29.jpg/330px-Mario_Andretti_Goodwood_Festival_of_Speed_2021_%28cropped%29.jpg?utm_source=en.wikipedia.org&utm_campaign=api&utm_content=thumbnail,American,12,0,0,0,,3,5,0,2
Andrea de Adamich,SURTEES,Surtees,SURTEES,1972,Driver,https://upload.wikimedia.org/wikipedia/commons/thumb/7/75/Andrea_De_Adamich_-_Alfa_Romeo_Giulia_2000_GTAm_%281972_Monza_4_Hours%29.jpg/330px-Andrea_De_Adamich_-_Alfa_Romeo_Giulia_2000_GTAm_%281972_Monza_4_Hours%29.jpg?utm_source=en.wikipedia.org&utm_campaign=api&utm_content=thumbnail,Italian,17,0,0,0,,2,12,0,7
Graham Hill,BRABHAM,Brabham,BRABHAM,1972,Driver,https://upload.wikimedia.org/wikipedia/commons/thumb/f/fc/Graham_Hill_Bestanddeelnr_924-6564.jpg/330px-Graham_Hill_Bestanddeelnr_924-6564.jpg?utm_source=en.wikipedia.org&utm_campaign=api&utm_content=thumbnail,British,15,0,0,0,,6,12,0,4
David Walker,TEAM_LOTUS,Team Lotus,TEAM_LOTUS,1972,Driver,https://upload.wikimedia.org/wikipedia/commons/thumb/e/e4/David_Walker_1971_Lotus_56_B_Pratt_Whitney.jpg/330px-David_Walker_1971_Lotus_56_B_Pratt_Whitney.jpg?utm_source=en.wikipedia.org&utm_campaign=api&utm_content=thumbnail,Australian,,0,0,0,,2,10,0,5
Peter Gethin,BRM,BRM,BRM,1972,Driver,https://upload.wikimedia.org/wikipedia/commons/thumb/3/3f/Peter_Gethin%2C_Bestanddeelnr_924-6614_%28cropped2%29.jpg/330px-Peter_Gethin%2C_Bestanddeelnr_924-6614_%28cropped2%29.jpg?utm_source=en.wikipedia.org&utm_campaign=api&utm_content=thumbnail,British,21,0,0,0,,1,10,0,8
Alex Soler-Roig,BRM,BRM,BRM,1972,Driver,https://upload.wikimedia.org/wikipedia/commons/thumb/0/07/Alex_Soler-Roig%2C_Spain_1931.jpg/330px-Alex_Soler-Roig%2C_Spain_1931.jpg?utm_source=en.wikipedia.org&utm_campaign=api&utm_content=thumbnail,Spanish,,0,0,0,,0,2,0,2
Chris Amon,MATRA,Matra,MATRA,1972,Driver,https://upload.wikimedia.org/wikipedia/commons/thumb/7/7b/AmonChris19730706.jpg/330px-AmonChris19730706.jpg?utm_source=en.wikipedia.org&utm_campaign=api&utm_content=thumbnail,New Zealander,10,0,1,1,,6,12,0,3
Rolf Stommelen,MARCH,March,MARCH,1972,Driver,https://upload.wikimedia.org/wikipedia/commons/thumb/c/c4/Stommelen%2C_Rolf_am_1972-07-07.jpg/330px-Stommelen%2C_Rolf_am_1972-07-07.jpg?utm_source=en.wikipedia.org&utm_campaign=api&utm_content=thumbnail,German,,0,0,0,,2,8,0,3
John Love,SURTEES,Surtees,SURTEES,1972,Driver,https://upload.wikimedia.org/wikipedia/commons/thumb/b/b6/John_Love_Surtees_TS9_2019_Silverstone_Classic_%2848557776041%29.jpg/330px-John_Love_Surtees_TS9_2019_Silverstone_Classic_%2848557776041%29.jpg?utm_source=en.wikipedia.org&utm_campaign=api&utm_content=thumbnail,Rhodesian,,0,0,0,,0,1,0,0
Carlos Pace,MARCH,March,MARCH,1972,Driver,https://upload.wikimedia.org/wikipedia/commons/thumb/a/a6/Jos%C3%A9_Carlos_Pace%2C_sem_data.tif/lossy-page1-330px-Jos%C3%A9_Carlos_Pace%2C_sem_data.tif.jpg?utm_source=en.wikipedia.org&utm_campaign=api&utm_content=thumbnail,Brazilian,18,0,0,0,,3,11,0,6
Jean-Pierre Beltoise,BRM,BRM,BRM,1972,Driver,https://upload.wikimedia.org/wikipedia/commons/thumb/f/f1/Jean_Pierre_Beltoise_te_Zandvoort_1968.jpg/330px-Jean_Pierre_Beltoise_te_Zandvoort_1968.jpg?utm_source=en.wikipedia.org&utm_campaign=api&utm_content=thumbnail,French,11,1,1,0,,4,11,0,5
Mike Hailwood,SURTEES,Surtees,SURTEES,1972,Driver,https://upload.wikimedia.org/wikipedia/commons/thumb/f/f0/Mike_Hailwood.jpg/330px-Mike_Hailwood.jpg?utm_source=en.wikipedia.org&utm_campaign=api&utm_content=thumbnail,British,8,0,1,0,,4,10,0,5
Wilson Fittipaldi,BRABHAM,Brabham,BRABHAM,1972,Driver,https://upload.wikimedia.org/wikipedia/commons/thumb/a/a9/Wilson_Fittipaldi_J%C3%BAnior_2017.jpg/330px-Wilson_Fittipaldi_J%C3%BAnior_2017.jpg?utm_source=en.wikipedia.org&utm_campaign=api&utm_content=thumbnail,Brazilian,,0,0,0,,4,10,0,5
Brian Redman,MCLAREN,McLaren,MCLAREN|BRM,1972,Driver,https://upload.wikimedia.org/wikipedia/commons/thumb/5/5c/Porsche_Rennsport_Reunion_IV_%286259662130%29.jpg/330px-Porsche_Rennsport_Reunion_IV_%286259662130%29.jpg?utm_source=en.wikipedia.org&utm_campaign=api&utm_content=thumbnail,British,14,0,0,0,,3,4,0,1
Mike Beuttler,MARCH,March,MARCH,1972,Driver,https://upload.wikimedia.org/wikipedia/commons/thumb/4/40/1972_French_Grand_Prix_Beuttler_%285225615113%29.jpg/330px-1972_French_Grand_Prix_Beuttler_%285225615113%29.jpg?utm_source=en.wikipedia.org&utm_campaign=api&utm_content=thumbnail,British,,0,0,0,,2,9,0,3
Nanni Galli,TECNO,Tecno,TECNO|FERRARI,1972,Driver,https://upload.wikimedia.org/wikipedia/commons/thumb/1/17/Nanni_Galli%2C_Alfa_Romeo_33.3%2C_1971-05-29.jpg/330px-Nanni_Galli%2C_Alfa_Romeo_33.3%2C_1971-05-29.jpg?utm_source=en.wikipedia.org&utm_campaign=api&utm_content=thumbnail,Italian,,0,0,0,,0,5,0,4
Patrick Depailler,TYRRELL,Tyrrell,TYRRELL,1972,Driver,https://upload.wikimedia.org/wikipedia/commons/thumb/4/4e/PatrickDepailler-ar.jpg/330px-PatrickDepailler-ar.jpg?utm_source=en.wikipedia.org&utm_campaign=api&utm_content=thumbnail,French,,0,0,0,,1,2,0,1
Arturo Merzario,FERRARI,Ferrari,FERRARI,1972,Driver,https://upload.wikimedia.org/wikipedia/commons/thumb/d/da/Arturo_Merzario_en_1973.jpg/330px-Arturo_Merzario_en_1973.jpg?utm_source=en.wikipedia.org&utm_campaign=api&utm_content=thumbnail,Italian,20,0,0,0,,1,2,0,0
Jackie Oliver,BRM,BRM,BRM,1972,Driver,https://upload.wikimedia.org/wikipedia/commons/thumb/f/f5/Jackie_Oliver_1969_kl.JPG/330px-Jackie_Oliver_1969_kl.JPG?utm_source=en.wikipedia.org&utm_campaign=api&utm_content=thumbnail,British,,0,0,0,,0,1,0,1
Derek Bell,TECNO,Tecno,TECNO,1972,Driver,https://upload.wikimedia.org/wikipedia/commons/thumb/6/6a/Derek_Bell_%282356476570%29.jpg/330px-Derek_Bell_%282356476570%29.jpg?utm_source=en.wikipedia.org&utm_campaign=api&utm_content=thumbnail,British,,0,0,0,,0,2,0,2
François Migault,CONNEW,Connew,CONNEW,1972,Driver,https://upload.wikimedia.org/wikipedia/en/2/23/Fran%C3%A7ois_Migault.jpg?utm_source=en.wikipedia.org&utm_campaign=api&utm_content=thumbnail_unscaled,French,,0,0,0,,0,1,0,1
John Surtees,SURTEES,Surtees,SURTEES,1972,Driver,https://upload.wikimedia.org/wikipedia/commons/thumb/c/c3/John_Surtees.JPG/330px-John_Surtees.JPG?utm_source=en.wikipedia.org&utm_campaign=api&utm_content=thumbnail,British,,0,0,0,,0,1,0,1
Bill Brack,BRM,BRM,BRM,1972,Driver,https://upload.wikimedia.org/wikipedia/commons/thumb/0/01/Bill_Brack_Formula_Atlantic_EIS_1975.jpg/330px-Bill_Brack_Formula_Atlantic_EIS_1975.jpg?utm_source=en.wikipedia.org&utm_campaign=api&utm_content=thumbnail,Canadian,,0,0,0,,0,1,0,1
Jody Scheckter,MCLAREN,McLaren,MCLAREN,1972,Driver,https://upload.wikimedia.org/wikipedia/commons/thumb/d/dc/Jody_Scheckter_during_the_1979_Monaco_Grand_Prix.jpg/330px-Jody_Scheckter_during_the_1979_Monaco_Grand_Prix.jpg?utm_source=en.wikipedia.org&utm_campaign=api&utm_content=thumbnail,South African,,0,0,0,,1,1,0,0
Sam Posey,SURTEES,Surtees,SURTEES,1972,Driver,https://upload.wikimedia.org/wikipedia/commons/7/72/Speed_tv_f1_panel_ims_stage_2006_%28cropped%29.jpg?utm_source=en.wikipedia.org&utm_campaign=api&utm_content=thumbnail_unscaled,American,,0,0,0,,0,1,0,0
Emerson Fittipaldi,TEAM_LOTUS,Team Lotus,TEAM_LOTUS,1973,Driver,https://upload.wikimedia.org/wikipedia/commons/thumb/5/5e/Emerson_Fittipaldi_in_2020_%28cropped%29.JPG/330px-Emerson_Fittipaldi_in_2020_%28cropped%29.JPG?utm_source=en.wikipedia.org&utm_campaign=api&utm_content=thumbnail,Brazilian,2,3,8,1,,10,15,0,4
François Cevert,TYRRELL,Tyrrell,TYRRELL,1973,Driver,https://upload.wikimedia.org/wikipedia/commons/thumb/d/d4/Francois_Cevert_1973.jpg/330px-Francois_Cevert_1973.jpg?utm_source=en.wikipedia.org&utm_campaign=api&utm_content=thumbnail,French,4,0,7,0,,11,15,0,4
Jackie Stewart,TYRRELL,Tyrrell,TYRRELL,1973,Driver,https://upload.wikimedia.org/wikipedia/commons/thumb/4/4b/Jackie_Stewart_at_the_2014_WEC_Silverstone_round.jpg/330px-Jackie_Stewart_at_the_2014_WEC_Silverstone_round.jpg?utm_source=en.wikipedia.org&utm_campaign=api&utm_content=thumbnail,British,1,5,8,3,,13,15,1,2
Jacky Ickx,FERRARI,Ferrari,FERRARI|MCLAREN|ISO_MARLBORO,1973,Driver,https://upload.wikimedia.org/wikipedia/commons/thumb/1/19/Jacky_Ickx_Portr%C3%A4t_Mille_Miglia_2018.jpg/330px-Jacky_Ickx_Portr%C3%A4t_Mille_Miglia_2018.jpg?utm_source=en.wikipedia.org&utm_campaign=api&utm_content=thumbnail,Belgian,9,0,1,0,,8,12,0,3
Denny Hulme,MCLAREN,McLaren,MCLAREN,1973,Driver,https://upload.wikimedia.org/wikipedia/commons/thumb/9/92/HulmeDenis196508_%28cropped%29.jpg/330px-HulmeDenis196508_%28cropped%29.jpg?utm_source=en.wikipedia.org&utm_campaign=api&utm_content=thumbnail,New Zealander,6,1,3,1,,11,15,0,1
Wilson Fittipaldi,BRABHAM,Brabham,BRABHAM,1973,Driver,https://upload.wikimedia.org/wikipedia/commons/thumb/a/a9/Wilson_Fittipaldi_J%C3%BAnior_2017.jpg/330px-Wilson_Fittipaldi_J%C3%BAnior_2017.jpg?utm_source=en.wikipedia.org&utm_campaign=api&utm_content=thumbnail,Brazilian,16,0,0,0,,3,15,0,9
Clay Regazzoni,BRM,BRM,BRM,1973,Driver,https://upload.wikimedia.org/wikipedia/commons/thumb/e/e7/Anefo_924-6609_Clay_Reggazoni%2C_Catherine_Blaton%2C_Jacky_Ickx_Zandvoort_18_06_1971_-_Cropped.jpg/330px-Anefo_924-6609_Clay_Reggazoni%2C_Catherine_Blaton%2C_Jacky_Ickx_Zandvoort_18_06_1971_-_Cropped.jpg?utm_source=en.wikipedia.org&utm_campaign=api&utm_content=thumbnail,Swiss,18,0,0,1,,9,14,0,4
Peter Revson,MCLAREN,McLaren,MCLAREN,1973,Driver,https://upload.wikimedia.org/wikipedia/commons/thumb/7/7a/Peter_Revson_1973_N%C3%BCrburgring_a_%28cropped%29.jpg/330px-Peter_Revson_1973_N%C3%BCrburgring_a_%28cropped%29.jpg?utm_source=en.wikipedia.org&utm_campaign=api&utm_content=thumbnail,American,5,2,4,0,,11,14,0,3
Arturo Merzario,FERRARI,Ferrari,FERRARI,1973,Driver,https://upload.wikimedia.org/wikipedia/commons/thumb/d/da/Arturo_Merzario_en_1973.jpg/330px-Arturo_Merzario_en_1973.jpg?utm_source=en.wikipedia.org&utm_campaign=api&utm_content=thumbnail,Italian,12,0,0,0,,5,9,0,2
Mike Beuttler,MARCH,March,MARCH,1973,Driver,https://upload.wikimedia.org/wikipedia/commons/thumb/4/40/1972_French_Grand_Prix_Beuttler_%285225615113%29.jpg/330px-1972_French_Grand_Prix_Beuttler_%285225615113%29.jpg?utm_source=en.wikipedia.org&utm_campaign=api&utm_content=thumbnail,British,,0,0,0,,4,14,0,7
Jean-Pierre Jarier,MARCH,March,MARCH,1973,Driver,https://upload.wikimedia.org/wikipedia/commons/thumb/7/7e/Jean-Pierre_Jarier_en_1976.jpg/330px-Jean-Pierre_Jarier_en_1976.jpg?utm_source=en.wikipedia.org&utm_campaign=api&utm_content=thumbnail,French,,0,0,0,,0,10,0,9
Jean-Pierre Beltoise,BRM,BRM,BRM,1973,Driver,https://upload.wikimedia.org/wikipedia/commons/thumb/f/f1/Jean_Pierre_Beltoise_te_Zandvoort_1968.jpg/330px-Jean_Pierre_Beltoise_te_Zandvoort_1968.jpg?utm_source=en.wikipedia.org&utm_campaign=api&utm_content=thumbnail,French,10,0,0,0,,5,15,0,8
Howden Ganley,ISO_MARLBORO,Iso Marlboro,ISO_MARLBORO,1973,Driver,https://upload.wikimedia.org/wikipedia/commons/thumb/b/b6/HowdenGanleyNZFMR2015.jpg/330px-HowdenGanleyNZFMR2015.jpg?utm_source=en.wikipedia.org&utm_campaign=api&utm_content=thumbnail,New Zealander,19,0,0,0,,5,14,0,6
Ronnie Peterson,TEAM_LOTUS,Team Lotus,TEAM_LOTUS,1973,Driver,https://upload.wikimedia.org/wikipedia/commons/thumb/e/e2/Peterson_at_1978_Dutch_Grand_Prix.jpg/330px-Peterson_at_1978_Dutch_Grand_Prix.jpg?utm_source=en.wikipedia.org&utm_campaign=api&utm_content=thumbnail,Swedish,3,4,7,9,,7,15,0,6
Niki Lauda,BRM,BRM,BRM,1973,Driver,https://upload.wikimedia.org/wikipedia/commons/thumb/2/2d/Lauda_at_1982_Dutch_Grand_Prix.jpg/330px-Lauda_at_1982_Dutch_Grand_Prix.jpg?utm_source=en.wikipedia.org&utm_campaign=api&utm_content=thumbnail,Austrian,17,0,0,0,,3,14,0,9
Carlos Reutemann,BRABHAM,Brabham,BRABHAM,1973,Driver,https://upload.wikimedia.org/wikipedia/commons/thumb/3/3a/Reutemann_1981.jpg/330px-Reutemann_1981.jpg?utm_source=en.wikipedia.org&utm_campaign=api&utm_content=thumbnail,Argentine,7,0,2,0,,8,15,0,6
Mike Hailwood,SURTEES,Surtees,SURTEES,1973,Driver,https://upload.wikimedia.org/wikipedia/commons/thumb/f/f0/Mike_Hailwood.jpg/330px-Mike_Hailwood.jpg?utm_source=en.wikipedia.org&utm_campaign=api&utm_content=thumbnail,British,,0,0,0,,4,15,0,10
Carlos Pace,SURTEES,Surtees,SURTEES,1973,Driver,https://upload.wikimedia.org/wikipedia/commons/thumb/a/a6/Jos%C3%A9_Carlos_Pace%2C_sem_data.tif/lossy-page1-330px-Jos%C3%A9_Carlos_Pace%2C_sem_data.tif.jpg?utm_source=en.wikipedia.org&utm_campaign=api&utm_content=thumbnail,Brazilian,11,0,1,0,,5,15,0,8
Nanni Galli,ISO_MARLBORO,Iso Marlboro,ISO_MARLBORO,1973,Driver,https://upload.wikimedia.org/wikipedia/commons/thumb/1/17/Nanni_Galli%2C_Alfa_Romeo_33.3%2C_1971-05-29.jpg/330px-Nanni_Galli%2C_Alfa_Romeo_33.3%2C_1971-05-29.jpg?utm_source=en.wikipedia.org&utm_campaign=api&utm_content=thumbnail,Italian,,0,0,0,,1,5,0,3
Luiz Bueno,SURTEES,Surtees,SURTEES,1973,Driver,https://upload.wikimedia.org/wikipedia/commons/thumb/e/eb/Correio_da_Manh%C3%A3_AN_191_%28cropped%29.jpg/330px-Correio_da_Manh%C3%A3_AN_191_%28cropped%29.jpg?utm_source=en.wikipedia.org&utm_campaign=api&utm_content=thumbnail,Brazilian,,0,0,0,,0,1,0,0
George Follmer,SHADOW,Shadow,SHADOW,1973,Driver,https://upload.wikimedia.org/wikipedia/commons/thumb/3/34/George_Follmer_1973.jpg/330px-George_Follmer_1973.jpg?utm_source=en.wikipedia.org&utm_campaign=api&utm_content=thumbnail,American,13,0,1,0,,4,12,0,5
Andrea de Adamich,BRABHAM,Brabham,BRABHAM|SURTEES,1973,Driver,https://upload.wikimedia.org/wikipedia/commons/thumb/7/75/Andrea_De_Adamich_-_Alfa_Romeo_Giulia_2000_GTAm_%281972_Monza_4_Hours%29.jpg/330px-Andrea_De_Adamich_-_Alfa_Romeo_Giulia_2000_GTAm_%281972_Monza_4_Hours%29.jpg?utm_source=en.wikipedia.org&utm_campaign=api&utm_content=thumbnail,Italian,15,0,0,0,,3,6,0,3
Jody Scheckter,MCLAREN,McLaren,MCLAREN,1973,Driver,https://upload.wikimedia.org/wikipedia/commons/thumb/d/dc/Jody_Scheckter_during_the_1979_Monaco_Grand_Prix.jpg/330px-Jody_Scheckter_during_the_1979_Monaco_Grand_Prix.jpg?utm_source=en.wikipedia.org&utm_campaign=api&utm_content=thumbnail,South African,,0,0,0,,1,5,0,4
Jackie Oliver,SHADOW,Shadow,SHADOW,1973,Driver,https://upload.wikimedia.org/wikipedia/commons/thumb/f/f5/Jackie_Oliver_1969_kl.JPG/330px-Jackie_Oliver_1969_kl.JPG?utm_source=en.wikipedia.org&utm_campaign=api&utm_content=thumbnail,British,14,0,1,0,,3,13,0,8
Henri Pescarolo,ISO_MARLBORO,Iso Marlboro,ISO_MARLBORO|MARCH,1973,Driver,https://upload.wikimedia.org/wikipedia/commons/thumb/3/30/PescaroloHenry1973N%C3%BCrb.jpg/330px-PescaroloHenry1973N%C3%BCrb.jpg?utm_source=en.wikipedia.org&utm_campaign=api&utm_content=thumbnail,French,,0,0,0,,2,3,0,1
Graham Hill,SHADOW,Shadow,SHADOW,1973,Driver,https://upload.wikimedia.org/wikipedia/commons/thumb/f/fc/Graham_Hill_Bestanddeelnr_924-6564.jpg/330px-Graham_Hill_Bestanddeelnr_924-6564.jpg?utm_source=en.wikipedia.org&utm_campaign=api&utm_content=thumbnail,British,,0,0,0,,2,12,0,6
Chris Amon,TECNO,Tecno,TECNO|TYRRELL,1973,Driver,https://upload.wikimedia.org/wikipedia/commons/thumb/7/7b/AmonChris19730706.jpg/330px-AmonChris19730706.jpg?utm_source=en.wikipedia.org&utm_campaign=api&utm_content=thumbnail,New Zealander,21,0,0,0,,2,6,0,4
James Hunt,MARCH,March,MARCH,1973,Driver,https://upload.wikimedia.org/wikipedia/commons/thumb/1/12/J._Hunt_in_1977_%28cropped%29.jpg/330px-J._Hunt_in_1977_%28cropped%29.jpg?utm_source=en.wikipedia.org&utm_campaign=api&utm_content=thumbnail,British,8,0,2,0,,6,8,0,2
David Purley,MARCH,March,MARCH,1973,Driver,https://upload.wikimedia.org/wikipedia/en/thumb/e/e9/Davidpurley.jpg/330px-Davidpurley.jpg?utm_source=en.wikipedia.org&utm_campaign=api&utm_content=thumbnail,British,,0,0,0,,1,5,0,3
Reine Wisell,MARCH,March,MARCH,1973,Driver,https://upload.wikimedia.org/wikipedia/commons/thumb/d/d1/Reine_Wisell_1970_N%C3%BCrburgring.JPG/330px-Reine_Wisell_1970_N%C3%BCrburgring.JPG?utm_source=en.wikipedia.org&utm_campaign=api&utm_content=thumbnail,Swedish,,0,0,0,,0,2,0,2
John Watson,BRABHAM,Brabham,BRABHAM,1973,Driver,https://upload.wikimedia.org/wikipedia/commons/thumb/2/21/John_Watson_%282346102684%29.jpg/330px-John_Watson_%282346102684%29.jpg?utm_source=en.wikipedia.org&utm_campaign=api&utm_content=thumbnail,British,,0,0,0,,0,2,0,2
Jochen Mass,SURTEES,Surtees,SURTEES,1973,Driver,https://upload.wikimedia.org/wikipedia/commons/thumb/3/34/Mass_at_1982_Dutch_Grand_Prix.jpg/330px-Mass_at_1982_Dutch_Grand_Prix.jpg?utm_source=en.wikipedia.org&utm_campaign=api&utm_content=thumbnail,German,,0,0,0,,1,3,0,2
Roger Williamson,MARCH,March,MARCH,1973,Driver,https://upload.wikimedia.org/wikipedia/en/8/8e/Roger_Williamson.png?utm_source=en.wikipedia.org&utm_campaign=api&utm_content=thumbnail_unscaled,British,,0,0,0,,0,2,0,2
Graham McRae,ISO_MARLBORO,Iso Marlboro,ISO_MARLBORO,1973,Driver,https://upload.wikimedia.org/wikipedia/commons/1/11/Graham_McRae_Levin_1970.jpg?utm_source=en.wikipedia.org&utm_campaign=api&utm_content=thumbnail_unscaled,New Zealander,,0,0,0,,0,1,0,1
Gijs van Lennep,ISO_MARLBORO,Iso Marlboro,ISO_MARLBORO,1973,Driver,https://upload.wikimedia.org/wikipedia/commons/thumb/4/44/Gijs_van_Lennep_%281971%29.jpg/330px-Gijs_van_Lennep_%281971%29.jpg?utm_source=en.wikipedia.org&utm_campaign=api&utm_content=thumbnail,Dutch,20,0,0,0,,2,3,0,1
Rolf Stommelen,BRABHAM,Brabham,BRABHAM,1973,Driver,https://upload.wikimedia.org/wikipedia/commons/thumb/c/c4/Stommelen%2C_Rolf_am_1972-07-07.jpg/330px-Stommelen%2C_Rolf_am_1972-07-07.jpg?utm_source=en.wikipedia.org&utm_campaign=api&utm_content=thumbnail,German,,0,0,0,,0,4,0,1
Tim Schenken,ISO_MARLBORO,Iso Marlboro,ISO_MARLBORO,1973,Driver,https://upload.wikimedia.org/wikipedia/commons/0/07/Tim_Schenken_1971_Hockenheim.JPG?utm_source=en.wikipedia.org&utm_campaign=api&utm_content=thumbnail_unscaled,Australian,,0,0,0,,0,1,0,0
Peter Gethin,BRM,BRM,BRM,1973,Driver,https://upload.wikimedia.org/wikipedia/commons/thumb/3/3f/Peter_Gethin%2C_Bestanddeelnr_924-6614_%28cropped2%29.jpg/330px-Peter_Gethin%2C_Bestanddeelnr_924-6614_%28cropped2%29.jpg?utm_source=en.wikipedia.org&utm_campaign=api&utm_content=thumbnail,British,,0,0,0,,0,1,0,1
Brian Redman,SHADOW,Shadow,SHADOW,1973,Driver,https://upload.wikimedia.org/wikipedia/commons/thumb/5/5c/Porsche_Rennsport_Reunion_IV_%286259662130%29.jpg/330px-Porsche_Rennsport_Reunion_IV_%286259662130%29.jpg?utm_source=en.wikipedia.org&utm_campaign=api&utm_content=thumbnail,British,,0,0,0,,0,1,0,1
Denny Hulme,MCLAREN,McLaren,MCLAREN,1974,Driver,https://upload.wikimedia.org/wikipedia/commons/thumb/9/92/HulmeDenis196508_%28cropped%29.jpg/330px-HulmeDenis196508_%28cropped%29.jpg?utm_source=en.wikipedia.org&utm_campaign=api&utm_content=thumbnail,New Zealander,7,1,2,0,,9,15,0,5
Niki Lauda,FERRARI,Ferrari,FERRARI,1974,Driver,https://upload.wikimedia.org/wikipedia/commons/thumb/2/2d/Lauda_at_1982_Dutch_Grand_Prix.jpg/330px-Lauda_at_1982_Dutch_Grand_Prix.jpg?utm_source=en.wikipedia.org&utm_campaign=api&utm_content=thumbnail,Austrian,4,2,5,9,,6,15,0,8
Clay Regazzoni,FERRARI,Ferrari,FERRARI,1974,Driver,https://upload.wikimedia.org/wikipedia/commons/thumb/e/e7/Anefo_924-6609_Clay_Reggazoni%2C_Catherine_Blaton%2C_Jacky_Ickx_Zandvoort_18_06_1971_-_Cropped.jpg/330px-Anefo_924-6609_Clay_Reggazoni%2C_Catherine_Blaton%2C_Jacky_Ickx_Zandvoort_18_06_1971_-_Cropped.jpg?utm_source=en.wikipedia.org&utm_campaign=api&utm_content=thumbnail,Swiss,2,1,7,1,,11,15,0,3
Mike Hailwood,MCLAREN,McLaren,MCLAREN,1974,Driver,https://upload.wikimedia.org/wikipedia/commons/thumb/f/f0/Mike_Hailwood.jpg/330px-Mike_Hailwood.jpg?utm_source=en.wikipedia.org&utm_campaign=api&utm_content=thumbnail,British,11,0,1,0,,7,11,0,3
Jean-Pierre Beltoise,BRM,BRM,BRM,1974,Driver,https://upload.wikimedia.org/wikipedia/commons/thumb/f/f1/Jean_Pierre_Beltoise_te_Zandvoort_1968.jpg/330px-Jean_Pierre_Beltoise_te_Zandvoort_1968.jpg?utm_source=en.wikipedia.org&utm_campaign=api&utm_content=thumbnail,French,13,0,1,0,,5,14,0,8
Patrick Depailler,TYRRELL,Tyrrell,TYRRELL,1974,Driver,https://upload.wikimedia.org/wikipedia/commons/thumb/4/4e/PatrickDepailler-ar.jpg/330px-PatrickDepailler-ar.jpg?utm_source=en.wikipedia.org&utm_campaign=api&utm_content=thumbnail,French,9,0,1,1,,10,15,0,4
Carlos Reutemann,BRABHAM,Brabham,BRABHAM,1974,Driver,https://upload.wikimedia.org/wikipedia/commons/thumb/3/3a/Reutemann_1981.jpg/330px-Reutemann_1981.jpg?utm_source=en.wikipedia.org&utm_campaign=api&utm_content=thumbnail,Argentine,6,3,4,1,,8,15,0,6
Howden Ganley,MARCH,March,MARCH,1974,Driver,https://upload.wikimedia.org/wikipedia/commons/thumb/b/b6/HowdenGanleyNZFMR2015.jpg/330px-HowdenGanleyNZFMR2015.jpg?utm_source=en.wikipedia.org&utm_campaign=api&utm_content=thumbnail,New Zealander,,0,0,0,,1,2,0,1
Henri Pescarolo,BRM,BRM,BRM,1974,Driver,https://upload.wikimedia.org/wikipedia/commons/thumb/3/30/PescaroloHenry1973N%C3%BCrb.jpg/330px-PescaroloHenry1973N%C3%BCrb.jpg?utm_source=en.wikipedia.org&utm_campaign=api&utm_content=thumbnail,French,,0,0,0,,2,12,0,7
Emerson Fittipaldi,MCLAREN,McLaren,MCLAREN,1974,Driver,https://upload.wikimedia.org/wikipedia/commons/thumb/5/5e/Emerson_Fittipaldi_in_2020_%28cropped%29.JPG/330px-Emerson_Fittipaldi_in_2020_%28cropped%29.JPG?utm_source=en.wikipedia.org&utm_campaign=api&utm_content=thumbnail,Brazilian,1,3,7,2,,12,15,1,3
Guy Edwards,LOLA,Lola,LOLA,1974,Driver,https://upload.wikimedia.org/wikipedia/commons/thumb/b/b9/Hesketh_308D.jpg/330px-Hesketh_308D.jpg?utm_source=en.wikipedia.org&utm_campaign=api&utm_content=thumbnail,British,,0,0,0,,2,7,0,2
John Watson,BRABHAM,Brabham,BRABHAM,1974,Driver,https://upload.wikimedia.org/wikipedia/commons/thumb/2/21/John_Watson_%282346102684%29.jpg/330px-John_Watson_%282346102684%29.jpg?utm_source=en.wikipedia.org&utm_campaign=api&utm_content=thumbnail,British,15,0,0,0,,5,15,0,4
Ronnie Peterson,TEAM_LOTUS,Team Lotus,TEAM_LOTUS,1974,Driver,https://upload.wikimedia.org/wikipedia/commons/thumb/e/e2/Peterson_at_1978_Dutch_Grand_Prix.jpg/330px-Peterson_at_1978_Dutch_Grand_Prix.jpg?utm_source=en.wikipedia.org&utm_campaign=api&utm_content=thumbnail,Swedish,5,3,4,1,,8,15,0,6
Graham Hill,LOLA,Lola,LOLA,1974,Driver,https://upload.wikimedia.org/wikipedia/commons/thumb/f/fc/Graham_Hill_Bestanddeelnr_924-6564.jpg/330px-Graham_Hill_Bestanddeelnr_924-6564.jpg?utm_source=en.wikipedia.org&utm_campaign=api&utm_content=thumbnail,British,18,0,0,0,,6,15,0,3
Jacky Ickx,TEAM_LOTUS,Team Lotus,TEAM_LOTUS,1974,Driver,https://upload.wikimedia.org/wikipedia/commons/thumb/1/19/Jacky_Ickx_Portr%C3%A4t_Mille_Miglia_2018.jpg/330px-Jacky_Ickx_Portr%C3%A4t_Mille_Miglia_2018.jpg?utm_source=en.wikipedia.org&utm_campaign=api&utm_content=thumbnail,Belgian,10,0,2,0,,4,15,0,9
Hans-Joachim Stuck,MARCH,March,MARCH,1974,Driver,https://upload.wikimedia.org/wikipedia/commons/thumb/c/cf/HansJoachimStuck2008.jpg/330px-HansJoachimStuck2008.jpg?utm_source=en.wikipedia.org&utm_campaign=api&utm_content=thumbnail,German,16,0,0,0,,3,12,0,8
François Migault,BRM,BRM,BRM,1974,Driver,https://upload.wikimedia.org/wikipedia/en/2/23/Fran%C3%A7ois_Migault.jpg?utm_source=en.wikipedia.org&utm_campaign=api&utm_content=thumbnail_unscaled,French,,0,0,0,,0,10,0,6
Jody Scheckter,TYRRELL,Tyrrell,TYRRELL,1974,Driver,https://upload.wikimedia.org/wikipedia/commons/thumb/d/dc/Jody_Scheckter_during_the_1979_Monaco_Grand_Prix.jpg/330px-Jody_Scheckter_during_the_1979_Monaco_Grand_Prix.jpg?utm_source=en.wikipedia.org&utm_campaign=api&utm_content=thumbnail,South African,3,2,6,0,,10,15,0,4
Carlos Pace,SURTEES,Surtees,SURTEES|BRABHAM,1974,Driver,https://upload.wikimedia.org/wikipedia/commons/thumb/a/a6/Jos%C3%A9_Carlos_Pace%2C_sem_data.tif/lossy-page1-330px-Jos%C3%A9_Carlos_Pace%2C_sem_data.tif.jpg?utm_source=en.wikipedia.org&utm_campaign=api&utm_content=thumbnail,Brazilian,12,0,1,0,,5,13,0,5
Arturo Merzario,ISO_MARLBORO,Iso Marlboro,ISO_MARLBORO,1974,Driver,https://upload.wikimedia.org/wikipedia/commons/thumb/d/da/Arturo_Merzario_en_1973.jpg/330px-Arturo_Merzario_en_1973.jpg?utm_source=en.wikipedia.org&utm_campaign=api&utm_content=thumbnail,Italian,17,0,0,0,,3,14,0,11
James Hunt,HESKETH,Hesketh,HESKETH|MARCH,1974,Driver,https://upload.wikimedia.org/wikipedia/commons/thumb/1/12/J._Hunt_in_1977_%28cropped%29.jpg/330px-J._Hunt_in_1977_%28cropped%29.jpg?utm_source=en.wikipedia.org&utm_campaign=api&utm_content=thumbnail,British,8,0,3,0,,6,15,0,9
Jochen Mass,SURTEES,Surtees,SURTEES|MCLAREN,1974,Driver,https://upload.wikimedia.org/wikipedia/commons/thumb/3/34/Mass_at_1982_Dutch_Grand_Prix.jpg/330px-Mass_at_1982_Dutch_Grand_Prix.jpg?utm_source=en.wikipedia.org&utm_campaign=api&utm_content=thumbnail,German,,0,0,0,,1,13,0,9
Peter Revson,SHADOW,Shadow,SHADOW,1974,Driver,https://upload.wikimedia.org/wikipedia/commons/thumb/7/7a/Peter_Revson_1973_N%C3%BCrburgring_a_%28cropped%29.jpg/330px-Peter_Revson_1973_N%C3%BCrburgring_a_%28cropped%29.jpg?utm_source=en.wikipedia.org&utm_campaign=api&utm_content=thumbnail,American,,0,0,0,,0,2,0,2
Jean-Pierre Jarier,SHADOW,Shadow,SHADOW,1974,Driver,https://upload.wikimedia.org/wikipedia/commons/thumb/7/7e/Jean-Pierre_Jarier_en_1976.jpg/330px-Jean-Pierre_Jarier_en_1976.jpg?utm_source=en.wikipedia.org&utm_campaign=api&utm_content=thumbnail,French,14,0,1,0,,5,14,0,7
Vittorio Brambilla,MARCH,March,MARCH,1974,Driver,https://upload.wikimedia.org/wikipedia/commons/thumb/7/75/Vittorio_Brambilla.jpg/330px-Vittorio_Brambilla.jpg?utm_source=en.wikipedia.org&utm_campaign=api&utm_content=thumbnail,Italian,20,0,0,0,,5,11,0,4
Ian Scheckter,TEAM_LOTUS,Team Lotus,TEAM_LOTUS,1974,Driver,https://upload.wikimedia.org/wikipedia/commons/thumb/8/85/1977_Argentine_Grand_Prix_Ian_Scheckter.jpg/330px-1977_Argentine_Grand_Prix_Ian_Scheckter.jpg?utm_source=en.wikipedia.org&utm_campaign=api&utm_content=thumbnail,South African,,0,0,0,,0,1,0,0
Tom Belsø,ISO_MARLBORO,Iso Marlboro,ISO_MARLBORO,1974,Driver,https://upload.wikimedia.org/wikipedia/commons/thumb/3/3f/Tom_Belso_1973_%28JOKAMAL3B08-11%29.tif/lossy-page1-330px-Tom_Belso_1973_%28JOKAMAL3B08-11%29.tif.jpg?utm_source=en.wikipedia.org&utm_campaign=api&utm_content=thumbnail,Danish,,0,0,0,,1,2,0,1
Brian Redman,SHADOW,Shadow,SHADOW,1974,Driver,https://upload.wikimedia.org/wikipedia/commons/thumb/5/5c/Porsche_Rennsport_Reunion_IV_%286259662130%29.jpg/330px-Porsche_Rennsport_Reunion_IV_%286259662130%29.jpg?utm_source=en.wikipedia.org&utm_campaign=api&utm_content=thumbnail,British,,0,0,0,,1,3,0,1
Tim Schenken,TROJAN,Trojan,TROJAN|TEAM_LOTUS,1974,Driver,https://upload.wikimedia.org/wikipedia/commons/0/07/Tim_Schenken_1971_Hockenheim.JPG?utm_source=en.wikipedia.org&utm_campaign=api&utm_content=thumbnail_unscaled,Australian,,0,0,0,,2,7,0,4
Chris Amon,AMON,Amon,AMON|BRM,1974,Driver,https://upload.wikimedia.org/wikipedia/commons/thumb/7/7b/AmonChris19730706.jpg/330px-AmonChris19730706.jpg?utm_source=en.wikipedia.org&utm_campaign=api&utm_content=thumbnail,New Zealander,,0,0,0,,1,4,0,3
Gijs van Lennep,ISO_MARLBORO,Iso Marlboro,ISO_MARLBORO,1974,Driver,https://upload.wikimedia.org/wikipedia/commons/thumb/4/44/Gijs_van_Lennep_%281971%29.jpg/330px-Gijs_van_Lennep_%281971%29.jpg?utm_source=en.wikipedia.org&utm_campaign=api&utm_content=thumbnail,Dutch,,0,0,0,,0,1,0,0
Vern Schuppan,ENSIGN,Ensign,ENSIGN,1974,Driver,https://upload.wikimedia.org/wikipedia/commons/thumb/3/35/Schholhay_83-98_%281%29.JPG/330px-Schholhay_83-98_%281%29.JPG?utm_source=en.wikipedia.org&utm_campaign=api&utm_content=thumbnail,Australian,,0,0,0,,0,5,0,4
Teddy Pilette,BRABHAM,Brabham,BRABHAM,1974,Driver,https://upload.wikimedia.org/wikipedia/commons/thumb/2/23/TeddyPilette1975.jpg/330px-TeddyPilette1975.jpg?utm_source=en.wikipedia.org&utm_campaign=api&utm_content=thumbnail,Belgian,,0,0,0,,0,1,0,0
Tom Pryce,SHADOW,Shadow,SHADOW|TOKEN,1974,Driver,https://upload.wikimedia.org/wikipedia/commons/thumb/a/af/Tom_Pryce_UOP_Shadow_WMCgf.jpg/330px-Tom_Pryce_UOP_Shadow_WMCgf.jpg?utm_source=en.wikipedia.org&utm_campaign=api&utm_content=thumbnail,British,19,0,0,0,,3,9,0,6
Gérard Larrousse,BRABHAM,Brabham,BRABHAM,1974,Driver,https://upload.wikimedia.org/wikipedia/commons/thumb/e/ed/GerardLarrousse1975.jpg/330px-GerardLarrousse1975.jpg?utm_source=en.wikipedia.org&utm_campaign=api&utm_content=thumbnail,French,,0,0,0,,0,1,0,1
Reine Wisell,MARCH,March,MARCH,1974,Driver,https://upload.wikimedia.org/wikipedia/commons/thumb/d/d1/Reine_Wisell_1970_N%C3%BCrburgring.JPG/330px-Reine_Wisell_1970_N%C3%BCrburgring.JPG?utm_source=en.wikipedia.org&utm_campaign=api&utm_content=thumbnail,Swedish,,0,0,0,,0,1,0,1
Leo Kinnunen,SURTEES,Surtees,SURTEES,1974,Driver,https://upload.wikimedia.org/wikipedia/commons/thumb/1/10/Leo_Kinnunen_1966.jpg/330px-Leo_Kinnunen_1966.jpg?utm_source=en.wikipedia.org&utm_campaign=api&utm_content=thumbnail,Finnish,,0,0,0,,0,1,0,1
Peter Gethin,LOLA,Lola,LOLA,1974,Driver,https://upload.wikimedia.org/wikipedia/commons/thumb/3/3f/Peter_Gethin%2C_Bestanddeelnr_924-6614_%28cropped2%29.jpg/330px-Peter_Gethin%2C_Bestanddeelnr_924-6614_%28cropped2%29.jpg?utm_source=en.wikipedia.org&utm_campaign=api&utm_content=thumbnail,British,,0,0,0,,0,1,0,1
Derek Bell,SURTEES,Surtees,SURTEES,1974,Driver,https://upload.wikimedia.org/wikipedia/commons/thumb/6/6a/Derek_Bell_%282356476570%29.jpg/330px-Derek_Bell_%282356476570%29.jpg?utm_source=en.wikipedia.org&utm_campaign=api&utm_content=thumbnail,British,,0,0,0,,0,1,0,0
Ian Ashley,TOKEN,Token,TOKEN,1974,Driver,https://upload.wikimedia.org/wikipedia/commons/thumb/7/7b/Ian_Ashley.jpg/330px-Ian_Ashley.jpg?utm_source=en.wikipedia.org&utm_campaign=api&utm_content=thumbnail,British,,0,0,0,,0,2,0,1
Jacques Laffite,ISO_MARLBORO,Iso Marlboro,ISO_MARLBORO,1974,Driver,https://upload.wikimedia.org/wikipedia/commons/thumb/d/d3/Jacques_Laffite_2015.jpg/330px-Jacques_Laffite_2015.jpg?utm_source=en.wikipedia.org&utm_campaign=api&utm_content=thumbnail,French,,0,0,0,,0,5,0,4
David Hobbs,MCLAREN,McLaren,MCLAREN,1974,Driver,https://upload.wikimedia.org/wikipedia/commons/thumb/4/4a/David_Hobbs.jpg/330px-David_Hobbs.jpg?utm_source=en.wikipedia.org&utm_campaign=api&utm_content=thumbnail,British,,0,0,0,,2,2,0,0
Dieter Quester,SURTEES,Surtees,SURTEES,1974,Driver,https://upload.wikimedia.org/wikipedia/commons/thumb/9/9b/QuesterDieter1973.jpg/330px-QuesterDieter1973.jpg?utm_source=en.wikipedia.org&utm_campaign=api&utm_content=thumbnail,Austrian,,0,0,0,,1,1,0,0
Rolf Stommelen,LOLA,Lola,LOLA,1974,Driver,https://upload.wikimedia.org/wikipedia/commons/thumb/c/c4/Stommelen%2C_Rolf_am_1972-07-07.jpg/330px-Stommelen%2C_Rolf_am_1972-07-07.jpg?utm_source=en.wikipedia.org&utm_campaign=api&utm_content=thumbnail,German,,0,0,0,,0,4,0,2
Mario Andretti,PARNELLI,Parnelli,PARNELLI,1974,Driver,https://upload.wikimedia.org/wikipedia/commons/thumb/c/c3/Mario_Andretti_Goodwood_Festival_of_Speed_2021_%28cropped%29.jpg/330px-Mario_Andretti_Goodwood_Festival_of_Speed_2021_%28cropped%29.jpg?utm_source=en.wikipedia.org&utm_campaign=api&utm_content=thumbnail,American,,0,0,0,,1,2,0,1
Helmuth Koinigg,SURTEES,Surtees,SURTEES,1974,Driver,https://upload.wikimedia.org/wikipedia/en/5/50/Helmuth_Koinigg.jpg?utm_source=en.wikipedia.org&utm_campaign=api&utm_content=thumbnail_unscaled,Austrian,,0,0,0,,1,2,0,1
Mark Donohue,PENSKE,Penske,PENSKE,1974,Driver,https://upload.wikimedia.org/wikipedia/commons/thumb/a/a0/Mark_Donohue_JPGP_S_75.jpg/330px-Mark_Donohue_JPGP_S_75.jpg?utm_source=en.wikipedia.org&utm_campaign=api&utm_content=thumbnail,American,,0,0,0,,0,2,0,1
Mike Wilds,ENSIGN,Ensign,ENSIGN,1974,Driver,https://upload.wikimedia.org/wikipedia/commons/thumb/2/29/Mike_Wilds_Race_Retro_2023.jpg/330px-Mike_Wilds_Race_Retro_2023.jpg?utm_source=en.wikipedia.org&utm_campaign=api&utm_content=thumbnail,British,,0,0,0,,0,1,0,1
Emerson Fittipaldi,MCLAREN,McLaren,MCLAREN,1975,Driver,https://upload.wikimedia.org/wikipedia/commons/thumb/5/5e/Emerson_Fittipaldi_in_2020_%28cropped%29.JPG/330px-Emerson_Fittipaldi_in_2020_%28cropped%29.JPG?utm_source=en.wikipedia.org&utm_campaign=api&utm_content=thumbnail,Brazilian,2,2,6,0,,10,14,0,4
James Hunt,HESKETH,Hesketh,HESKETH,1975,Driver,https://upload.wikimedia.org/wikipedia/commons/thumb/1/12/J._Hunt_in_1977_%28cropped%29.jpg/330px-J._Hunt_in_1977_%28cropped%29.jpg?utm_source=en.wikipedia.org&utm_campaign=api&utm_content=thumbnail,British,4,1,4,0,,8,14,0,6
Carlos Reutemann,BRABHAM,Brabham,BRABHAM,1975,Driver,https://upload.wikimedia.org/wikipedia/commons/thumb/3/3a/Reutemann_1981.jpg/330px-Reutemann_1981.jpg?utm_source=en.wikipedia.org&utm_campaign=api&utm_content=thumbnail,Argentine,3,1,6,0,,10,14,0,2
Clay Regazzoni,FERRARI,Ferrari,FERRARI,1975,Driver,https://upload.wikimedia.org/wikipedia/commons/thumb/e/e7/Anefo_924-6609_Clay_Reggazoni%2C_Catherine_Blaton%2C_Jacky_Ickx_Zandvoort_18_06_1971_-_Cropped.jpg/330px-Anefo_924-6609_Clay_Reggazoni%2C_Catherine_Blaton%2C_Jacky_Ickx_Zandvoort_18_06_1971_-_Cropped.jpg?utm_source=en.wikipedia.org&utm_campaign=api&utm_content=thumbnail,Swiss,5,1,3,0,,7,14,0,5
Patrick Depailler,TYRRELL,Tyrrell,TYRRELL,1975,Driver,https://upload.wikimedia.org/wikipedia/commons/thumb/4/4e/PatrickDepailler-ar.jpg/330px-PatrickDepailler-ar.jpg?utm_source=en.wikipedia.org&utm_campaign=api&utm_content=thumbnail,French,9,0,1,0,,9,14,0,3
Niki Lauda,FERRARI,Ferrari,FERRARI,1975,Driver,https://upload.wikimedia.org/wikipedia/commons/thumb/2/2d/Lauda_at_1982_Dutch_Grand_Prix.jpg/330px-Lauda_at_1982_Dutch_Grand_Prix.jpg?utm_source=en.wikipedia.org&utm_campaign=api&utm_content=thumbnail,Austrian,1,5,8,9,,13,14,1,1
Mark Donohue,PENSKE,Penske,PENSKE|MARCH,1975,Driver,https://upload.wikimedia.org/wikipedia/commons/thumb/a/a0/Mark_Donohue_JPGP_S_75.jpg/330px-Mark_Donohue_JPGP_S_75.jpg?utm_source=en.wikipedia.org&utm_campaign=api&utm_content=thumbnail,American,15,0,0,0,,5,12,0,6
Jacky Ickx,TEAM_LOTUS,Team Lotus,TEAM_LOTUS,1975,Driver,https://upload.wikimedia.org/wikipedia/commons/thumb/1/19/Jacky_Ickx_Portr%C3%A4t_Mille_Miglia_2018.jpg/330px-Jacky_Ickx_Portr%C3%A4t_Mille_Miglia_2018.jpg?utm_source=en.wikipedia.org&utm_campaign=api&utm_content=thumbnail,Belgian,16,0,1,0,,4,9,0,3
Vittorio Brambilla,MARCH,March,MARCH,1975,Driver,https://upload.wikimedia.org/wikipedia/commons/thumb/7/75/Vittorio_Brambilla.jpg/330px-Vittorio_Brambilla.jpg?utm_source=en.wikipedia.org&utm_campaign=api&utm_content=thumbnail,Italian,11,1,1,1,,5,14,0,9
Graham Hill,LOLA,Lola,LOLA,1975,Driver,https://upload.wikimedia.org/wikipedia/commons/thumb/f/fc/Graham_Hill_Bestanddeelnr_924-6564.jpg/330px-Graham_Hill_Bestanddeelnr_924-6564.jpg?utm_source=en.wikipedia.org&utm_campaign=api&utm_content=thumbnail,British,,0,0,0,,1,2,0,0
Jody Scheckter,TYRRELL,Tyrrell,TYRRELL,1975,Driver,https://upload.wikimedia.org/wikipedia/commons/thumb/d/dc/Jody_Scheckter_during_the_1979_Monaco_Grand_Prix.jpg/330px-Jody_Scheckter_during_the_1979_Monaco_Grand_Prix.jpg?utm_source=en.wikipedia.org&utm_campaign=api&utm_content=thumbnail,South African,7,1,3,0,,9,14,0,3
Tom Pryce,SHADOW-FORD,Shadow-Ford,SHADOW-FORD,1975,Driver,https://upload.wikimedia.org/wikipedia/commons/thumb/a/af/Tom_Pryce_UOP_Shadow_WMCgf.jpg/330px-Tom_Pryce_UOP_Shadow_WMCgf.jpg?utm_source=en.wikipedia.org&utm_campaign=api&utm_content=thumbnail,British,10,0,1,1,,6,14,0,7
Rolf Stommelen,LOLA,Lola,LOLA|HILL,1975,Driver,https://upload.wikimedia.org/wikipedia/commons/thumb/c/c4/Stommelen%2C_Rolf_am_1972-07-07.jpg/330px-Stommelen%2C_Rolf_am_1972-07-07.jpg?utm_source=en.wikipedia.org&utm_campaign=api&utm_content=thumbnail,German,,0,0,0,,1,6,0,2
Jochen Mass,MCLAREN,McLaren,MCLAREN,1975,Driver,https://upload.wikimedia.org/wikipedia/commons/thumb/3/34/Mass_at_1982_Dutch_Grand_Prix.jpg/330px-Mass_at_1982_Dutch_Grand_Prix.jpg?utm_source=en.wikipedia.org&utm_campaign=api&utm_content=thumbnail,German,8,1,4,0,,8,14,0,5
Carlos Pace,BRABHAM,Brabham,BRABHAM,1975,Driver,https://upload.wikimedia.org/wikipedia/commons/thumb/a/a6/Jos%C3%A9_Carlos_Pace%2C_sem_data.tif/lossy-page1-330px-Jos%C3%A9_Carlos_Pace%2C_sem_data.tif.jpg?utm_source=en.wikipedia.org&utm_campaign=api&utm_content=thumbnail,Brazilian,6,1,3,1,,6,14,0,8
Arturo Merzario,WILLIAMS,Williams,WILLIAMS|FITTIPALDI,1975,Driver,https://upload.wikimedia.org/wikipedia/commons/thumb/d/da/Arturo_Merzario_en_1973.jpg/330px-Arturo_Merzario_en_1973.jpg?utm_source=en.wikipedia.org&utm_campaign=api&utm_content=thumbnail,Italian,,0,0,0,,0,6,0,5
Mario Andretti,PARNELLI,Parnelli,PARNELLI,1975,Driver,https://upload.wikimedia.org/wikipedia/commons/thumb/c/c3/Mario_Andretti_Goodwood_Festival_of_Speed_2021_%28cropped%29.jpg/330px-Mario_Andretti_Goodwood_Festival_of_Speed_2021_%28cropped%29.jpg?utm_source=en.wikipedia.org&utm_campaign=api&utm_content=thumbnail,American,14,0,0,0,,4,12,0,6
Mike Wilds,BRM,BRM,BRM,1975,Driver,https://upload.wikimedia.org/wikipedia/commons/thumb/2/29/Mike_Wilds_Race_Retro_2023.jpg/330px-Mike_Wilds_Race_Retro_2023.jpg?utm_source=en.wikipedia.org&utm_campaign=api&utm_content=thumbnail,British,,0,0,0,,0,2,0,2
Ronnie Peterson,TEAM_LOTUS,Team Lotus,TEAM_LOTUS,1975,Driver,https://upload.wikimedia.org/wikipedia/commons/thumb/e/e2/Peterson_at_1978_Dutch_Grand_Prix.jpg/330px-Peterson_at_1978_Dutch_Grand_Prix.jpg?utm_source=en.wikipedia.org&utm_campaign=api&utm_content=thumbnail,Swedish,13,0,0,0,,6,14,0,6
Jacques Laffite,WILLIAMS,Williams,WILLIAMS,1975,Driver,https://upload.wikimedia.org/wikipedia/commons/thumb/d/d3/Jacques_Laffite_2015.jpg/330px-Jacques_Laffite_2015.jpg?utm_source=en.wikipedia.org&utm_campaign=api&utm_content=thumbnail,French,12,0,1,0,,1,11,0,8
Wilson Fittipaldi,FITTIPALDI,Fittipaldi,FITTIPALDI,1975,Driver,https://upload.wikimedia.org/wikipedia/commons/thumb/a/a9/Wilson_Fittipaldi_J%C3%BAnior_2017.jpg/330px-Wilson_Fittipaldi_J%C3%BAnior_2017.jpg?utm_source=en.wikipedia.org&utm_campaign=api&utm_content=thumbnail,Brazilian,,0,0,0,,1,10,0,4
John Watson,SURTEES,Surtees,SURTEES|TEAM_LOTUS|PENSKE,1975,Driver,https://upload.wikimedia.org/wikipedia/commons/thumb/2/21/John_Watson_%282346102684%29.jpg/330px-John_Watson_%282346102684%29.jpg?utm_source=en.wikipedia.org&utm_campaign=api&utm_content=thumbnail,British,,0,0,0,,5,13,0,5
Jean-Pierre Jarier,SHADOW-FORD,Shadow-Ford,SHADOW-FORD|SHADOW-MATRA,1975,Driver,https://upload.wikimedia.org/wikipedia/commons/thumb/7/7e/Jean-Pierre_Jarier_en_1976.jpg/330px-Jean-Pierre_Jarier_en_1976.jpg?utm_source=en.wikipedia.org&utm_campaign=api&utm_content=thumbnail,French,18,0,0,2,,2,14,0,11
Bob Evans,BRM,BRM,BRM,1975,Driver,https://upload.wikimedia.org/wikipedia/commons/thumb/a/a3/Monaco_1975_-_Bob_Evans_-_NQ.jpg/330px-Monaco_1975_-_Bob_Evans_-_NQ.jpg?utm_source=en.wikipedia.org&utm_campaign=api&utm_content=thumbnail,British,,0,0,0,,1,8,0,4
Ian Scheckter,WILLIAMS,Williams,WILLIAMS|TYRRELL,1975,Driver,https://upload.wikimedia.org/wikipedia/commons/thumb/8/85/1977_Argentine_Grand_Prix_Ian_Scheckter.jpg/330px-1977_Argentine_Grand_Prix_Ian_Scheckter.jpg?utm_source=en.wikipedia.org&utm_campaign=api&utm_content=thumbnail,South African,,0,0,0,,0,3,0,2
Lella Lombardi,MARCH,March,MARCH|WILLIAMS,1975,Driver,https://upload.wikimedia.org/wikipedia/commons/thumb/0/08/Lella-Garage-Reading-04.jpg/330px-Lella-Garage-Reading-04.jpg?utm_source=en.wikipedia.org&utm_campaign=api&utm_content=thumbnail,Italian,21,0,0,0,,2,11,0,6
Tony Brise,HILL,Embassy Hill,HILL|WILLIAMS,1975,Driver,https://upload.wikimedia.org/wikipedia/commons/9/99/Graham_Hill_Tony_Brise_1975_British_GP_Color_%28cropped%29.png?utm_source=en.wikipedia.org&utm_campaign=api&utm_content=thumbnail_unscaled,British,19,0,0,0,,4,10,0,4
Roelof Wunderink,ENSIGN,Ensign,ENSIGN,1975,Driver,https://upload.wikimedia.org/wikipedia/commons/thumb/b/b4/Roelof_Wunderink_%281972%29.jpg/330px-Roelof_Wunderink_%281972%29.jpg?utm_source=en.wikipedia.org&utm_campaign=api&utm_content=thumbnail,Dutch,,0,0,0,,0,3,0,3
François Migault,LOLA,Lola,LOLA|HILL|WILLIAMS,1975,Driver,https://upload.wikimedia.org/wikipedia/en/2/23/Fran%C3%A7ois_Migault.jpg?utm_source=en.wikipedia.org&utm_campaign=api&utm_content=thumbnail_unscaled,French,,0,0,0,,0,3,0,3
Alan Jones,HESKETH,Hesketh,HESKETH|HILL,1975,Driver,https://upload.wikimedia.org/wikipedia/commons/thumb/c/ce/Jones_alan.JPG/330px-Jones_alan.JPG?utm_source=en.wikipedia.org&utm_campaign=api&utm_content=thumbnail,Australian,17,0,0,0,,2,8,0,3
Vern Schuppan,HILL,Embassy Hill,HILL,1975,Driver,https://upload.wikimedia.org/wikipedia/commons/thumb/3/35/Schholhay_83-98_%281%29.JPG/330px-Schholhay_83-98_%281%29.JPG?utm_source=en.wikipedia.org&utm_campaign=api&utm_content=thumbnail,Australian,,0,0,0,,0,1,0,1
Gijs van Lennep,ENSIGN,Ensign,ENSIGN,1975,Driver,https://upload.wikimedia.org/wikipedia/commons/thumb/4/44/Gijs_van_Lennep_%281971%29.jpg/330px-Gijs_van_Lennep_%281971%29.jpg?utm_source=en.wikipedia.org&utm_campaign=api&utm_content=thumbnail,Dutch,20,0,0,0,,2,3,0,0
Jean-Pierre Jabouille,TYRRELL,Tyrrell,TYRRELL,1975,Driver,https://upload.wikimedia.org/wikipedia/commons/thumb/5/55/JeanPierreJabouille1975.jpg/330px-JeanPierreJabouille1975.jpg?utm_source=en.wikipedia.org&utm_campaign=api&utm_content=thumbnail,French,,0,0,0,,0,1,0,0
Brian Henton,TEAM_LOTUS,Team Lotus,TEAM_LOTUS,1975,Driver,https://upload.wikimedia.org/wikipedia/commons/thumb/4/44/Brian_Henton_-_geograph.org.uk_-_8246719.jpg/330px-Brian_Henton_-_geograph.org.uk_-_8246719.jpg?utm_source=en.wikipedia.org&utm_campaign=api&utm_content=thumbnail,British,,0,0,0,,0,3,0,2
John Nicholson,LYNCAR,Lyncar,LYNCAR,1975,Driver,https://upload.wikimedia.org/wikipedia/en/thumb/a/ab/John_Nicholson_%28racing_driver%29.jpg/330px-John_Nicholson_%28racing_driver%29.jpg?utm_source=en.wikipedia.org&utm_campaign=api&utm_content=thumbnail,New Zealander,,0,0,0,,0,1,0,0
Hans-Joachim Stuck,MARCH,March,MARCH,1975,Driver,https://upload.wikimedia.org/wikipedia/commons/thumb/c/cf/HansJoachimStuck2008.jpg/330px-HansJoachimStuck2008.jpg?utm_source=en.wikipedia.org&utm_campaign=api&utm_content=thumbnail,German,,0,0,0,,1,5,0,4
Jim Crawford,TEAM_LOTUS,Team Lotus,TEAM_LOTUS,1975,Driver,https://upload.wikimedia.org/wikipedia/commons/thumb/2/2c/JimCrawford1988Indy500.JPG/330px-JimCrawford1988Indy500.JPG?utm_source=en.wikipedia.org&utm_campaign=api&utm_content=thumbnail,British,,0,0,0,,0,2,0,1
Harald Ertl,HESKETH,Hesketh,HESKETH,1975,Driver,https://upload.wikimedia.org/wikipedia/commons/thumb/f/fa/HaraldErtlZolder1978.jpg/330px-HaraldErtlZolder1978.jpg?utm_source=en.wikipedia.org&utm_campaign=api&utm_content=thumbnail,Austrian,,0,0,0,,2,3,0,1
Ian Ashley,WILLIAMS,Williams,WILLIAMS,1975,Driver,https://upload.wikimedia.org/wikipedia/commons/thumb/7/7b/Ian_Ashley.jpg/330px-Ian_Ashley.jpg?utm_source=en.wikipedia.org&utm_campaign=api&utm_content=thumbnail,British,,0,0,0,,0,1,0,1
Chris Amon,ENSIGN,Ensign,ENSIGN,1975,Driver,https://upload.wikimedia.org/wikipedia/commons/thumb/7/7b/AmonChris19730706.jpg/330px-AmonChris19730706.jpg?utm_source=en.wikipedia.org&utm_campaign=api&utm_content=thumbnail,New Zealander,,0,0,0,,0,2,0,0
Brett Lunger,HESKETH,Hesketh,HESKETH,1975,Driver,https://upload.wikimedia.org/wikipedia/commons/thumb/d/da/SurteesTS19BarryBoor.JPG/330px-SurteesTS19BarryBoor.JPG?utm_source=en.wikipedia.org&utm_campaign=api&utm_content=thumbnail,American,,0,0,0,,1,3,0,1
Renzo Zorzi,WILLIAMS,Williams,WILLIAMS,1975,Driver,https://upload.wikimedia.org/wikipedia/en/2/2e/Renzo_Zorzi.jpg?utm_source=en.wikipedia.org&utm_campaign=api&utm_content=thumbnail_unscaled,Italian,,0,0,0,,0,1,0,0
Michel Leclère,TYRRELL,Tyrrell,TYRRELL,1975,Driver,https://upload.wikimedia.org/wikipedia/commons/thumb/7/7b/Italian_F3_Championship_1973-09-23_Monza_-_Michel_Lecl%C3%A8re_%28Alpine_A364%29.jpg/330px-Italian_F3_Championship_1973-09-23_Monza_-_Michel_Lecl%C3%A8re_%28Alpine_A364%29.jpg?utm_source=en.wikipedia.org&utm_campaign=api&utm_content=thumbnail,French,,0,0,0,,0,1,0,1
Niki Lauda,FERRARI,Ferrari,FERRARI,1976,Driver,https://upload.wikimedia.org/wikipedia/commons/thumb/2/2d/Lauda_at_1982_Dutch_Grand_Prix.jpg/330px-Lauda_at_1982_Dutch_Grand_Prix.jpg?utm_source=en.wikipedia.org&utm_campaign=api&utm_content=thumbnail,Austrian,2,5,9,3,,11,14,0,3
Patrick Depailler,TYRRELL,Tyrrell,TYRRELL,1976,Driver,https://upload.wikimedia.org/wikipedia/commons/thumb/4/4e/PatrickDepailler-ar.jpg/330px-PatrickDepailler-ar.jpg?utm_source=en.wikipedia.org&utm_campaign=api&utm_content=thumbnail,French,4,0,7,0,,10,16,0,6
Tom Pryce,SHADOW,Shadow,SHADOW,1976,Driver,https://upload.wikimedia.org/wikipedia/commons/thumb/a/af/Tom_Pryce_UOP_Shadow_WMCgf.jpg/330px-Tom_Pryce_UOP_Shadow_WMCgf.jpg?utm_source=en.wikipedia.org&utm_campaign=api&utm_content=thumbnail,British,12,0,1,0,,11,16,0,4
Hans-Joachim Stuck,MARCH,March,MARCH,1976,Driver,https://upload.wikimedia.org/wikipedia/commons/thumb/c/cf/HansJoachimStuck2008.jpg/330px-HansJoachimStuck2008.jpg?utm_source=en.wikipedia.org&utm_campaign=api&utm_content=thumbnail,German,13,0,0,0,,4,16,0,11
Jody Scheckter,TYRRELL,Tyrrell,TYRRELL,1976,Driver,https://upload.wikimedia.org/wikipedia/commons/thumb/d/dc/Jody_Scheckter_during_the_1979_Monaco_Grand_Prix.jpg/330px-Jody_Scheckter_during_the_1979_Monaco_Grand_Prix.jpg?utm_source=en.wikipedia.org&utm_campaign=api&utm_content=thumbnail,South African,3,1,5,1,,12,16,0,4
Jochen Mass,MCLAREN,McLaren,MCLAREN,1976,Driver,https://upload.wikimedia.org/wikipedia/commons/thumb/3/34/Mass_at_1982_Dutch_Grand_Prix.jpg/330px-Mass_at_1982_Dutch_Grand_Prix.jpg?utm_source=en.wikipedia.org&utm_campaign=api&utm_content=thumbnail,German,9,0,2,0,,10,16,0,4
Clay Regazzoni,FERRARI,Ferrari,FERRARI,1976,Driver,https://upload.wikimedia.org/wikipedia/commons/thumb/e/e7/Anefo_924-6609_Clay_Reggazoni%2C_Catherine_Blaton%2C_Jacky_Ickx_Zandvoort_18_06_1971_-_Cropped.jpg/330px-Anefo_924-6609_Clay_Reggazoni%2C_Catherine_Blaton%2C_Jacky_Ickx_Zandvoort_18_06_1971_-_Cropped.jpg?utm_source=en.wikipedia.org&utm_campaign=api&utm_content=thumbnail,Swiss,5,1,4,1,,10,15,0,3
Jacky Ickx,WOLF,Wolf,WOLF|ENSIGN,1976,Driver,https://upload.wikimedia.org/wikipedia/commons/thumb/1/19/Jacky_Ickx_Portr%C3%A4t_Mille_Miglia_2018.jpg/330px-Jacky_Ickx_Portr%C3%A4t_Mille_Miglia_2018.jpg?utm_source=en.wikipedia.org&utm_campaign=api&utm_content=thumbnail,Belgian,,0,0,0,,4,8,0,2
Renzo Zorzi,WILLIAMS,Williams,WILLIAMS,1976,Driver,https://upload.wikimedia.org/wikipedia/en/2/2e/Renzo_Zorzi.jpg?utm_source=en.wikipedia.org&utm_campaign=api&utm_content=thumbnail_unscaled,Italian,,0,0,0,,1,1,0,0
Carlos Pace,BRABHAM-ALFA_ROMEO,Brabham-Alfa Romeo,BRABHAM-ALFA_ROMEO,1976,Driver,https://upload.wikimedia.org/wikipedia/commons/thumb/a/a6/Jos%C3%A9_Carlos_Pace%2C_sem_data.tif/lossy-page1-330px-Jos%C3%A9_Carlos_Pace%2C_sem_data.tif.jpg?utm_source=en.wikipedia.org&utm_campaign=api&utm_content=thumbnail,Brazilian,14,0,0,0,,9,16,0,7
Ingo Hoffmann,FITTIPALDI,Fittipaldi,FITTIPALDI,1976,Driver,https://upload.wikimedia.org/wikipedia/commons/thumb/b/b3/Ingo_Hoffmann_2007_Curitiba.jpg/330px-Ingo_Hoffmann_2007_Curitiba.jpg?utm_source=en.wikipedia.org&utm_campaign=api&utm_content=thumbnail,Brazilian,,0,0,0,,0,1,0,0
Carlos Reutemann,BRABHAM-ALFA_ROMEO,Brabham-Alfa Romeo,BRABHAM-ALFA_ROMEO|FERRARI,1976,Driver,https://upload.wikimedia.org/wikipedia/commons/thumb/3/3a/Reutemann_1981.jpg/330px-Reutemann_1981.jpg?utm_source=en.wikipedia.org&utm_campaign=api&utm_content=thumbnail,Argentine,16,0,0,0,,2,13,0,9
Emerson Fittipaldi,FITTIPALDI,Fittipaldi,FITTIPALDI,1976,Driver,https://upload.wikimedia.org/wikipedia/commons/thumb/5/5e/Emerson_Fittipaldi_in_2020_%28cropped%29.JPG/330px-Emerson_Fittipaldi_in_2020_%28cropped%29.JPG?utm_source=en.wikipedia.org&utm_campaign=api&utm_content=thumbnail,Brazilian,17,0,0,0,,4,15,0,7
Lella Lombardi,MARCH,March,MARCH|BRABHAM-FORD,1976,Driver,https://upload.wikimedia.org/wikipedia/commons/thumb/0/08/Lella-Garage-Reading-04.jpg/330px-Lella-Garage-Reading-04.jpg?utm_source=en.wikipedia.org&utm_campaign=api&utm_content=thumbnail,Italian,,0,0,0,,0,2,0,0
Jean-Pierre Jarier,SHADOW,Shadow,SHADOW,1976,Driver,https://upload.wikimedia.org/wikipedia/commons/thumb/7/7e/Jean-Pierre_Jarier_en_1976.jpg/330px-Jean-Pierre_Jarier_en_1976.jpg?utm_source=en.wikipedia.org&utm_campaign=api&utm_content=thumbnail,French,,0,0,0,,7,16,0,4
James Hunt,MCLAREN,McLaren,MCLAREN,1976,Driver,https://upload.wikimedia.org/wikipedia/commons/thumb/1/12/J._Hunt_in_1977_%28cropped%29.jpg/330px-J._Hunt_in_1977_%28cropped%29.jpg?utm_source=en.wikipedia.org&utm_campaign=api&utm_content=thumbnail,British,1,6,8,8,,10,16,1,6
Vittorio Brambilla,MARCH,March,MARCH,1976,Driver,https://upload.wikimedia.org/wikipedia/commons/thumb/7/75/Vittorio_Brambilla.jpg/330px-Vittorio_Brambilla.jpg?utm_source=en.wikipedia.org&utm_campaign=api&utm_content=thumbnail,Italian,19,0,0,0,,4,16,0,11
Jacques Laffite,LIGIER,Ligier,LIGIER,1976,Driver,https://upload.wikimedia.org/wikipedia/commons/thumb/d/d3/Jacques_Laffite_2015.jpg/330px-Jacques_Laffite_2015.jpg?utm_source=en.wikipedia.org&utm_campaign=api&utm_content=thumbnail,French,8,0,3,1,,6,16,0,7
Ronnie Peterson,MARCH,March,MARCH|TEAM_LOTUS,1976,Driver,https://upload.wikimedia.org/wikipedia/commons/thumb/e/e2/Peterson_at_1978_Dutch_Grand_Prix.jpg/330px-Peterson_at_1978_Dutch_Grand_Prix.jpg?utm_source=en.wikipedia.org&utm_campaign=api&utm_content=thumbnail,Swedish,11,1,1,1,,5,16,0,10
Mario Andretti,TEAM_LOTUS,Team Lotus,TEAM_LOTUS|PARNELLI,1976,Driver,https://upload.wikimedia.org/wikipedia/commons/thumb/c/c3/Mario_Andretti_Goodwood_Festival_of_Speed_2021_%28cropped%29.jpg/330px-Mario_Andretti_Goodwood_Festival_of_Speed_2021_%28cropped%29.jpg?utm_source=en.wikipedia.org&utm_campaign=api&utm_content=thumbnail,American,6,1,3,1,,6,15,0,8
John Watson,PENSKE,Penske,PENSKE,1976,Driver,https://upload.wikimedia.org/wikipedia/commons/thumb/2/21/John_Watson_%282346102684%29.jpg/330px-John_Watson_%282346102684%29.jpg?utm_source=en.wikipedia.org&utm_campaign=api&utm_content=thumbnail,British,7,1,3,0,,9,16,0,6
Ian Ashley,BRM,BRM,BRM,1976,Driver,https://upload.wikimedia.org/wikipedia/commons/thumb/7/7b/Ian_Ashley.jpg/330px-Ian_Ashley.jpg?utm_source=en.wikipedia.org&utm_campaign=api&utm_content=thumbnail,British,,0,0,0,,0,1,0,1
Bob Evans,TEAM_LOTUS,Team Lotus,TEAM_LOTUS|BRABHAM-FORD,1976,Driver,https://upload.wikimedia.org/wikipedia/commons/thumb/a/a3/Monaco_1975_-_Bob_Evans_-_NQ.jpg/330px-Monaco_1975_-_Bob_Evans_-_NQ.jpg?utm_source=en.wikipedia.org&utm_campaign=api&utm_content=thumbnail,British,,0,0,0,,1,2,0,1
Brett Lunger,SURTEES,Surtees,SURTEES,1976,Driver,https://upload.wikimedia.org/wikipedia/commons/thumb/d/da/SurteesTS19BarryBoor.JPG/330px-SurteesTS19BarryBoor.JPG?utm_source=en.wikipedia.org&utm_campaign=api&utm_content=thumbnail,American,,0,0,0,,1,10,0,3
Michel Leclère,WOLF,Wolf,WOLF,1976,Driver,https://upload.wikimedia.org/wikipedia/commons/thumb/7/7b/Italian_F3_Championship_1973-09-23_Monza_-_Michel_Lecl%C3%A8re_%28Alpine_A364%29.jpg/330px-Italian_F3_Championship_1973-09-23_Monza_-_Michel_Lecl%C3%A8re_%28Alpine_A364%29.jpg?utm_source=en.wikipedia.org&utm_campaign=api&utm_content=thumbnail,French,,0,0,0,,1,6,0,1
Chris Amon,ENSIGN,Ensign,ENSIGN|WOLF,1976,Driver,https://upload.wikimedia.org/wikipedia/commons/thumb/7/7b/AmonChris19730706.jpg/330px-AmonChris19730706.jpg?utm_source=en.wikipedia.org&utm_campaign=api&utm_content=thumbnail,New Zealander,18,0,0,0,,2,9,0,5
Harald Ertl,HESKETH,Hesketh,HESKETH,1976,Driver,https://upload.wikimedia.org/wikipedia/commons/thumb/f/fa/HaraldErtlZolder1978.jpg/330px-HaraldErtlZolder1978.jpg?utm_source=en.wikipedia.org&utm_campaign=api&utm_content=thumbnail,Austrian,,0,0,0,,3,12,0,6
Gunnar Nilsson,TEAM_LOTUS,Team Lotus,TEAM_LOTUS,1976,Driver,https://upload.wikimedia.org/wikipedia/commons/thumb/1/16/1976-07-10_Gunnar_Nilsson_im_BMW_CSL_%28cropped%29.jpg/330px-1976-07-10_Gunnar_Nilsson_im_BMW_CSL_%28cropped%29.jpg?utm_source=en.wikipedia.org&utm_campaign=api&utm_content=thumbnail,Swedish,10,0,2,0,,4,15,0,9
Ian Scheckter,TYRRELL,Tyrrell,TYRRELL,1976,Driver,https://upload.wikimedia.org/wikipedia/commons/thumb/8/85/1977_Argentine_Grand_Prix_Ian_Scheckter.jpg/330px-1977_Argentine_Grand_Prix_Ian_Scheckter.jpg?utm_source=en.wikipedia.org&utm_campaign=api&utm_content=thumbnail,South African,,0,0,0,,0,1,0,1
Alan Jones,SURTEES,Surtees,SURTEES,1976,Driver,https://upload.wikimedia.org/wikipedia/commons/thumb/c/ce/Jones_alan.JPG/330px-Jones_alan.JPG?utm_source=en.wikipedia.org&utm_campaign=api&utm_content=thumbnail,Australian,15,0,0,0,,7,14,0,4
Larry Perkins,BORO,Boro,BORO|BRABHAM-ALFA_ROMEO,1976,Driver,https://upload.wikimedia.org/wikipedia/commons/thumb/8/88/Larry_Perkins_at_the_2025_Adelaide_Grand_Final_-_01.jpg/330px-Larry_Perkins_at_the_2025_Adelaide_Grand_Final_-_01.jpg?utm_source=en.wikipedia.org&utm_campaign=api&utm_content=thumbnail,Australian,,0,0,0,,1,8,0,5
Arturo Merzario,WOLF,Wolf,WOLF|MARCH,1976,Driver,https://upload.wikimedia.org/wikipedia/commons/thumb/d/da/Arturo_Merzario_en_1973.jpg/330px-Arturo_Merzario_en_1973.jpg?utm_source=en.wikipedia.org&utm_campaign=api&utm_content=thumbnail,Italian,,0,0,0,,1,12,0,10
Loris Kessel,BRABHAM-FORD,Brabham-Ford,BRABHAM-FORD,1976,Driver,https://upload.wikimedia.org/wikipedia/commons/thumb/0/03/1976_BRDC_International_Trophy%2C_Loris_Kessel.jpg/330px-1976_BRDC_International_Trophy%2C_Loris_Kessel.jpg?utm_source=en.wikipedia.org&utm_campaign=api&utm_content=thumbnail,Swiss,,0,0,0,,0,3,0,2
Patrick Nève,BRABHAM-FORD,Brabham-Ford,BRABHAM-FORD|ENSIGN,1976,Driver,https://upload.wikimedia.org/wikipedia/en/8/8a/Patrick_N%C3%A8ve.jpg?utm_source=en.wikipedia.org&utm_campaign=api&utm_content=thumbnail_unscaled,Belgian,,0,0,0,,0,2,0,1
Guy Edwards,HESKETH,Hesketh,HESKETH,1976,Driver,https://upload.wikimedia.org/wikipedia/commons/thumb/b/b9/Hesketh_308D.jpg/330px-Hesketh_308D.jpg?utm_source=en.wikipedia.org&utm_campaign=api&utm_content=thumbnail,British,,0,0,0,,0,5,0,2
Henri Pescarolo,SURTEES,Surtees,SURTEES,1976,Driver,https://upload.wikimedia.org/wikipedia/commons/thumb/3/30/PescaroloHenry1973N%C3%BCrb.jpg/330px-PescaroloHenry1973N%C3%BCrb.jpg?utm_source=en.wikipedia.org&utm_campaign=api&utm_content=thumbnail,French,,0,0,0,,1,7,0,3
Rolf Stommelen,BRABHAM-ALFA_ROMEO,Brabham-Alfa Romeo,BRABHAM-ALFA_ROMEO|HESKETH,1976,Driver,https://upload.wikimedia.org/wikipedia/commons/thumb/c/c4/Stommelen%2C_Rolf_am_1972-07-07.jpg/330px-Stommelen%2C_Rolf_am_1972-07-07.jpg?utm_source=en.wikipedia.org&utm_campaign=api&utm_content=thumbnail,German,20,0,0,0,,1,3,0,1
Hans Binder,ENSIGN,Ensign,ENSIGN|WOLF,1976,Driver,https://upload.wikimedia.org/wikipedia/commons/thumb/f/f4/1977_Argentine_Grand_Prix_Binder.jpg/330px-1977_Argentine_Grand_Prix_Binder.jpg?utm_source=en.wikipedia.org&utm_campaign=api&utm_content=thumbnail,Austrian,,0,0,0,,0,2,0,2
Conny Andersson,SURTEES,Surtees,SURTEES,1976,Driver,https://upload.wikimedia.org/wikipedia/commons/thumb/4/4b/Paasraces_op_Zandvoort_%28_Formule_III_%29_Boye_Haye_%2844%29_op_kop%2C_gevolgd_door_Ande%2C_Bestanddeelnr_928-5289.jpg/330px-Paasraces_op_Zandvoort_%28_Formule_III_%29_Boye_Haye_%2844%29_op_kop%2C_gevolgd_door_Ande%2C_Bestanddeelnr_928-5289.jpg?utm_source=en.wikipedia.org&utm_campaign=api&utm_content=thumbnail,Swedish,,0,0,0,,0,1,0,1
Otto Stuppacher,TYRRELL,Tyrrell,TYRRELL,1976,Driver,https://upload.wikimedia.org/wikipedia/commons/d/da/Otto_Stuppacher_GP_Italia_1976.jpg?utm_source=en.wikipedia.org&utm_campaign=api&utm_content=thumbnail_unscaled,Austrian,,0,0,0,,0,1,0,1
Alex Ribeiro,HESKETH,Hesketh,HESKETH,1976,Driver,https://upload.wikimedia.org/wikipedia/commons/thumb/b/b3/Alex_Ribeiro.jpg/330px-Alex_Ribeiro.jpg?utm_source=en.wikipedia.org&utm_campaign=api&utm_content=thumbnail,Brazilian,,0,0,0,,0,1,0,0
Masahiro Hasemi,KOJIMA,Kojima,KOJIMA,1976,Driver,https://upload.wikimedia.org/wikipedia/commons/thumb/1/1b/Kojima_KE007_front-right_2013_Yurakucho.jpg/330px-Kojima_KE007_front-right_2013_Yurakucho.jpg?utm_source=en.wikipedia.org&utm_campaign=api&utm_content=thumbnail,Japanese,,0,0,0,,0,1,0,0
Kazuyoshi Hoshino,TYRRELL,Tyrrell,TYRRELL,1976,Driver,https://upload.wikimedia.org/wikipedia/commons/thumb/6/6b/Kazuyoshi_Hoshino_2010_Formula_Nippon_Motegi_%28May%29.jpg/330px-Kazuyoshi_Hoshino_2010_Formula_Nippon_Motegi_%28May%29.jpg?utm_source=en.wikipedia.org&utm_campaign=api&utm_content=thumbnail,Japanese,,0,0,0,,0,1,0,1
Jody Scheckter,WOLF,Wolf,WOLF,1977,Driver,https://upload.wikimedia.org/wikipedia/commons/thumb/d/dc/Jody_Scheckter_during_the_1979_Monaco_Grand_Prix.jpg/330px-Jody_Scheckter_during_the_1979_Monaco_Grand_Prix.jpg?utm_source=en.wikipedia.org&utm_campaign=api&utm_content=thumbnail,South African,2,3,9,1,,10,17,0,7
Carlos Pace,BRABHAM,Brabham,BRABHAM,1977,Driver,https://upload.wikimedia.org/wikipedia/commons/thumb/a/a6/Jos%C3%A9_Carlos_Pace%2C_sem_data.tif/lossy-page1-330px-Jos%C3%A9_Carlos_Pace%2C_sem_data.tif.jpg?utm_source=en.wikipedia.org&utm_campaign=api&utm_content=thumbnail,Brazilian,15,0,1,0,,1,3,0,1
Carlos Reutemann,FERRARI,Ferrari,FERRARI,1977,Driver,https://upload.wikimedia.org/wikipedia/commons/thumb/3/3a/Reutemann_1981.jpg/330px-Reutemann_1981.jpg?utm_source=en.wikipedia.org&utm_campaign=api&utm_content=thumbnail,Argentine,4,1,6,0,,12,17,0,4
Emerson Fittipaldi,FITTIPALDI,Fittipaldi,FITTIPALDI,1977,Driver,https://upload.wikimedia.org/wikipedia/commons/thumb/5/5e/Emerson_Fittipaldi_in_2020_%28cropped%29.JPG/330px-Emerson_Fittipaldi_in_2020_%28cropped%29.JPG?utm_source=en.wikipedia.org&utm_campaign=api&utm_content=thumbnail,Brazilian,12,0,0,0,,5,14,0,4
Mario Andretti,TEAM_LOTUS,Team Lotus,TEAM_LOTUS,1977,Driver,https://upload.wikimedia.org/wikipedia/commons/thumb/c/c3/Mario_Andretti_Goodwood_Festival_of_Speed_2021_%28cropped%29.jpg/330px-Mario_Andretti_Goodwood_Festival_of_Speed_2021_%28cropped%29.jpg?utm_source=en.wikipedia.org&utm_campaign=api&utm_content=thumbnail,American,3,4,5,7,,9,17,0,7
Clay Regazzoni,ENSIGN,Ensign,ENSIGN,1977,Driver,https://upload.wikimedia.org/wikipedia/commons/thumb/e/e7/Anefo_924-6609_Clay_Reggazoni%2C_Catherine_Blaton%2C_Jacky_Ickx_Zandvoort_18_06_1971_-_Cropped.jpg/330px-Anefo_924-6609_Clay_Reggazoni%2C_Catherine_Blaton%2C_Jacky_Ickx_Zandvoort_18_06_1971_-_Cropped.jpg?utm_source=en.wikipedia.org&utm_campaign=api&utm_content=thumbnail,Swiss,17,0,0,0,,6,14,0,8
Vittorio Brambilla,SURTEES,Surtees,SURTEES,1977,Driver,https://upload.wikimedia.org/wikipedia/commons/thumb/7/75/Vittorio_Brambilla.jpg/330px-Vittorio_Brambilla.jpg?utm_source=en.wikipedia.org&utm_campaign=api&utm_content=thumbnail,Italian,16,0,0,0,,8,17,0,5
Ian Scheckter,MARCH,March,MARCH,1977,Driver,https://upload.wikimedia.org/wikipedia/commons/thumb/8/85/1977_Argentine_Grand_Prix_Ian_Scheckter.jpg/330px-1977_Argentine_Grand_Prix_Ian_Scheckter.jpg?utm_source=en.wikipedia.org&utm_campaign=api&utm_content=thumbnail,South African,,0,0,0,,1,13,0,11
Tom Pryce,SHADOW,Shadow,SHADOW,1977,Driver,https://upload.wikimedia.org/wikipedia/commons/thumb/a/af/Tom_Pryce_UOP_Shadow_WMCgf.jpg/330px-Tom_Pryce_UOP_Shadow_WMCgf.jpg?utm_source=en.wikipedia.org&utm_campaign=api&utm_content=thumbnail,British,,0,0,0,,0,3,0,3
John Watson,BRABHAM,Brabham,BRABHAM,1977,Driver,https://upload.wikimedia.org/wikipedia/commons/thumb/2/21/John_Watson_%282346102684%29.jpg/330px-John_Watson_%282346102684%29.jpg?utm_source=en.wikipedia.org&utm_campaign=api&utm_content=thumbnail,British,13,0,1,1,,4,17,0,12
Alex Ribeiro,MARCH,March,MARCH,1977,Driver,https://upload.wikimedia.org/wikipedia/commons/thumb/b/b3/Alex_Ribeiro.jpg/330px-Alex_Ribeiro.jpg?utm_source=en.wikipedia.org&utm_campaign=api&utm_content=thumbnail,Brazilian,,0,0,0,,2,9,0,4
Jacques Laffite,LIGIER,Ligier,LIGIER,1977,Driver,https://upload.wikimedia.org/wikipedia/commons/thumb/d/d3/Jacques_Laffite_2015.jpg/330px-Jacques_Laffite_2015.jpg?utm_source=en.wikipedia.org&utm_campaign=api&utm_content=thumbnail,French,10,1,2,0,,10,17,0,7
Patrick Depailler,TYRRELL,Tyrrell,TYRRELL,1977,Driver,https://upload.wikimedia.org/wikipedia/commons/thumb/4/4e/PatrickDepailler-ar.jpg/330px-PatrickDepailler-ar.jpg?utm_source=en.wikipedia.org&utm_campaign=api&utm_content=thumbnail,French,9,0,3,0,,6,17,0,9
James Hunt,MCLAREN,McLaren,MCLAREN,1977,Driver,https://upload.wikimedia.org/wikipedia/commons/thumb/1/12/J._Hunt_in_1977_%28cropped%29.jpg/330px-J._Hunt_in_1977_%28cropped%29.jpg?utm_source=en.wikipedia.org&utm_campaign=api&utm_content=thumbnail,British,5,3,5,6,,8,17,0,8
Jochen Mass,MCLAREN,McLaren,MCLAREN,1977,Driver,https://upload.wikimedia.org/wikipedia/commons/thumb/3/34/Mass_at_1982_Dutch_Grand_Prix.jpg/330px-Mass_at_1982_Dutch_Grand_Prix.jpg?utm_source=en.wikipedia.org&utm_campaign=api&utm_content=thumbnail,German,6,0,2,0,,9,17,0,8
Ronnie Peterson,TYRRELL,Tyrrell,TYRRELL,1977,Driver,https://upload.wikimedia.org/wikipedia/commons/thumb/e/e2/Peterson_at_1978_Dutch_Grand_Prix.jpg/330px-Peterson_at_1978_Dutch_Grand_Prix.jpg?utm_source=en.wikipedia.org&utm_campaign=api&utm_content=thumbnail,Swedish,14,0,1,0,,5,17,0,10
Ingo Hoffmann,FITTIPALDI,Fittipaldi,FITTIPALDI,1977,Driver,https://upload.wikimedia.org/wikipedia/commons/thumb/b/b3/Ingo_Hoffmann_2007_Curitiba.jpg/330px-Ingo_Hoffmann_2007_Curitiba.jpg?utm_source=en.wikipedia.org&utm_campaign=api&utm_content=thumbnail,Brazilian,,0,0,0,,1,2,0,1
Niki Lauda,FERRARI,Ferrari,FERRARI,1977,Driver,https://upload.wikimedia.org/wikipedia/commons/thumb/2/2d/Lauda_at_1982_Dutch_Grand_Prix.jpg/330px-Lauda_at_1982_Dutch_Grand_Prix.jpg?utm_source=en.wikipedia.org&utm_campaign=api&utm_content=thumbnail,Austrian,1,3,10,2,,12,15,1,3
Hans Binder,SURTEES,Surtees,SURTEES|PENSKE,1977,Driver,https://upload.wikimedia.org/wikipedia/commons/thumb/f/f4/1977_Argentine_Grand_Prix_Binder.jpg/330px-1977_Argentine_Grand_Prix_Binder.jpg?utm_source=en.wikipedia.org&utm_campaign=api&utm_content=thumbnail,Austrian,,0,0,0,,2,11,0,5
Renzo Zorzi,SHADOW,Shadow,SHADOW,1977,Driver,https://upload.wikimedia.org/wikipedia/en/2/2e/Renzo_Zorzi.jpg?utm_source=en.wikipedia.org&utm_campaign=api&utm_content=thumbnail_unscaled,Italian,21,0,0,0,,1,5,0,4
Gunnar Nilsson,TEAM_LOTUS,Team Lotus,TEAM_LOTUS,1977,Driver,https://upload.wikimedia.org/wikipedia/commons/thumb/1/16/1976-07-10_Gunnar_Nilsson_im_BMW_CSL_%28cropped%29.jpg/330px-1976-07-10_Gunnar_Nilsson_im_BMW_CSL_%28cropped%29.jpg?utm_source=en.wikipedia.org&utm_campaign=api&utm_content=thumbnail,Swedish,8,1,2,0,,6,17,0,9
Larry Perkins,BRM,BRM,BRM|SURTEES,1977,Driver,https://upload.wikimedia.org/wikipedia/commons/thumb/8/88/Larry_Perkins_at_the_2025_Adelaide_Grand_Final_-_01.jpg/330px-Larry_Perkins_at_the_2025_Adelaide_Grand_Final_-_01.jpg?utm_source=en.wikipedia.org&utm_campaign=api&utm_content=thumbnail,Australian,,0,0,0,,0,3,0,1
Brett Lunger,MCLAREN,McLaren,MCLAREN|MARCH,1977,Driver,https://upload.wikimedia.org/wikipedia/commons/thumb/d/da/SurteesTS19BarryBoor.JPG/330px-SurteesTS19BarryBoor.JPG?utm_source=en.wikipedia.org&utm_campaign=api&utm_content=thumbnail,American,,0,0,0,,4,11,0,3
Hans-Joachim Stuck,BRABHAM,Brabham,BRABHAM|MARCH,1977,Driver,https://upload.wikimedia.org/wikipedia/commons/thumb/c/cf/HansJoachimStuck2008.jpg/330px-HansJoachimStuck2008.jpg?utm_source=en.wikipedia.org&utm_campaign=api&utm_content=thumbnail,German,11,0,2,0,,8,15,0,7
Jean-Pierre Jarier,PENSKE,Penske,PENSKE|SHADOW|LIGIER,1977,Driver,https://upload.wikimedia.org/wikipedia/commons/thumb/7/7e/Jean-Pierre_Jarier_en_1976.jpg/330px-Jean-Pierre_Jarier_en_1976.jpg?utm_source=en.wikipedia.org&utm_campaign=api&utm_content=thumbnail,French,19,0,0,0,,4,12,0,5
Brian Henton,MARCH,March,MARCH|BORO,1977,Driver,https://upload.wikimedia.org/wikipedia/commons/thumb/4/44/Brian_Henton_-_geograph.org.uk_-_8246719.jpg/330px-Brian_Henton_-_geograph.org.uk_-_8246719.jpg?utm_source=en.wikipedia.org&utm_campaign=api&utm_content=thumbnail,British,,0,0,0,,1,2,0,1
Alan Jones,SHADOW,Shadow,SHADOW,1977,Driver,https://upload.wikimedia.org/wikipedia/commons/thumb/c/ce/Jones_alan.JPG/330px-Jones_alan.JPG?utm_source=en.wikipedia.org&utm_campaign=api&utm_content=thumbnail,Australian,7,1,2,0,,7,14,0,6
Patrick Nève,MARCH,March,MARCH,1977,Driver,https://upload.wikimedia.org/wikipedia/en/8/8a/Patrick_N%C3%A8ve.jpg?utm_source=en.wikipedia.org&utm_campaign=api&utm_content=thumbnail_unscaled,Belgian,,0,0,0,,4,8,0,1
Emilio de Villota,MCLAREN,McLaren,MCLAREN,1977,Driver,https://upload.wikimedia.org/wikipedia/commons/thumb/a/ac/Emilio_de_Villota_%28cropped%29.jpg/330px-Emilio_de_Villota_%28cropped%29.jpg?utm_source=en.wikipedia.org&utm_campaign=api&utm_content=thumbnail,Spanish,,0,0,0,,0,2,0,0
Rupert Keegan,HESKETH,Hesketh,HESKETH,1977,Driver,https://upload.wikimedia.org/wikipedia/commons/thumb/8/87/Rupert_Keegan_leaves_the_drivers_briefing_at_the_1978_Monaco_GP_%2850047323536%29_%28cropped%29.jpg/330px-Rupert_Keegan_leaves_the_drivers_briefing_at_the_1978_Monaco_GP_%2850047323536%29_%28cropped%29.jpg?utm_source=en.wikipedia.org&utm_campaign=api&utm_content=thumbnail,British,,0,0,0,,4,12,0,6
Harald Ertl,HESKETH,Hesketh,HESKETH,1977,Driver,https://upload.wikimedia.org/wikipedia/commons/thumb/f/fa/HaraldErtlZolder1978.jpg/330px-HaraldErtlZolder1978.jpg?utm_source=en.wikipedia.org&utm_campaign=api&utm_content=thumbnail,Austrian,,0,0,0,,1,3,0,1
Arturo Merzario,MARCH,March,MARCH|SHADOW,1977,Driver,https://upload.wikimedia.org/wikipedia/commons/thumb/d/da/Arturo_Merzario_en_1973.jpg/330px-Arturo_Merzario_en_1973.jpg?utm_source=en.wikipedia.org&utm_campaign=api&utm_content=thumbnail,Italian,,0,0,0,,0,5,0,4
Riccardo Patrese,SHADOW,Shadow,SHADOW,1977,Driver,https://upload.wikimedia.org/wikipedia/commons/3/3e/Riccardo_Patrese_in_the_paddock_before_the_1993_British_Grand_Prix_%2833686653515%29_%28Cropped%29.jpg?utm_source=en.wikipedia.org&utm_campaign=api&utm_content=thumbnail_unscaled,Italian,20,0,0,0,,4,9,0,4
Jacky Ickx,ENSIGN,Ensign,ENSIGN,1977,Driver,https://upload.wikimedia.org/wikipedia/commons/thumb/1/19/Jacky_Ickx_Portr%C3%A4t_Mille_Miglia_2018.jpg/330px-Jacky_Ickx_Portr%C3%A4t_Mille_Miglia_2018.jpg?utm_source=en.wikipedia.org&utm_campaign=api&utm_content=thumbnail,Belgian,,0,0,0,,1,1,0,0
David Purley,LEC,LEC,LEC,1977,Driver,https://upload.wikimedia.org/wikipedia/en/thumb/e/e9/Davidpurley.jpg/330px-Davidpurley.jpg?utm_source=en.wikipedia.org&utm_campaign=api&utm_content=thumbnail,British,,0,0,0,,0,3,0,1
Jackie Oliver,SHADOW,Shadow,SHADOW,1977,Driver,https://upload.wikimedia.org/wikipedia/commons/thumb/f/f5/Jackie_Oliver_1969_kl.JPG/330px-Jackie_Oliver_1969_kl.JPG?utm_source=en.wikipedia.org&utm_campaign=api&utm_content=thumbnail,British,,0,0,0,,1,1,0,0
Gilles Villeneuve,FERRARI,Ferrari,FERRARI|MCLAREN,1977,Driver,https://upload.wikimedia.org/wikipedia/en/3/3f/Gilles_Villeneuve_1979_Portrait.jpg?utm_source=en.wikipedia.org&utm_campaign=api&utm_content=thumbnail_unscaled,Canadian,,0,0,0,,0,3,0,1
Vern Schuppan,SURTEES,Surtees,SURTEES,1977,Driver,https://upload.wikimedia.org/wikipedia/commons/thumb/3/35/Schholhay_83-98_%281%29.JPG/330px-Schholhay_83-98_%281%29.JPG?utm_source=en.wikipedia.org&utm_campaign=api&utm_content=thumbnail,Australian,,0,0,0,,1,3,0,0
Jean-Pierre Jabouille,RENAULT,Renault,RENAULT,1977,Driver,https://upload.wikimedia.org/wikipedia/commons/thumb/5/55/JeanPierreJabouille1975.jpg/330px-JeanPierreJabouille1975.jpg?utm_source=en.wikipedia.org&utm_campaign=api&utm_content=thumbnail,French,,0,0,0,,0,4,0,4
Patrick Tambay,ENSIGN,Ensign,ENSIGN,1977,Driver,https://upload.wikimedia.org/wikipedia/commons/thumb/d/d1/Zandvoort_circuit_De_striptekenaar_Graton_in_de_pits%2C_NL-HlmNHA_54005237_-_Patrick_Tambay_%28cropped%29.JPG/330px-Zandvoort_circuit_De_striptekenaar_Graton_in_de_pits%2C_NL-HlmNHA_54005237_-_Patrick_Tambay_%28cropped%29.JPG?utm_source=en.wikipedia.org&utm_campaign=api&utm_content=thumbnail,French,18,0,0,0,,3,7,0,4
Hector Rebaque,HESKETH,Hesketh,HESKETH,1977,Driver,https://upload.wikimedia.org/wikipedia/commons/thumb/d/dc/1981_Argentine_Grand_Prix%2C_Rebaque.jpg/330px-1981_Argentine_Grand_Prix%2C_Rebaque.jpg?utm_source=en.wikipedia.org&utm_campaign=api&utm_content=thumbnail,Mexican,,0,0,0,,0,1,0,1
Bruno Giacomelli,MCLAREN,McLaren,MCLAREN,1977,Driver,https://upload.wikimedia.org/wikipedia/commons/0/01/Bruno_Giacomelli_1982.jpg?utm_source=en.wikipedia.org&utm_campaign=api&utm_content=thumbnail_unscaled,Italian,,0,0,0,,0,1,0,1
Ian Ashley,HESKETH,Hesketh,HESKETH,1977,Driver,https://upload.wikimedia.org/wikipedia/commons/thumb/7/7b/Ian_Ashley.jpg/330px-Ian_Ashley.jpg?utm_source=en.wikipedia.org&utm_campaign=api&utm_content=thumbnail,British,,0,0,0,,0,2,0,1
Danny Ongais,PENSKE,Penske,PENSKE,1977,Driver,https://upload.wikimedia.org/wikipedia/commons/thumb/f/f5/Ongais%2C_Danny_%281984%29.jpg/330px-Ongais%2C_Danny_%281984%29.jpg?utm_source=en.wikipedia.org&utm_campaign=api&utm_content=thumbnail,American,,0,0,0,,1,2,0,1
Kunimitsu Takahashi,TYRRELL,Tyrrell,TYRRELL,1977,Driver,https://upload.wikimedia.org/wikipedia/commons/thumb/a/a4/Kunimitsu_Takahashi_1963.jpg/330px-Kunimitsu_Takahashi_1963.jpg?utm_source=en.wikipedia.org&utm_campaign=api&utm_content=thumbnail,Japanese,,0,0,0,,1,1,0,0
Kazuyoshi Hoshino,KOJIMA,Kojima,KOJIMA,1977,Driver,https://upload.wikimedia.org/wikipedia/commons/thumb/6/6b/Kazuyoshi_Hoshino_2010_Formula_Nippon_Motegi_%28May%29.jpg/330px-Kazuyoshi_Hoshino_2010_Formula_Nippon_Motegi_%28May%29.jpg?utm_source=en.wikipedia.org&utm_campaign=api&utm_content=thumbnail,Japanese,,0,0,0,,0,1,0,0
Mario Andretti,TEAM_LOTUS,Team Lotus,TEAM_LOTUS,1978,Driver,https://upload.wikimedia.org/wikipedia/commons/thumb/c/c3/Mario_Andretti_Goodwood_Festival_of_Speed_2021_%28cropped%29.jpg/330px-Mario_Andretti_Goodwood_Festival_of_Speed_2021_%28cropped%29.jpg?utm_source=en.wikipedia.org&utm_campaign=api&utm_content=thumbnail,American,1,6,7,8,,11,16,1,4
Niki Lauda,BRABHAM,Brabham,BRABHAM,1978,Driver,https://upload.wikimedia.org/wikipedia/commons/thumb/2/2d/Lauda_at_1982_Dutch_Grand_Prix.jpg/330px-Lauda_at_1982_Dutch_Grand_Prix.jpg?utm_source=en.wikipedia.org&utm_campaign=api&utm_content=thumbnail,Austrian,4,2,7,1,,7,16,0,9
Patrick Depailler,TYRRELL,Tyrrell,TYRRELL,1978,Driver,https://upload.wikimedia.org/wikipedia/commons/thumb/4/4e/PatrickDepailler-ar.jpg/330px-PatrickDepailler-ar.jpg?utm_source=en.wikipedia.org&utm_campaign=api&utm_content=thumbnail,French,5,1,5,0,,7,16,0,8
James Hunt,MCLAREN,McLaren,MCLAREN,1978,Driver,https://upload.wikimedia.org/wikipedia/commons/thumb/1/12/J._Hunt_in_1977_%28cropped%29.jpg/330px-J._Hunt_in_1977_%28cropped%29.jpg?utm_source=en.wikipedia.org&utm_campaign=api&utm_content=thumbnail,British,13,0,1,0,,6,16,0,10
Ronnie Peterson,TEAM_LOTUS,Team Lotus,TEAM_LOTUS,1978,Driver,https://upload.wikimedia.org/wikipedia/commons/thumb/e/e2/Peterson_at_1978_Dutch_Grand_Prix.jpg/330px-Peterson_at_1978_Dutch_Grand_Prix.jpg?utm_source=en.wikipedia.org&utm_campaign=api&utm_content=thumbnail,Swedish,2,2,7,3,,9,14,0,5
Patrick Tambay,MCLAREN,McLaren,MCLAREN,1978,Driver,https://upload.wikimedia.org/wikipedia/commons/thumb/d/d1/Zandvoort_circuit_De_striptekenaar_Graton_in_de_pits%2C_NL-HlmNHA_54005237_-_Patrick_Tambay_%28cropped%29.JPG/330px-Zandvoort_circuit_De_striptekenaar_Graton_in_de_pits%2C_NL-HlmNHA_54005237_-_Patrick_Tambay_%28cropped%29.JPG?utm_source=en.wikipedia.org&utm_campaign=api&utm_content=thumbnail,French,14,0,0,0,,9,15,0,5
Carlos Reutemann,FERRARI,Ferrari,FERRARI,1978,Driver,https://upload.wikimedia.org/wikipedia/commons/thumb/3/3a/Reutemann_1981.jpg/330px-Reutemann_1981.jpg?utm_source=en.wikipedia.org&utm_campaign=api&utm_content=thumbnail,Argentine,3,4,7,2,,11,16,0,4
Gilles Villeneuve,FERRARI,Ferrari,FERRARI,1978,Driver,https://upload.wikimedia.org/wikipedia/en/3/3f/Gilles_Villeneuve_1979_Portrait.jpg?utm_source=en.wikipedia.org&utm_campaign=api&utm_content=thumbnail_unscaled,Canadian,9,1,2,0,,9,16,0,6
Emerson Fittipaldi,FITTIPALDI,Fittipaldi,FITTIPALDI,1978,Driver,https://upload.wikimedia.org/wikipedia/commons/thumb/5/5e/Emerson_Fittipaldi_in_2020_%28cropped%29.JPG/330px-Emerson_Fittipaldi_in_2020_%28cropped%29.JPG?utm_source=en.wikipedia.org&utm_campaign=api&utm_content=thumbnail,Brazilian,10,0,1,0,,10,16,0,6
Jody Scheckter,WOLF,Wolf,WOLF,1978,Driver,https://upload.wikimedia.org/wikipedia/commons/thumb/d/dc/Jody_Scheckter_during_the_1979_Monaco_Grand_Prix.jpg/330px-Jody_Scheckter_during_the_1979_Monaco_Grand_Prix.jpg?utm_source=en.wikipedia.org&utm_campaign=api&utm_content=thumbnail,South African,7,0,4,0,,7,16,0,7
Jochen Mass,ATS,ATS,ATS,1978,Driver,https://upload.wikimedia.org/wikipedia/commons/thumb/3/34/Mass_at_1982_Dutch_Grand_Prix.jpg/330px-Mass_at_1982_Dutch_Grand_Prix.jpg?utm_source=en.wikipedia.org&utm_campaign=api&utm_content=thumbnail,German,,0,0,0,,2,10,0,4
Jean-Pierre Jarier,ATS,ATS,ATS|TEAM_LOTUS,1978,Driver,https://upload.wikimedia.org/wikipedia/commons/thumb/7/7e/Jean-Pierre_Jarier_en_1976.jpg/330px-Jean-Pierre_Jarier_en_1976.jpg?utm_source=en.wikipedia.org&utm_campaign=api&utm_content=thumbnail,French,,0,0,1,,1,6,0,2
Brett Lunger,MCLAREN,McLaren,MCLAREN|ENSIGN,1978,Driver,https://upload.wikimedia.org/wikipedia/commons/thumb/d/da/SurteesTS19BarryBoor.JPG/330px-SurteesTS19BarryBoor.JPG?utm_source=en.wikipedia.org&utm_campaign=api&utm_content=thumbnail,American,,0,0,0,,3,10,0,4
Didier Pironi,TYRRELL,Tyrrell,TYRRELL,1978,Driver,https://upload.wikimedia.org/wikipedia/commons/thumb/8/86/Pironi_celebrating_at_1982_Dutch_Grand_Prix_%28cropped%29.jpg/330px-Pironi_celebrating_at_1982_Dutch_Grand_Prix_%28cropped%29.jpg?utm_source=en.wikipedia.org&utm_campaign=api&utm_content=thumbnail,French,15,0,0,0,,8,16,0,6
Clay Regazzoni,SHADOW,Shadow,SHADOW,1978,Driver,https://upload.wikimedia.org/wikipedia/commons/thumb/e/e7/Anefo_924-6609_Clay_Reggazoni%2C_Catherine_Blaton%2C_Jacky_Ickx_Zandvoort_18_06_1971_-_Cropped.jpg/330px-Anefo_924-6609_Clay_Reggazoni%2C_Catherine_Blaton%2C_Jacky_Ickx_Zandvoort_18_06_1971_-_Cropped.jpg?utm_source=en.wikipedia.org&utm_campaign=api&utm_content=thumbnail,Swiss,16,0,0,0,,3,11,0,5
Jacques Laffite,LIGIER,Ligier,LIGIER,1978,Driver,https://upload.wikimedia.org/wikipedia/commons/thumb/d/d3/Jacques_Laffite_2015.jpg/330px-Jacques_Laffite_2015.jpg?utm_source=en.wikipedia.org&utm_campaign=api&utm_content=thumbnail,French,8,0,2,0,,12,16,0,2
Hans-Joachim Stuck,SHADOW,Shadow,SHADOW,1978,Driver,https://upload.wikimedia.org/wikipedia/commons/thumb/c/cf/HansJoachimStuck2008.jpg/330px-HansJoachimStuck2008.jpg?utm_source=en.wikipedia.org&utm_campaign=api&utm_content=thumbnail,German,18,0,0,0,,1,15,0,11
Vittorio Brambilla,SURTEES,Surtees,SURTEES,1978,Driver,https://upload.wikimedia.org/wikipedia/commons/thumb/7/75/Vittorio_Brambilla.jpg/330px-Vittorio_Brambilla.jpg?utm_source=en.wikipedia.org&utm_campaign=api&utm_content=thumbnail,Italian,19,0,0,0,,3,12,0,5
John Watson,BRABHAM,Brabham,BRABHAM,1978,Driver,https://upload.wikimedia.org/wikipedia/commons/thumb/2/21/John_Watson_%282346102684%29.jpg/330px-John_Watson_%282346102684%29.jpg?utm_source=en.wikipedia.org&utm_campaign=api&utm_content=thumbnail,British,6,0,3,1,,10,16,0,6
Alan Jones,WILLIAMS,Williams,WILLIAMS,1978,Driver,https://upload.wikimedia.org/wikipedia/commons/thumb/c/ce/Jones_alan.JPG/330px-Jones_alan.JPG?utm_source=en.wikipedia.org&utm_campaign=api&utm_content=thumbnail,Australian,11,0,1,0,,7,16,0,7
Danny Ongais,ENSIGN,Ensign,ENSIGN,1978,Driver,https://upload.wikimedia.org/wikipedia/commons/thumb/f/f5/Ongais%2C_Danny_%281984%29.jpg/330px-Ongais%2C_Danny_%281984%29.jpg?utm_source=en.wikipedia.org&utm_campaign=api&utm_content=thumbnail,American,,0,0,0,,0,2,0,2
Lamberto Leoni,ENSIGN,Ensign,ENSIGN,1978,Driver,https://upload.wikimedia.org/wikipedia/commons/thumb/2/21/Lamberto_Leoni_%281974%29.jpg/330px-Lamberto_Leoni_%281974%29.jpg?utm_source=en.wikipedia.org&utm_campaign=api&utm_content=thumbnail,Italian,,0,0,0,,0,2,0,2
Arturo Merzario,MERZARIO,Merzario,MERZARIO,1978,Driver,https://upload.wikimedia.org/wikipedia/commons/thumb/d/da/Arturo_Merzario_en_1973.jpg/330px-Arturo_Merzario_en_1973.jpg?utm_source=en.wikipedia.org&utm_campaign=api&utm_content=thumbnail,Italian,,0,0,0,,0,8,0,8
Rupert Keegan,SURTEES,Surtees,SURTEES,1978,Driver,https://upload.wikimedia.org/wikipedia/commons/thumb/8/87/Rupert_Keegan_leaves_the_drivers_briefing_at_the_1978_Monaco_GP_%2850047323536%29_%28cropped%29.jpg/330px-Rupert_Keegan_leaves_the_drivers_briefing_at_the_1978_Monaco_GP_%2850047323536%29_%28cropped%29.jpg?utm_source=en.wikipedia.org&utm_campaign=api&utm_content=thumbnail,British,,0,0,0,,0,8,0,7
Riccardo Patrese,ARROWS,Arrows,ARROWS,1978,Driver,https://upload.wikimedia.org/wikipedia/commons/3/3e/Riccardo_Patrese_in_the_paddock_before_the_1993_British_Grand_Prix_%2833686653515%29_%28Cropped%29.jpg?utm_source=en.wikipedia.org&utm_campaign=api&utm_content=thumbnail_unscaled,Italian,12,0,1,0,,7,14,0,7
Hector Rebaque,TEAM_LOTUS,Team Lotus,TEAM_LOTUS,1978,Driver,https://upload.wikimedia.org/wikipedia/commons/thumb/d/dc/1981_Argentine_Grand_Prix%2C_Rebaque.jpg/330px-1981_Argentine_Grand_Prix%2C_Rebaque.jpg?utm_source=en.wikipedia.org&utm_campaign=api&utm_content=thumbnail,Mexican,21,0,0,0,,2,9,0,5
Rolf Stommelen,ARROWS,Arrows,ARROWS,1978,Driver,https://upload.wikimedia.org/wikipedia/commons/thumb/c/c4/Stommelen%2C_Rolf_am_1972-07-07.jpg/330px-Stommelen%2C_Rolf_am_1972-07-07.jpg?utm_source=en.wikipedia.org&utm_campaign=api&utm_content=thumbnail,German,,0,0,0,,2,9,0,3
Jean-Pierre Jabouille,RENAULT,Renault,RENAULT,1978,Driver,https://upload.wikimedia.org/wikipedia/commons/thumb/5/55/JeanPierreJabouille1975.jpg/330px-JeanPierreJabouille1975.jpg?utm_source=en.wikipedia.org&utm_campaign=api&utm_content=thumbnail,French,17,0,0,0,,2,14,0,10
Keke Rosberg,ATS,ATS,ATS|WOLF|THEODORE,1978,Driver,https://upload.wikimedia.org/wikipedia/commons/thumb/3/3c/Anefo_932-2378_Keke_Rosberg%2C_Zandvoort%2C_03-07-1982_-_Restoration.jpg/330px-Anefo_932-2378_Keke_Rosberg%2C_Zandvoort%2C_03-07-1982_-_Restoration.jpg?utm_source=en.wikipedia.org&utm_campaign=api&utm_content=thumbnail,Finnish,,0,0,0,,1,9,0,6
Eddie Cheever,HESKETH,Hesketh,HESKETH,1978,Driver,https://upload.wikimedia.org/wikipedia/commons/thumb/8/87/Eddie_Cheever_Jr_2009_Indy_500_Second_Qual_Day.JPG/330px-Eddie_Cheever_Jr_2009_Indy_500_Second_Qual_Day.JPG?utm_source=en.wikipedia.org&utm_campaign=api&utm_content=thumbnail,American,,0,0,0,,0,1,0,1
Jacky Ickx,ENSIGN,Ensign,ENSIGN,1978,Driver,https://upload.wikimedia.org/wikipedia/commons/thumb/1/19/Jacky_Ickx_Portr%C3%A4t_Mille_Miglia_2018.jpg/330px-Jacky_Ickx_Portr%C3%A4t_Mille_Miglia_2018.jpg?utm_source=en.wikipedia.org&utm_campaign=api&utm_content=thumbnail,Belgian,,0,0,0,,0,3,0,2
Bruno Giacomelli,MCLAREN,McLaren,MCLAREN,1978,Driver,https://upload.wikimedia.org/wikipedia/commons/0/01/Bruno_Giacomelli_1982.jpg?utm_source=en.wikipedia.org&utm_campaign=api&utm_content=thumbnail_unscaled,Italian,,0,0,0,,2,5,0,2
René Arnoux,MARTINI,Martini,MARTINI|SURTEES,1978,Driver,https://upload.wikimedia.org/wikipedia/commons/thumb/6/6f/Rene_Arnoux_WSR2008_HU.png/330px-Rene_Arnoux_WSR2008_HU.png?utm_source=en.wikipedia.org&utm_campaign=api&utm_content=thumbnail,French,,0,0,0,,3,6,0,2
Derek Daly,ENSIGN,Ensign,ENSIGN,1978,Driver,https://upload.wikimedia.org/wikipedia/commons/thumb/8/82/Derek_Daly_1982.jpg/330px-Derek_Daly_1982.jpg?utm_source=en.wikipedia.org&utm_campaign=api&utm_content=thumbnail,Irish,20,0,0,0,,3,6,0,3
Harald Ertl,ENSIGN,Ensign,ENSIGN,1978,Driver,https://upload.wikimedia.org/wikipedia/commons/thumb/f/fa/HaraldErtlZolder1978.jpg/330px-HaraldErtlZolder1978.jpg?utm_source=en.wikipedia.org&utm_campaign=api&utm_content=thumbnail,Austrian,,0,0,0,,0,2,0,1
Nelson Piquet,MCLAREN,McLaren,MCLAREN|ENSIGN|BRABHAM,1978,Driver,https://upload.wikimedia.org/wikipedia/commons/thumb/5/5b/Cerimonia_de_entrega_da_medalha_Bras%C3%ADlia_60_anos_-_16.jpg/330px-Cerimonia_de_entrega_da_medalha_Bras%C3%ADlia_60_anos_-_16.jpg?utm_source=en.wikipedia.org&utm_campaign=api&utm_content=thumbnail,Brazilian,,0,0,0,,1,5,0,3
Bobby Rahal,WOLF,Wolf,WOLF,1978,Driver,https://upload.wikimedia.org/wikipedia/commons/thumb/6/69/Bobby_Rahal_%282021%29.jpg/330px-Bobby_Rahal_%282021%29.jpg?utm_source=en.wikipedia.org&utm_campaign=api&utm_content=thumbnail,American,,0,0,0,,0,2,0,1
Michael Bleekemolen,ATS,ATS,ATS,1978,Driver,https://upload.wikimedia.org/wikipedia/commons/thumb/a/a0/Michael_Bleekemolen_2011.jpg/330px-Michael_Bleekemolen_2011.jpg?utm_source=en.wikipedia.org&utm_campaign=api&utm_content=thumbnail,Dutch,,0,0,0,,0,1,0,1
Jacques Laffite,LIGIER,Ligier,LIGIER,1979,Driver,https://upload.wikimedia.org/wikipedia/commons/thumb/d/d3/Jacques_Laffite_2015.jpg/330px-Jacques_Laffite_2015.jpg?utm_source=en.wikipedia.org&utm_campaign=api&utm_content=thumbnail,French,4,2,6,4,,7,15,0,8
Carlos Reutemann,TEAM_LOTUS,Team Lotus,TEAM_LOTUS,1979,Driver,https://upload.wikimedia.org/wikipedia/commons/thumb/3/3a/Reutemann_1981.jpg/330px-Reutemann_1981.jpg?utm_source=en.wikipedia.org&utm_campaign=api&utm_content=thumbnail,Argentine,7,0,4,0,,8,15,0,6
John Watson,MCLAREN,McLaren,MCLAREN,1979,Driver,https://upload.wikimedia.org/wikipedia/commons/thumb/2/21/John_Watson_%282346102684%29.jpg/330px-John_Watson_%282346102684%29.jpg?utm_source=en.wikipedia.org&utm_campaign=api&utm_content=thumbnail,British,9,0,1,0,,9,15,0,5
Patrick Depailler,LIGIER,Ligier,LIGIER,1979,Driver,https://upload.wikimedia.org/wikipedia/commons/thumb/4/4e/PatrickDepailler-ar.jpg/330px-PatrickDepailler-ar.jpg?utm_source=en.wikipedia.org&utm_campaign=api&utm_content=thumbnail,French,6,1,2,0,,5,7,0,2
Mario Andretti,TEAM_LOTUS,Team Lotus,TEAM_LOTUS,1979,Driver,https://upload.wikimedia.org/wikipedia/commons/thumb/c/c3/Mario_Andretti_Goodwood_Festival_of_Speed_2021_%28cropped%29.jpg/330px-Mario_Andretti_Goodwood_Festival_of_Speed_2021_%28cropped%29.jpg?utm_source=en.wikipedia.org&utm_campaign=api&utm_content=thumbnail,American,12,0,1,0,,6,15,0,9
Emerson Fittipaldi,FITTIPALDI,Fittipaldi,FITTIPALDI,1979,Driver,https://upload.wikimedia.org/wikipedia/commons/thumb/5/5e/Emerson_Fittipaldi_in_2020_%28cropped%29.JPG/330px-Emerson_Fittipaldi_in_2020_%28cropped%29.JPG?utm_source=en.wikipedia.org&utm_campaign=api&utm_content=thumbnail,Brazilian,21,0,0,0,,5,15,0,7
Elio de Angelis,SHADOW,Shadow,SHADOW,1979,Driver,https://upload.wikimedia.org/wikipedia/commons/thumb/4/4e/Anefo_932-2371_Elio_de_Angelis_03.07.1982.jpg/330px-Anefo_932-2371_Elio_de_Angelis_03.07.1982.jpg?utm_source=en.wikipedia.org&utm_campaign=api&utm_content=thumbnail,Italian,15,0,0,0,,3,14,0,7
Jochen Mass,ARROWS,Arrows,ARROWS,1979,Driver,https://upload.wikimedia.org/wikipedia/commons/thumb/3/34/Mass_at_1982_Dutch_Grand_Prix.jpg/330px-Mass_at_1982_Dutch_Grand_Prix.jpg?utm_source=en.wikipedia.org&utm_campaign=api&utm_content=thumbnail,German,18,0,0,0,,7,13,0,4
Alan Jones,WILLIAMS,Williams,WILLIAMS,1979,Driver,https://upload.wikimedia.org/wikipedia/commons/thumb/c/ce/Jones_alan.JPG/330px-Jones_alan.JPG?utm_source=en.wikipedia.org&utm_campaign=api&utm_content=thumbnail,Australian,3,4,5,3,,8,15,0,7
Clay Regazzoni,WILLIAMS,Williams,WILLIAMS,1979,Driver,https://upload.wikimedia.org/wikipedia/commons/thumb/e/e7/Anefo_924-6609_Clay_Reggazoni%2C_Catherine_Blaton%2C_Jacky_Ickx_Zandvoort_18_06_1971_-_Cropped.jpg/330px-Anefo_924-6609_Clay_Reggazoni%2C_Catherine_Blaton%2C_Jacky_Ickx_Zandvoort_18_06_1971_-_Cropped.jpg?utm_source=en.wikipedia.org&utm_campaign=api&utm_content=thumbnail,Swiss,5,1,5,0,,9,15,0,5
Derek Daly,ENSIGN,Ensign,ENSIGN|TYRRELL,1979,Driver,https://upload.wikimedia.org/wikipedia/commons/thumb/8/82/Derek_Daly_1982.jpg/330px-Derek_Daly_1982.jpg?utm_source=en.wikipedia.org&utm_campaign=api&utm_content=thumbnail,Irish,,0,0,0,,1,6,0,3
Gilles Villeneuve,FERRARI,Ferrari,FERRARI,1979,Driver,https://upload.wikimedia.org/wikipedia/en/3/3f/Gilles_Villeneuve_1979_Portrait.jpg?utm_source=en.wikipedia.org&utm_campaign=api&utm_content=thumbnail_unscaled,Canadian,2,3,7,1,,11,15,0,3
Hector Rebaque,TEAM_LOTUS,Team Lotus,TEAM_LOTUS|REBAQUE,1979,Driver,https://upload.wikimedia.org/wikipedia/commons/thumb/d/dc/1981_Argentine_Grand_Prix%2C_Rebaque.jpg/330px-1981_Argentine_Grand_Prix%2C_Rebaque.jpg?utm_source=en.wikipedia.org&utm_campaign=api&utm_content=thumbnail,Mexican,,0,0,0,,2,10,0,7
Jan Lammers,SHADOW,Shadow,SHADOW,1979,Driver,https://upload.wikimedia.org/wikipedia/commons/thumb/4/4e/Jan_Lammers_LeMans24_2017.jpg/330px-Jan_Lammers_LeMans24_2017.jpg?utm_source=en.wikipedia.org&utm_campaign=api&utm_content=thumbnail,Dutch,,0,0,0,,3,12,0,5
James Hunt,WOLF,Wolf,WOLF,1979,Driver,https://upload.wikimedia.org/wikipedia/commons/thumb/1/12/J._Hunt_in_1977_%28cropped%29.jpg/330px-J._Hunt_in_1977_%28cropped%29.jpg?utm_source=en.wikipedia.org&utm_campaign=api&utm_content=thumbnail,British,,0,0,0,,1,7,0,6
Jean-Pierre Jarier,TYRRELL,Tyrrell,TYRRELL,1979,Driver,https://upload.wikimedia.org/wikipedia/commons/thumb/7/7e/Jean-Pierre_Jarier_en_1976.jpg/330px-Jean-Pierre_Jarier_en_1976.jpg?utm_source=en.wikipedia.org&utm_campaign=api&utm_content=thumbnail,French,11,0,2,0,,6,13,0,6
Jean-Pierre Jabouille,RENAULT,Renault,RENAULT,1979,Driver,https://upload.wikimedia.org/wikipedia/commons/thumb/5/55/JeanPierreJabouille1975.jpg/330px-JeanPierreJabouille1975.jpg?utm_source=en.wikipedia.org&utm_campaign=api&utm_content=thumbnail,French,13,1,1,4,,2,15,0,12
Niki Lauda,BRABHAM-ALFA_ROMEO,Brabham-Alfa Romeo,BRABHAM-ALFA_ROMEO|BRABHAM-FORD,1979,Driver,https://upload.wikimedia.org/wikipedia/commons/thumb/2/2d/Lauda_at_1982_Dutch_Grand_Prix.jpg/330px-Lauda_at_1982_Dutch_Grand_Prix.jpg?utm_source=en.wikipedia.org&utm_campaign=api&utm_content=thumbnail,Austrian,14,0,0,0,,2,14,0,12
René Arnoux,RENAULT,Renault,RENAULT,1979,Driver,https://upload.wikimedia.org/wikipedia/commons/thumb/6/6f/Rene_Arnoux_WSR2008_HU.png/330px-Rene_Arnoux_WSR2008_HU.png?utm_source=en.wikipedia.org&utm_campaign=api&utm_content=thumbnail,French,8,0,3,2,,5,15,0,10
Jody Scheckter,FERRARI,Ferrari,FERRARI,1979,Driver,https://upload.wikimedia.org/wikipedia/commons/thumb/d/dc/Jody_Scheckter_during_the_1979_Monaco_Grand_Prix.jpg/330px-Jody_Scheckter_during_the_1979_Monaco_Grand_Prix.jpg?utm_source=en.wikipedia.org&utm_campaign=api&utm_content=thumbnail,South African,1,3,6,1,,13,15,1,2
Didier Pironi,TYRRELL,Tyrrell,TYRRELL,1979,Driver,https://upload.wikimedia.org/wikipedia/commons/thumb/8/86/Pironi_celebrating_at_1982_Dutch_Grand_Prix_%28cropped%29.jpg/330px-Pironi_celebrating_at_1982_Dutch_Grand_Prix_%28cropped%29.jpg?utm_source=en.wikipedia.org&utm_campaign=api&utm_content=thumbnail,French,10,0,2,0,,9,15,0,6
Patrick Tambay,MCLAREN,McLaren,MCLAREN,1979,Driver,https://upload.wikimedia.org/wikipedia/commons/thumb/d/d1/Zandvoort_circuit_De_striptekenaar_Graton_in_de_pits%2C_NL-HlmNHA_54005237_-_Patrick_Tambay_%28cropped%29.JPG/330px-Zandvoort_circuit_De_striptekenaar_Graton_in_de_pits%2C_NL-HlmNHA_54005237_-_Patrick_Tambay_%28cropped%29.JPG?utm_source=en.wikipedia.org&utm_campaign=api&utm_content=thumbnail,French,,0,0,0,,4,13,0,8
Nelson Piquet,BRABHAM-ALFA_ROMEO,Brabham-Alfa Romeo,BRABHAM-ALFA_ROMEO|BRABHAM-FORD,1979,Driver,https://upload.wikimedia.org/wikipedia/commons/thumb/5/5b/Cerimonia_de_entrega_da_medalha_Bras%C3%ADlia_60_anos_-_16.jpg/330px-Cerimonia_de_entrega_da_medalha_Bras%C3%ADlia_60_anos_-_16.jpg?utm_source=en.wikipedia.org&utm_campaign=api&utm_content=thumbnail,Brazilian,16,0,0,0,,3,15,0,11
Arturo Merzario,MERZARIO,Merzario,MERZARIO,1979,Driver,https://upload.wikimedia.org/wikipedia/commons/thumb/d/da/Arturo_Merzario_en_1973.jpg/330px-Arturo_Merzario_en_1973.jpg?utm_source=en.wikipedia.org&utm_campaign=api&utm_content=thumbnail,Italian,,0,0,0,,0,2,0,2
Riccardo Patrese,ARROWS,Arrows,ARROWS,1979,Driver,https://upload.wikimedia.org/wikipedia/commons/3/3e/Riccardo_Patrese_in_the_paddock_before_the_1993_British_Grand_Prix_%2833686653515%29_%28Cropped%29.jpg?utm_source=en.wikipedia.org&utm_campaign=api&utm_content=thumbnail_unscaled,Italian,20,0,0,0,,3,15,0,9
Hans-Joachim Stuck,ATS,ATS,ATS,1979,Driver,https://upload.wikimedia.org/wikipedia/commons/thumb/c/cf/HansJoachimStuck2008.jpg/330px-HansJoachimStuck2008.jpg?utm_source=en.wikipedia.org&utm_campaign=api&utm_content=thumbnail,German,19,0,0,0,,2,14,0,10
Bruno Giacomelli,ALFA,Alfa Romeo,ALFA,1979,Driver,https://upload.wikimedia.org/wikipedia/commons/0/01/Bruno_Giacomelli_1982.jpg?utm_source=en.wikipedia.org&utm_campaign=api&utm_content=thumbnail_unscaled,Italian,,0,0,0,,0,4,0,3
Keke Rosberg,WOLF,Wolf,WOLF,1979,Driver,https://upload.wikimedia.org/wikipedia/commons/thumb/3/3c/Anefo_932-2378_Keke_Rosberg%2C_Zandvoort%2C_03-07-1982_-_Restoration.jpg/330px-Anefo_932-2378_Keke_Rosberg%2C_Zandvoort%2C_03-07-1982_-_Restoration.jpg?utm_source=en.wikipedia.org&utm_campaign=api&utm_content=thumbnail,Finnish,,0,0,0,,1,7,0,6
Jacky Ickx,LIGIER,Ligier,LIGIER,1979,Driver,https://upload.wikimedia.org/wikipedia/commons/thumb/1/19/Jacky_Ickx_Portr%C3%A4t_Mille_Miglia_2018.jpg/330px-Jacky_Ickx_Portr%C3%A4t_Mille_Miglia_2018.jpg?utm_source=en.wikipedia.org&utm_campaign=api&utm_content=thumbnail,Belgian,17,0,0,0,,2,8,0,6
Geoff Lees,TYRRELL,Tyrrell,TYRRELL,1979,Driver,https://upload.wikimedia.org/wikipedia/commons/thumb/2/28/Geoff_Lees_Shadow_DN11_2018_British_Grand_Prix_%2829871053688%29.jpg/330px-Geoff_Lees_Shadow_DN11_2018_British_Grand_Prix_%2829871053688%29.jpg?utm_source=en.wikipedia.org&utm_campaign=api&utm_content=thumbnail,British,,0,0,0,,1,1,0,0
Vittorio Brambilla,ALFA,Alfa Romeo,ALFA,1979,Driver,https://upload.wikimedia.org/wikipedia/commons/thumb/7/75/Vittorio_Brambilla.jpg/330px-Vittorio_Brambilla.jpg?utm_source=en.wikipedia.org&utm_campaign=api&utm_content=thumbnail,Italian,,0,0,0,,0,2,0,1
Ricardo Zunino,BRABHAM-FORD,Brabham-Ford,BRABHAM-FORD,1979,Driver,https://upload.wikimedia.org/wikipedia/commons/thumb/0/02/1980_Argentine_Grand_Prix_Zunino.jpg/330px-1980_Argentine_Grand_Prix_Zunino.jpg?utm_source=en.wikipedia.org&utm_campaign=api&utm_content=thumbnail,Argentine,,0,0,0,,1,2,0,1
Marc Surer,ENSIGN,Ensign,ENSIGN,1979,Driver,https://upload.wikimedia.org/wikipedia/commons/thumb/3/3e/Marc_Surer_1982.jpg/330px-Marc_Surer_1982.jpg?utm_source=en.wikipedia.org&utm_campaign=api&utm_content=thumbnail,Swiss,,0,0,0,,0,1,0,1
Alan Jones,WILLIAMS,Williams,WILLIAMS,1980,Driver,https://upload.wikimedia.org/wikipedia/commons/thumb/c/ce/Jones_alan.JPG/330px-Jones_alan.JPG?utm_source=en.wikipedia.org&utm_campaign=api&utm_content=thumbnail,Australian,1,5,10,3,,10,14,1,3
Nelson Piquet,BRABHAM,Brabham,BRABHAM,1980,Driver,https://upload.wikimedia.org/wikipedia/commons/thumb/5/5b/Cerimonia_de_entrega_da_medalha_Bras%C3%ADlia_60_anos_-_16.jpg/330px-Cerimonia_de_entrega_da_medalha_Bras%C3%ADlia_60_anos_-_16.jpg?utm_source=en.wikipedia.org&utm_campaign=api&utm_content=thumbnail,Brazilian,2,3,6,2,,10,14,0,4
Keke Rosberg,FITTIPALDI,Fittipaldi,FITTIPALDI,1980,Driver,https://upload.wikimedia.org/wikipedia/commons/thumb/3/3c/Anefo_932-2378_Keke_Rosberg%2C_Zandvoort%2C_03-07-1982_-_Restoration.jpg/330px-Anefo_932-2378_Keke_Rosberg%2C_Zandvoort%2C_03-07-1982_-_Restoration.jpg?utm_source=en.wikipedia.org&utm_campaign=api&utm_content=thumbnail,Finnish,10,0,1,0,,6,11,0,4
Derek Daly,TYRRELL,Tyrrell,TYRRELL,1980,Driver,https://upload.wikimedia.org/wikipedia/commons/thumb/8/82/Derek_Daly_1982.jpg/330px-Derek_Daly_1982.jpg?utm_source=en.wikipedia.org&utm_campaign=api&utm_content=thumbnail,Irish,12,0,0,0,,5,14,0,7
Bruno Giacomelli,ALFA,Alfa Romeo,ALFA,1980,Driver,https://upload.wikimedia.org/wikipedia/commons/0/01/Bruno_Giacomelli_1982.jpg?utm_source=en.wikipedia.org&utm_campaign=api&utm_content=thumbnail_unscaled,Italian,18,0,0,1,,2,14,0,11
Alain Prost,MCLAREN,McLaren,MCLAREN,1980,Driver,https://upload.wikimedia.org/wikipedia/commons/thumb/7/74/Festival_automobile_international_2015_-_Photocall_-_065_%28cropped3%29.jpg/330px-Festival_automobile_international_2015_-_Photocall_-_065_%28cropped3%29.jpg?utm_source=en.wikipedia.org&utm_campaign=api&utm_content=thumbnail,French,16,0,0,0,,6,13,0,6
Ricardo Zunino,BRABHAM,Brabham,BRABHAM,1980,Driver,https://upload.wikimedia.org/wikipedia/commons/thumb/0/02/1980_Argentine_Grand_Prix_Zunino.jpg/330px-1980_Argentine_Grand_Prix_Zunino.jpg?utm_source=en.wikipedia.org&utm_campaign=api&utm_content=thumbnail,Argentine,,0,0,0,,3,6,0,3
Patrick Depailler,ALFA,Alfa Romeo,ALFA,1980,Driver,https://upload.wikimedia.org/wikipedia/commons/thumb/4/4e/PatrickDepailler-ar.jpg/330px-PatrickDepailler-ar.jpg?utm_source=en.wikipedia.org&utm_campaign=api&utm_content=thumbnail,French,,0,0,0,,0,8,0,8
Jody Scheckter,FERRARI,Ferrari,FERRARI,1980,Driver,https://upload.wikimedia.org/wikipedia/commons/thumb/d/dc/Jody_Scheckter_during_the_1979_Monaco_Grand_Prix.jpg/330px-Jody_Scheckter_during_the_1979_Monaco_Grand_Prix.jpg?utm_source=en.wikipedia.org&utm_campaign=api&utm_content=thumbnail,South African,19,0,0,0,,5,13,0,4
Clay Regazzoni,ENSIGN,Ensign,ENSIGN,1980,Driver,https://upload.wikimedia.org/wikipedia/commons/thumb/e/e7/Anefo_924-6609_Clay_Reggazoni%2C_Catherine_Blaton%2C_Jacky_Ickx_Zandvoort_18_06_1971_-_Cropped.jpg/330px-Anefo_924-6609_Clay_Reggazoni%2C_Catherine_Blaton%2C_Jacky_Ickx_Zandvoort_18_06_1971_-_Cropped.jpg?utm_source=en.wikipedia.org&utm_campaign=api&utm_content=thumbnail,Swiss,,0,0,0,,1,4,0,3
Emerson Fittipaldi,FITTIPALDI,Fittipaldi,FITTIPALDI,1980,Driver,https://upload.wikimedia.org/wikipedia/commons/thumb/5/5e/Emerson_Fittipaldi_in_2020_%28cropped%29.JPG/330px-Emerson_Fittipaldi_in_2020_%28cropped%29.JPG?utm_source=en.wikipedia.org&utm_campaign=api&utm_content=thumbnail,Brazilian,15,0,1,0,,3,14,0,8
Gilles Villeneuve,FERRARI,Ferrari,FERRARI,1980,Driver,https://upload.wikimedia.org/wikipedia/en/3/3f/Gilles_Villeneuve_1979_Portrait.jpg?utm_source=en.wikipedia.org&utm_campaign=api&utm_content=thumbnail_unscaled,Canadian,14,0,0,0,,7,14,0,6
Jacques Laffite,LIGIER,Ligier,LIGIER,1980,Driver,https://upload.wikimedia.org/wikipedia/commons/thumb/d/d3/Jacques_Laffite_2015.jpg/330px-Jacques_Laffite_2015.jpg?utm_source=en.wikipedia.org&utm_campaign=api&utm_content=thumbnail,French,4,1,5,1,,9,14,0,4
Riccardo Patrese,ARROWS,Arrows,ARROWS,1980,Driver,https://upload.wikimedia.org/wikipedia/commons/3/3e/Riccardo_Patrese_in_the_paddock_before_the_1993_British_Grand_Prix_%2833686653515%29_%28Cropped%29.jpg?utm_source=en.wikipedia.org&utm_campaign=api&utm_content=thumbnail_unscaled,Italian,9,0,1,0,,6,14,0,7
Marc Surer,ATS,ATS,ATS,1980,Driver,https://upload.wikimedia.org/wikipedia/commons/thumb/3/3e/Marc_Surer_1982.jpg/330px-Marc_Surer_1982.jpg?utm_source=en.wikipedia.org&utm_campaign=api&utm_content=thumbnail,Swiss,,0,0,0,,3,10,0,5
Mario Andretti,TEAM_LOTUS,Team Lotus,TEAM_LOTUS,1980,Driver,https://upload.wikimedia.org/wikipedia/commons/thumb/c/c3/Mario_Andretti_Goodwood_Festival_of_Speed_2021_%28cropped%29.jpg/330px-Mario_Andretti_Goodwood_Festival_of_Speed_2021_%28cropped%29.jpg?utm_source=en.wikipedia.org&utm_campaign=api&utm_content=thumbnail,American,20,0,0,0,,4,14,0,9
Jochen Mass,ARROWS,Arrows,ARROWS,1980,Driver,https://upload.wikimedia.org/wikipedia/commons/thumb/3/34/Mass_at_1982_Dutch_Grand_Prix.jpg/330px-Mass_at_1982_Dutch_Grand_Prix.jpg?utm_source=en.wikipedia.org&utm_campaign=api&utm_content=thumbnail,German,17,0,0,0,,6,12,0,4
Carlos Reutemann,WILLIAMS,Williams,WILLIAMS,1980,Driver,https://upload.wikimedia.org/wikipedia/commons/thumb/3/3a/Reutemann_1981.jpg/330px-Reutemann_1981.jpg?utm_source=en.wikipedia.org&utm_campaign=api&utm_content=thumbnail,Argentine,3,1,8,0,,11,14,0,3
Elio de Angelis,TEAM_LOTUS,Team Lotus,TEAM_LOTUS,1980,Driver,https://upload.wikimedia.org/wikipedia/commons/thumb/4/4e/Anefo_932-2371_Elio_de_Angelis_03.07.1982.jpg/330px-Anefo_932-2371_Elio_de_Angelis_03.07.1982.jpg?utm_source=en.wikipedia.org&utm_campaign=api&utm_content=thumbnail,Italian,7,0,1,0,,7,14,0,6
John Watson,MCLAREN,McLaren,MCLAREN,1980,Driver,https://upload.wikimedia.org/wikipedia/commons/thumb/2/21/John_Watson_%282346102684%29.jpg/330px-John_Watson_%282346102684%29.jpg?utm_source=en.wikipedia.org&utm_campaign=api&utm_content=thumbnail,British,11,0,0,0,,4,13,0,7
Jean-Pierre Jabouille,RENAULT,Renault,RENAULT,1980,Driver,https://upload.wikimedia.org/wikipedia/commons/thumb/5/55/JeanPierreJabouille1975.jpg/330px-JeanPierreJabouille1975.jpg?utm_source=en.wikipedia.org&utm_campaign=api&utm_content=thumbnail,French,8,1,1,2,,2,13,0,11
René Arnoux,RENAULT,Renault,RENAULT,1980,Driver,https://upload.wikimedia.org/wikipedia/commons/thumb/6/6f/Rene_Arnoux_WSR2008_HU.png/330px-Rene_Arnoux_WSR2008_HU.png?utm_source=en.wikipedia.org&utm_campaign=api&utm_content=thumbnail,French,6,2,3,3,,9,14,0,5
Didier Pironi,LIGIER,Ligier,LIGIER,1980,Driver,https://upload.wikimedia.org/wikipedia/commons/thumb/8/86/Pironi_celebrating_at_1982_Dutch_Grand_Prix_%28cropped%29.jpg/330px-Pironi_celebrating_at_1982_Dutch_Grand_Prix_%28cropped%29.jpg?utm_source=en.wikipedia.org&utm_campaign=api&utm_content=thumbnail,French,5,1,5,2,,8,14,0,6
Jean-Pierre Jarier,TYRRELL,Tyrrell,TYRRELL,1980,Driver,https://upload.wikimedia.org/wikipedia/commons/thumb/7/7e/Jean-Pierre_Jarier_en_1976.jpg/330px-Jean-Pierre_Jarier_en_1976.jpg?utm_source=en.wikipedia.org&utm_campaign=api&utm_content=thumbnail,French,13,0,0,0,,5,14,0,6
Geoff Lees,SHADOW,Shadow,SHADOW|ENSIGN,1980,Driver,https://upload.wikimedia.org/wikipedia/commons/thumb/2/28/Geoff_Lees_Shadow_DN11_2018_British_Grand_Prix_%2829871053688%29.jpg/330px-Geoff_Lees_Shadow_DN11_2018_British_Grand_Prix_%2829871053688%29.jpg?utm_source=en.wikipedia.org&utm_campaign=api&utm_content=thumbnail,British,,0,0,0,,0,2,0,1
Eddie Cheever,OSELLA,Osella,OSELLA,1980,Driver,https://upload.wikimedia.org/wikipedia/commons/thumb/8/87/Eddie_Cheever_Jr_2009_Indy_500_Second_Qual_Day.JPG/330px-Eddie_Cheever_Jr_2009_Indy_500_Second_Qual_Day.JPG?utm_source=en.wikipedia.org&utm_campaign=api&utm_content=thumbnail,American,,0,0,0,,0,10,0,9
Jan Lammers,ATS,ATS,ATS|ENSIGN,1980,Driver,https://upload.wikimedia.org/wikipedia/commons/thumb/4/4e/Jan_Lammers_LeMans24_2017.jpg/330px-Jan_Lammers_LeMans24_2017.jpg?utm_source=en.wikipedia.org&utm_campaign=api&utm_content=thumbnail,Dutch,,0,0,0,,0,6,0,3
Tiff Needell,ENSIGN,Ensign,ENSIGN,1980,Driver,https://upload.wikimedia.org/wikipedia/commons/thumb/8/8e/TiffNeedell.jpg/330px-TiffNeedell.jpg?utm_source=en.wikipedia.org&utm_campaign=api&utm_content=thumbnail,British,,0,0,0,,0,1,0,1
Hector Rebaque,BRABHAM,Brabham,BRABHAM,1980,Driver,https://upload.wikimedia.org/wikipedia/commons/thumb/d/dc/1981_Argentine_Grand_Prix%2C_Rebaque.jpg/330px-1981_Argentine_Grand_Prix%2C_Rebaque.jpg?utm_source=en.wikipedia.org&utm_campaign=api&utm_content=thumbnail,Mexican,21,0,0,0,,3,7,0,4
Rupert Keegan,WILLIAMS,Williams,WILLIAMS,1980,Driver,https://upload.wikimedia.org/wikipedia/commons/thumb/8/87/Rupert_Keegan_leaves_the_drivers_briefing_at_the_1978_Monaco_GP_%2850047323536%29_%28cropped%29.jpg/330px-Rupert_Keegan_leaves_the_drivers_briefing_at_the_1978_Monaco_GP_%2850047323536%29_%28cropped%29.jpg?utm_source=en.wikipedia.org&utm_campaign=api&utm_content=thumbnail,British,,0,0,0,,1,4,0,0
Nigel Mansell,TEAM_LOTUS,Team Lotus,TEAM_LOTUS,1980,Driver,https://upload.wikimedia.org/wikipedia/commons/thumb/e/e4/Nigel_Mansell_-_Mexican_Grand_Prix_01_%28cropped%29.jpeg/330px-Nigel_Mansell_-_Mexican_Grand_Prix_01_%28cropped%29.jpeg?utm_source=en.wikipedia.org&utm_campaign=api&utm_content=thumbnail,British,,0,0,0,,0,2,0,2
Vittorio Brambilla,ALFA,Alfa Romeo,ALFA,1980,Driver,https://upload.wikimedia.org/wikipedia/commons/thumb/7/75/Vittorio_Brambilla.jpg/330px-Vittorio_Brambilla.jpg?utm_source=en.wikipedia.org&utm_campaign=api&utm_content=thumbnail,Italian,,0,0,0,,0,2,0,2
Andrea de Cesaris,ALFA,Alfa Romeo,ALFA,1980,Driver,https://upload.wikimedia.org/wikipedia/commons/2/22/Andrea_De_Cesaris_1982.jpg?utm_source=en.wikipedia.org&utm_campaign=api&utm_content=thumbnail_unscaled,Italian,,0,0,0,,0,2,0,2
Mike Thackwell,TYRRELL,Tyrrell,TYRRELL,1980,Driver,https://upload.wikimedia.org/wikipedia/commons/thumb/5/5b/2011_11_2_Imperial_Palace_Harrahs_Auto_collection-1-64_-_Flickr_-_Moto%40Club4AG.jpg/330px-2011_11_2_Imperial_Palace_Harrahs_Auto_collection-1-64_-_Flickr_-_Moto%40Club4AG.jpg?utm_source=en.wikipedia.org&utm_campaign=api&utm_content=thumbnail,New Zealander,,0,0,0,,0,1,0,1
Alan Jones,WILLIAMS,Williams,WILLIAMS,1981,Driver,https://upload.wikimedia.org/wikipedia/commons/thumb/c/ce/Jones_alan.JPG/330px-Jones_alan.JPG?utm_source=en.wikipedia.org&utm_campaign=api&utm_content=thumbnail,Australian,3,2,6,0,,9,15,0,3
Carlos Reutemann,WILLIAMS,Williams,WILLIAMS,1981,Driver,https://upload.wikimedia.org/wikipedia/commons/thumb/3/3a/Reutemann_1981.jpg/330px-Reutemann_1981.jpg?utm_source=en.wikipedia.org&utm_campaign=api&utm_content=thumbnail,Argentine,2,2,7,2,,12,15,0,3
Nelson Piquet,BRABHAM,Brabham,BRABHAM,1981,Driver,https://upload.wikimedia.org/wikipedia/commons/thumb/5/5b/Cerimonia_de_entrega_da_medalha_Bras%C3%ADlia_60_anos_-_16.jpg/330px-Cerimonia_de_entrega_da_medalha_Bras%C3%ADlia_60_anos_-_16.jpg?utm_source=en.wikipedia.org&utm_campaign=api&utm_content=thumbnail,Brazilian,1,3,7,4,,10,15,1,4
Mario Andretti,ALFA,Alfa Romeo,ALFA,1981,Driver,https://upload.wikimedia.org/wikipedia/commons/thumb/c/c3/Mario_Andretti_Goodwood_Festival_of_Speed_2021_%28cropped%29.jpg/330px-Mario_Andretti_Goodwood_Festival_of_Speed_2021_%28cropped%29.jpg?utm_source=en.wikipedia.org&utm_campaign=api&utm_content=thumbnail,American,17,0,0,0,,7,15,0,8
Eddie Cheever,TYRRELL,Tyrrell,TYRRELL,1981,Driver,https://upload.wikimedia.org/wikipedia/commons/thumb/8/87/Eddie_Cheever_Jr_2009_Indy_500_Second_Qual_Day.JPG/330px-Eddie_Cheever_Jr_2009_Indy_500_Second_Qual_Day.JPG?utm_source=en.wikipedia.org&utm_campaign=api&utm_content=thumbnail,American,12,0,0,0,,5,14,0,7
Patrick Tambay,LIGIER,Ligier,LIGIER|THEODORE,1981,Driver,https://upload.wikimedia.org/wikipedia/commons/thumb/d/d1/Zandvoort_circuit_De_striptekenaar_Graton_in_de_pits%2C_NL-HlmNHA_54005237_-_Patrick_Tambay_%28cropped%29.JPG/330px-Zandvoort_circuit_De_striptekenaar_Graton_in_de_pits%2C_NL-HlmNHA_54005237_-_Patrick_Tambay_%28cropped%29.JPG?utm_source=en.wikipedia.org&utm_campaign=api&utm_content=thumbnail,French,19,0,0,0,,3,14,0,9
Chico Serra,FITTIPALDI,Fittipaldi,FITTIPALDI,1981,Driver,https://upload.wikimedia.org/wikipedia/commons/thumb/c/c0/Chico_Serra_2007_Mil_Milhas_Brasil.jpg/330px-Chico_Serra_2007_Mil_Milhas_Brasil.jpg?utm_source=en.wikipedia.org&utm_campaign=api&utm_content=thumbnail,Brazilian,,0,0,0,,1,6,0,4
René Arnoux,RENAULT,Renault,RENAULT,1981,Driver,https://upload.wikimedia.org/wikipedia/commons/thumb/6/6f/Rene_Arnoux_WSR2008_HU.png/330px-Rene_Arnoux_WSR2008_HU.png?utm_source=en.wikipedia.org&utm_campaign=api&utm_content=thumbnail,French,9,0,1,4,,7,14,0,6
Marc Surer,THEODORE,Theodore,THEODORE|ENSIGN,1981,Driver,https://upload.wikimedia.org/wikipedia/commons/thumb/3/3e/Marc_Surer_1982.jpg/330px-Marc_Surer_1982.jpg?utm_source=en.wikipedia.org&utm_campaign=api&utm_content=thumbnail,Swiss,16,0,0,0,,5,13,0,4
Didier Pironi,FERRARI,Ferrari,FERRARI,1981,Driver,https://upload.wikimedia.org/wikipedia/commons/thumb/8/86/Pironi_celebrating_at_1982_Dutch_Grand_Prix_%28cropped%29.jpg/330px-Pironi_celebrating_at_1982_Dutch_Grand_Prix_%28cropped%29.jpg?utm_source=en.wikipedia.org&utm_campaign=api&utm_content=thumbnail,French,13,0,0,0,,7,15,0,7
Jean-Pierre Jarier,OSELLA,Osella,OSELLA|LIGIER,1981,Driver,https://upload.wikimedia.org/wikipedia/commons/thumb/7/7e/Jean-Pierre_Jarier_en_1976.jpg/330px-Jean-Pierre_Jarier_en_1976.jpg?utm_source=en.wikipedia.org&utm_campaign=api&utm_content=thumbnail,French,,0,0,0,,5,9,0,4
Hector Rebaque,BRABHAM,Brabham,BRABHAM,1981,Driver,https://upload.wikimedia.org/wikipedia/commons/thumb/d/dc/1981_Argentine_Grand_Prix%2C_Rebaque.jpg/330px-1981_Argentine_Grand_Prix%2C_Rebaque.jpg?utm_source=en.wikipedia.org&utm_campaign=api&utm_content=thumbnail,Mexican,10,0,0,0,,5,14,0,9
Bruno Giacomelli,ALFA,Alfa Romeo,ALFA,1981,Driver,https://upload.wikimedia.org/wikipedia/commons/0/01/Bruno_Giacomelli_1982.jpg?utm_source=en.wikipedia.org&utm_campaign=api&utm_content=thumbnail_unscaled,Italian,15,0,1,0,,6,15,0,7
Jacques Laffite,LIGIER,Ligier,LIGIER,1981,Driver,https://upload.wikimedia.org/wikipedia/commons/thumb/d/d3/Jacques_Laffite_2015.jpg/330px-Jacques_Laffite_2015.jpg?utm_source=en.wikipedia.org&utm_campaign=api&utm_content=thumbnail,French,4,2,7,1,,9,15,0,6
Keke Rosberg,FITTIPALDI,Fittipaldi,FITTIPALDI,1981,Driver,https://upload.wikimedia.org/wikipedia/commons/thumb/3/3c/Anefo_932-2378_Keke_Rosberg%2C_Zandvoort%2C_03-07-1982_-_Restoration.jpg/330px-Anefo_932-2378_Keke_Rosberg%2C_Zandvoort%2C_03-07-1982_-_Restoration.jpg?utm_source=en.wikipedia.org&utm_campaign=api&utm_content=thumbnail,Finnish,,0,0,0,,2,9,0,6
Jan Lammers,ATS,ATS,ATS,1981,Driver,https://upload.wikimedia.org/wikipedia/commons/thumb/4/4e/Jan_Lammers_LeMans24_2017.jpg/330px-Jan_Lammers_LeMans24_2017.jpg?utm_source=en.wikipedia.org&utm_campaign=api&utm_content=thumbnail,Dutch,,0,0,0,,0,3,0,2
Riccardo Patrese,ARROWS,Arrows,ARROWS,1981,Driver,https://upload.wikimedia.org/wikipedia/commons/3/3e/Riccardo_Patrese_in_the_paddock_before_the_1993_British_Grand_Prix_%2833686653515%29_%28Cropped%29.jpg?utm_source=en.wikipedia.org&utm_campaign=api&utm_content=thumbnail_unscaled,Italian,11,0,2,1,,4,15,0,9
Beppe Gabbiani,OSELLA,Osella,OSELLA,1981,Driver,https://upload.wikimedia.org/wikipedia/commons/9/9f/Beppe_Gabbiani_crop.jpg?utm_source=en.wikipedia.org&utm_campaign=api&utm_content=thumbnail_unscaled,Italian,,0,0,0,,0,3,0,3
Nigel Mansell,TEAM_LOTUS,Team Lotus,TEAM_LOTUS,1981,Driver,https://upload.wikimedia.org/wikipedia/commons/thumb/e/e4/Nigel_Mansell_-_Mexican_Grand_Prix_01_%28cropped%29.jpeg/330px-Nigel_Mansell_-_Mexican_Grand_Prix_01_%28cropped%29.jpeg?utm_source=en.wikipedia.org&utm_campaign=api&utm_content=thumbnail,British,14,0,1,0,,4,14,0,9
Gilles Villeneuve,FERRARI,Ferrari,FERRARI,1981,Driver,https://upload.wikimedia.org/wikipedia/en/3/3f/Gilles_Villeneuve_1979_Portrait.jpg?utm_source=en.wikipedia.org&utm_campaign=api&utm_content=thumbnail_unscaled,Canadian,7,2,3,1,,6,15,0,9
John Watson,MCLAREN,McLaren,MCLAREN,1981,Driver,https://upload.wikimedia.org/wikipedia/commons/thumb/2/21/John_Watson_%282346102684%29.jpg/330px-John_Watson_%282346102684%29.jpg?utm_source=en.wikipedia.org&utm_campaign=api&utm_content=thumbnail,British,6,1,4,0,,10,15,0,5
Elio de Angelis,TEAM_LOTUS,Team Lotus,TEAM_LOTUS,1981,Driver,https://upload.wikimedia.org/wikipedia/commons/thumb/4/4e/Anefo_932-2371_Elio_de_Angelis_03.07.1982.jpg/330px-Anefo_932-2371_Elio_de_Angelis_03.07.1982.jpg?utm_source=en.wikipedia.org&utm_campaign=api&utm_content=thumbnail,Italian,8,0,0,0,,10,15,0,5
Alain Prost,RENAULT,Renault,RENAULT,1981,Driver,https://upload.wikimedia.org/wikipedia/commons/thumb/7/74/Festival_automobile_international_2015_-_Photocall_-_065_%28cropped3%29.jpg/330px-Festival_automobile_international_2015_-_Photocall_-_065_%28cropped3%29.jpg?utm_source=en.wikipedia.org&utm_campaign=api&utm_content=thumbnail,French,5,3,6,2,,6,15,0,9
Andrea de Cesaris,MCLAREN,McLaren,MCLAREN,1981,Driver,https://upload.wikimedia.org/wikipedia/commons/2/22/Andrea_De_Cesaris_1982.jpg?utm_source=en.wikipedia.org&utm_campaign=api&utm_content=thumbnail_unscaled,Italian,18,0,0,0,,3,15,0,9
Ricardo Zunino,TYRRELL,Tyrrell,TYRRELL,1981,Driver,https://upload.wikimedia.org/wikipedia/commons/thumb/0/02/1980_Argentine_Grand_Prix_Zunino.jpg/330px-1980_Argentine_Grand_Prix_Zunino.jpg?utm_source=en.wikipedia.org&utm_campaign=api&utm_content=thumbnail,Argentine,,0,0,0,,0,2,0,0
Siegfried Stohr,ARROWS,Arrows,ARROWS,1981,Driver,https://upload.wikimedia.org/wikipedia/commons/thumb/3/30/1981_Argentine_Grand_Prix%2C_Stohr.jpg/330px-1981_Argentine_Grand_Prix%2C_Stohr.jpg?utm_source=en.wikipedia.org&utm_campaign=api&utm_content=thumbnail,Italian,,0,0,0,,2,9,0,6
Jean-Pierre Jabouille,LIGIER,Ligier,LIGIER,1981,Driver,https://upload.wikimedia.org/wikipedia/commons/thumb/5/55/JeanPierreJabouille1975.jpg/330px-JeanPierreJabouille1975.jpg?utm_source=en.wikipedia.org&utm_campaign=api&utm_content=thumbnail,French,,0,0,0,,0,3,0,3
Eliseo Salazar,ENSIGN,Ensign,ENSIGN|MARCH,1981,Driver,https://upload.wikimedia.org/wikipedia/commons/thumb/d/d7/Eliseo_Salazar_%281982%29.jpg/330px-Eliseo_Salazar_%281982%29.jpg?utm_source=en.wikipedia.org&utm_campaign=api&utm_content=thumbnail,Chilean,21,0,0,0,,1,9,0,7
Michele Alboreto,TYRRELL,Tyrrell,TYRRELL,1981,Driver,https://upload.wikimedia.org/wikipedia/commons/thumb/7/76/SCA_0029_MICHELE_ALBORETO_-_Ferrari_F_1-87_-_1987_neg._125_10x15_R_%28cropped%29.JPG/330px-SCA_0029_MICHELE_ALBORETO_-_Ferrari_F_1-87_-_1987_neg._125_10x15_R_%28cropped%29.JPG?utm_source=en.wikipedia.org&utm_campaign=api&utm_content=thumbnail,Italian,,0,0,0,,1,10,0,5
Piercarlo Ghinzani,OSELLA,Osella,OSELLA,1981,Driver,https://upload.wikimedia.org/wikipedia/commons/thumb/6/6c/1985_European_GP_Piercarlo_Ghinzani_%28cropped%29.jpg/330px-1985_European_GP_Piercarlo_Ghinzani_%28cropped%29.jpg?utm_source=en.wikipedia.org&utm_campaign=api&utm_content=thumbnail,Italian,,0,0,0,,0,1,0,0
Derek Daly,MARCH,March,MARCH,1981,Driver,https://upload.wikimedia.org/wikipedia/commons/thumb/8/82/Derek_Daly_1982.jpg/330px-Derek_Daly_1982.jpg?utm_source=en.wikipedia.org&utm_campaign=api&utm_content=thumbnail,Irish,,0,0,0,,2,8,0,4
Brian Henton,TOLEMAN,Toleman,TOLEMAN,1981,Driver,https://upload.wikimedia.org/wikipedia/commons/thumb/4/44/Brian_Henton_-_geograph.org.uk_-_8246719.jpg/330px-Brian_Henton_-_geograph.org.uk_-_8246719.jpg?utm_source=en.wikipedia.org&utm_campaign=api&utm_content=thumbnail,British,,0,0,0,,1,1,0,0
Derek Warwick,TOLEMAN,Toleman,TOLEMAN,1981,Driver,https://upload.wikimedia.org/wikipedia/commons/thumb/4/47/Derek_Warwick_Silverstone_2014.JPG/330px-Derek_Warwick_Silverstone_2014.JPG?utm_source=en.wikipedia.org&utm_campaign=api&utm_content=thumbnail,British,,0,0,0,,0,1,0,1
Alain Prost,RENAULT,Renault,RENAULT,1982,Driver,https://upload.wikimedia.org/wikipedia/commons/thumb/7/74/Festival_automobile_international_2015_-_Photocall_-_065_%28cropped3%29.jpg/330px-Festival_automobile_international_2015_-_Photocall_-_065_%28cropped3%29.jpg?utm_source=en.wikipedia.org&utm_campaign=api&utm_content=thumbnail,French,4,2,4,5,,8,16,0,8
Carlos Reutemann,WILLIAMS,Williams,WILLIAMS,1982,Driver,https://upload.wikimedia.org/wikipedia/commons/thumb/3/3a/Reutemann_1981.jpg/330px-Reutemann_1981.jpg?utm_source=en.wikipedia.org&utm_campaign=api&utm_content=thumbnail,Argentine,16,0,1,0,,1,2,0,1
René Arnoux,RENAULT,Renault,RENAULT,1982,Driver,https://upload.wikimedia.org/wikipedia/commons/thumb/6/6f/Rene_Arnoux_WSR2008_HU.png/330px-Rene_Arnoux_WSR2008_HU.png?utm_source=en.wikipedia.org&utm_campaign=api&utm_content=thumbnail,French,6,2,4,5,,5,16,0,10
Niki Lauda,MCLAREN,McLaren,MCLAREN,1982,Driver,https://upload.wikimedia.org/wikipedia/commons/thumb/2/2d/Lauda_at_1982_Dutch_Grand_Prix.jpg/330px-Lauda_at_1982_Dutch_Grand_Prix.jpg?utm_source=en.wikipedia.org&utm_campaign=api&utm_content=thumbnail,Austrian,5,2,3,0,,7,14,0,7
Keke Rosberg,WILLIAMS,Williams,WILLIAMS,1982,Driver,https://upload.wikimedia.org/wikipedia/commons/thumb/3/3c/Anefo_932-2378_Keke_Rosberg%2C_Zandvoort%2C_03-07-1982_-_Restoration.jpg/330px-Anefo_932-2378_Keke_Rosberg%2C_Zandvoort%2C_03-07-1982_-_Restoration.jpg?utm_source=en.wikipedia.org&utm_campaign=api&utm_content=thumbnail,Finnish,1,1,6,1,,11,15,1,4
John Watson,MCLAREN,McLaren,MCLAREN,1982,Driver,https://upload.wikimedia.org/wikipedia/commons/thumb/2/21/John_Watson_%282346102684%29.jpg/330px-John_Watson_%282346102684%29.jpg?utm_source=en.wikipedia.org&utm_campaign=api&utm_content=thumbnail,British,3,2,5,0,,10,15,0,4
Michele Alboreto,TYRRELL,Tyrrell,TYRRELL,1982,Driver,https://upload.wikimedia.org/wikipedia/commons/thumb/7/76/SCA_0029_MICHELE_ALBORETO_-_Ferrari_F_1-87_-_1987_neg._125_10x15_R_%28cropped%29.JPG/330px-SCA_0029_MICHELE_ALBORETO_-_Ferrari_F_1-87_-_1987_neg._125_10x15_R_%28cropped%29.JPG?utm_source=en.wikipedia.org&utm_campaign=api&utm_content=thumbnail,Italian,8,1,2,0,,11,16,0,5
Elio de Angelis,TEAM_LOTUS,Team Lotus,TEAM_LOTUS,1982,Driver,https://upload.wikimedia.org/wikipedia/commons/thumb/4/4e/Anefo_932-2371_Elio_de_Angelis_03.07.1982.jpg/330px-Anefo_932-2371_Elio_de_Angelis_03.07.1982.jpg?utm_source=en.wikipedia.org&utm_campaign=api&utm_content=thumbnail,Italian,9,1,1,0,,8,15,0,7
Eliseo Salazar,ATS,ATS,ATS,1982,Driver,https://upload.wikimedia.org/wikipedia/commons/thumb/d/d7/Eliseo_Salazar_%281982%29.jpg/330px-Eliseo_Salazar_%281982%29.jpg?utm_source=en.wikipedia.org&utm_campaign=api&utm_content=thumbnail,Chilean,23,0,0,0,,3,13,0,8
Manfred Winkelhock,ATS,ATS,ATS,1982,Driver,https://upload.wikimedia.org/wikipedia/en/9/98/Manfred_Winkelhock_1984.png?utm_source=en.wikipedia.org&utm_campaign=api&utm_content=thumbnail_unscaled,German,24,0,0,0,,2,13,0,9
Bruno Giacomelli,ALFA,Alfa Romeo,ALFA,1982,Driver,https://upload.wikimedia.org/wikipedia/commons/0/01/Bruno_Giacomelli_1982.jpg?utm_source=en.wikipedia.org&utm_campaign=api&utm_content=thumbnail_unscaled,Italian,22,0,0,0,,4,16,0,9
Jochen Mass,MARCH,March,MARCH,1982,Driver,https://upload.wikimedia.org/wikipedia/commons/thumb/3/34/Mass_at_1982_Dutch_Grand_Prix.jpg/330px-Mass_at_1982_Dutch_Grand_Prix.jpg?utm_source=en.wikipedia.org&utm_campaign=api&utm_content=thumbnail,German,,0,0,0,,4,9,0,3
Andrea de Cesaris,ALFA,Alfa Romeo,ALFA,1982,Driver,https://upload.wikimedia.org/wikipedia/commons/2/22/Andrea_De_Cesaris_1982.jpg?utm_source=en.wikipedia.org&utm_campaign=api&utm_content=thumbnail_unscaled,Italian,17,0,1,1,,5,16,0,10
Derek Daly,WILLIAMS,Williams,WILLIAMS|THEODORE,1982,Driver,https://upload.wikimedia.org/wikipedia/commons/thumb/8/82/Derek_Daly_1982.jpg/330px-Derek_Daly_1982.jpg?utm_source=en.wikipedia.org&utm_campaign=api&utm_content=thumbnail,Irish,13,0,0,0,,8,15,0,6
Raul Boesel,MARCH,March,MARCH,1982,Driver,https://upload.wikimedia.org/wikipedia/commons/thumb/9/98/Raul_Boesel_2007_Mil_Milhas_Brasil.jpg/330px-Raul_Boesel_2007_Mil_Milhas_Brasil.jpg?utm_source=en.wikipedia.org&utm_campaign=api&utm_content=thumbnail,Brazilian,,0,0,0,,2,10,0,6
Chico Serra,FITTIPALDI,Fittipaldi,FITTIPALDI,1982,Driver,https://upload.wikimedia.org/wikipedia/commons/thumb/c/c0/Chico_Serra_2007_Mil_Milhas_Brasil.jpg/330px-Chico_Serra_2007_Mil_Milhas_Brasil.jpg?utm_source=en.wikipedia.org&utm_campaign=api&utm_content=thumbnail,Brazilian,26,0,0,0,,2,9,0,3
Didier Pironi,FERRARI,Ferrari,FERRARI,1982,Driver,https://upload.wikimedia.org/wikipedia/commons/thumb/8/86/Pironi_celebrating_at_1982_Dutch_Grand_Prix_%28cropped%29.jpg/330px-Pironi_celebrating_at_1982_Dutch_Grand_Prix_%28cropped%29.jpg?utm_source=en.wikipedia.org&utm_campaign=api&utm_content=thumbnail,French,2,2,6,2,,8,12,0,3
Jacques Laffite,LIGIER,Ligier,LIGIER,1982,Driver,https://upload.wikimedia.org/wikipedia/commons/thumb/d/d3/Jacques_Laffite_2015.jpg/330px-Jacques_Laffite_2015.jpg?utm_source=en.wikipedia.org&utm_campaign=api&utm_content=thumbnail,French,18,0,1,0,,3,15,0,11
Derek Warwick,TOLEMAN,Toleman,TOLEMAN,1982,Driver,https://upload.wikimedia.org/wikipedia/commons/thumb/4/47/Derek_Warwick_Silverstone_2014.JPG/330px-Derek_Warwick_Silverstone_2014.JPG?utm_source=en.wikipedia.org&utm_campaign=api&utm_content=thumbnail,British,,0,0,0,,1,11,0,9
Riccardo Patrese,BRABHAM,Brabham,BRABHAM,1982,Driver,https://upload.wikimedia.org/wikipedia/commons/3/3e/Riccardo_Patrese_in_the_paddock_before_the_1993_British_Grand_Prix_%2833686653515%29_%28Cropped%29.jpg?utm_source=en.wikipedia.org&utm_campaign=api&utm_content=thumbnail_unscaled,Italian,10,1,3,0,,4,15,0,10
Eddie Cheever,LIGIER,Ligier,LIGIER,1982,Driver,https://upload.wikimedia.org/wikipedia/commons/thumb/8/87/Eddie_Cheever_Jr_2009_Indy_500_Second_Qual_Day.JPG/330px-Eddie_Cheever_Jr_2009_Indy_500_Second_Qual_Day.JPG?utm_source=en.wikipedia.org&utm_campaign=api&utm_content=thumbnail,American,12,0,3,0,,5,14,0,8
Gilles Villeneuve,FERRARI,Ferrari,FERRARI,1982,Driver,https://upload.wikimedia.org/wikipedia/en/3/3f/Gilles_Villeneuve_1979_Portrait.jpg?utm_source=en.wikipedia.org&utm_campaign=api&utm_content=thumbnail_unscaled,Canadian,15,0,1,0,,1,5,0,4
Nelson Piquet,BRABHAM,Brabham,BRABHAM,1982,Driver,https://upload.wikimedia.org/wikipedia/commons/thumb/5/5b/Cerimonia_de_entrega_da_medalha_Bras%C3%ADlia_60_anos_-_16.jpg/330px-Cerimonia_de_entrega_da_medalha_Bras%C3%ADlia_60_anos_-_16.jpg?utm_source=en.wikipedia.org&utm_campaign=api&utm_content=thumbnail,Brazilian,11,1,2,1,,4,14,0,10
Nigel Mansell,TEAM_LOTUS,Team Lotus,TEAM_LOTUS,1982,Driver,https://upload.wikimedia.org/wikipedia/commons/thumb/e/e4/Nigel_Mansell_-_Mexican_Grand_Prix_01_%28cropped%29.jpeg/330px-Nigel_Mansell_-_Mexican_Grand_Prix_01_%28cropped%29.jpeg?utm_source=en.wikipedia.org&utm_campaign=api&utm_content=thumbnail,British,14,0,1,0,,6,13,0,7
Jean-Pierre Jarier,OSELLA,Osella,OSELLA,1982,Driver,https://upload.wikimedia.org/wikipedia/commons/thumb/7/7e/Jean-Pierre_Jarier_en_1976.jpg/330px-Jean-Pierre_Jarier_en_1976.jpg?utm_source=en.wikipedia.org&utm_campaign=api&utm_content=thumbnail,French,20,0,0,0,,2,14,0,11
Mauro Baldi,ARROWS,Arrows,ARROWS,1982,Driver,https://upload.wikimedia.org/wikipedia/commons/thumb/8/80/Mauro_Baldi_1982.jpg/330px-Mauro_Baldi_1982.jpg?utm_source=en.wikipedia.org&utm_campaign=api&utm_content=thumbnail,Italian,25,0,0,0,,5,11,0,4
Brian Henton,TYRRELL,Tyrrell,TYRRELL|ARROWS,1982,Driver,https://upload.wikimedia.org/wikipedia/commons/thumb/4/44/Brian_Henton_-_geograph.org.uk_-_8246719.jpg/330px-Brian_Henton_-_geograph.org.uk_-_8246719.jpg?utm_source=en.wikipedia.org&utm_campaign=api&utm_content=thumbnail,British,,0,0,0,,6,14,0,7
Roberto Guerrero,ENSIGN,Ensign,ENSIGN,1982,Driver,https://upload.wikimedia.org/wikipedia/commons/thumb/3/36/Roberto_Guerrero_2010_Indy_500_Practice_Day_7.JPG/330px-Roberto_Guerrero_2010_Indy_500_Practice_Day_7.JPG?utm_source=en.wikipedia.org&utm_campaign=api&utm_content=thumbnail,Colombian,,0,0,0,,1,9,0,8
Mario Andretti,FERRARI,Ferrari,FERRARI|WILLIAMS,1982,Driver,https://upload.wikimedia.org/wikipedia/commons/thumb/c/c3/Mario_Andretti_Goodwood_Festival_of_Speed_2021_%28cropped%29.jpg/330px-Mario_Andretti_Goodwood_Festival_of_Speed_2021_%28cropped%29.jpg?utm_source=en.wikipedia.org&utm_campaign=api&utm_content=thumbnail,American,19,0,1,1,,1,3,0,2
Teo Fabi,TOLEMAN,Toleman,TOLEMAN,1982,Driver,https://upload.wikimedia.org/wikipedia/commons/thumb/7/76/1985_European_GP_Teo_Fabi.jpg/330px-1985_European_GP_Teo_Fabi.jpg?utm_source=en.wikipedia.org&utm_campaign=api&utm_content=thumbnail,Italian,,0,0,0,,0,7,0,7
Riccardo Paletti,OSELLA,Osella,OSELLA,1982,Driver,https://upload.wikimedia.org/wikipedia/en/8/81/RiccardoPaletti.jpg?utm_source=en.wikipedia.org&utm_campaign=api&utm_content=thumbnail_unscaled,Italian,,0,0,0,,0,3,0,3
Marc Surer,ARROWS,Arrows,ARROWS,1982,Driver,https://upload.wikimedia.org/wikipedia/commons/thumb/3/3e/Marc_Surer_1982.jpg/330px-Marc_Surer_1982.jpg?utm_source=en.wikipedia.org&utm_campaign=api&utm_content=thumbnail,Swiss,21,0,0,0,,7,12,0,3
Geoff Lees,THEODORE,Theodore,THEODORE|TEAM_LOTUS,1982,Driver,https://upload.wikimedia.org/wikipedia/commons/thumb/2/28/Geoff_Lees_Shadow_DN11_2018_British_Grand_Prix_%2829871053688%29.jpg/330px-Geoff_Lees_Shadow_DN11_2018_British_Grand_Prix_%2829871053688%29.jpg?utm_source=en.wikipedia.org&utm_campaign=api&utm_content=thumbnail,British,,0,0,0,,0,2,0,1
Patrick Tambay,FERRARI,Ferrari,FERRARI,1982,Driver,https://upload.wikimedia.org/wikipedia/commons/thumb/d/d1/Zandvoort_circuit_De_striptekenaar_Graton_in_de_pits%2C_NL-HlmNHA_54005237_-_Patrick_Tambay_%28cropped%29.JPG/330px-Zandvoort_circuit_De_striptekenaar_Graton_in_de_pits%2C_NL-HlmNHA_54005237_-_Patrick_Tambay_%28cropped%29.JPG?utm_source=en.wikipedia.org&utm_campaign=api&utm_content=thumbnail,French,7,1,3,0,,6,8,0,2
Jan Lammers,THEODORE,Theodore,THEODORE,1982,Driver,https://upload.wikimedia.org/wikipedia/commons/thumb/4/4e/Jan_Lammers_LeMans24_2017.jpg/330px-Jan_Lammers_LeMans24_2017.jpg?utm_source=en.wikipedia.org&utm_campaign=api&utm_content=thumbnail,Dutch,,0,0,0,,0,1,0,1
Rupert Keegan,MARCH,March,MARCH,1982,Driver,https://upload.wikimedia.org/wikipedia/commons/thumb/8/87/Rupert_Keegan_leaves_the_drivers_briefing_at_the_1978_Monaco_GP_%2850047323536%29_%28cropped%29.jpg/330px-Rupert_Keegan_leaves_the_drivers_briefing_at_the_1978_Monaco_GP_%2850047323536%29_%28cropped%29.jpg?utm_source=en.wikipedia.org&utm_campaign=api&utm_content=thumbnail,British,,0,0,0,,0,3,0,2
Nelson Piquet,BRABHAM,Brabham,BRABHAM,1983,Driver,https://upload.wikimedia.org/wikipedia/commons/thumb/5/5b/Cerimonia_de_entrega_da_medalha_Bras%C3%ADlia_60_anos_-_16.jpg/330px-Cerimonia_de_entrega_da_medalha_Bras%C3%ADlia_60_anos_-_16.jpg?utm_source=en.wikipedia.org&utm_campaign=api&utm_content=thumbnail,Brazilian,1,3,8,1,,10,15,1,4
Niki Lauda,MCLAREN,McLaren,MCLAREN,1983,Driver,https://upload.wikimedia.org/wikipedia/commons/thumb/2/2d/Lauda_at_1982_Dutch_Grand_Prix.jpg/330px-Lauda_at_1982_Dutch_Grand_Prix.jpg?utm_source=en.wikipedia.org&utm_campaign=api&utm_content=thumbnail,Austrian,10,0,2,0,,4,14,0,8
Jacques Laffite,WILLIAMS,Williams,WILLIAMS,1983,Driver,https://upload.wikimedia.org/wikipedia/commons/thumb/d/d3/Jacques_Laffite_2015.jpg/330px-Jacques_Laffite_2015.jpg?utm_source=en.wikipedia.org&utm_campaign=api&utm_content=thumbnail,French,11,0,1,0,,7,13,0,5
Patrick Tambay,FERRARI,Ferrari,FERRARI,1983,Driver,https://upload.wikimedia.org/wikipedia/commons/thumb/d/d1/Zandvoort_circuit_De_striptekenaar_Graton_in_de_pits%2C_NL-HlmNHA_54005237_-_Patrick_Tambay_%28cropped%29.JPG/330px-Zandvoort_circuit_De_striptekenaar_Graton_in_de_pits%2C_NL-HlmNHA_54005237_-_Patrick_Tambay_%28cropped%29.JPG?utm_source=en.wikipedia.org&utm_campaign=api&utm_content=thumbnail,French,4,1,5,4,,9,15,0,6
Marc Surer,ARROWS,Arrows,ARROWS,1983,Driver,https://upload.wikimedia.org/wikipedia/commons/thumb/3/3e/Marc_Surer_1982.jpg/330px-Marc_Surer_1982.jpg?utm_source=en.wikipedia.org&utm_campaign=api&utm_content=thumbnail,Swiss,15,0,0,0,,8,15,0,4
Alain Prost,RENAULT,Renault,RENAULT,1983,Driver,https://upload.wikimedia.org/wikipedia/commons/thumb/7/74/Festival_automobile_international_2015_-_Photocall_-_065_%28cropped3%29.jpg/330px-Festival_automobile_international_2015_-_Photocall_-_065_%28cropped3%29.jpg?utm_source=en.wikipedia.org&utm_campaign=api&utm_content=thumbnail,French,2,4,7,3,,11,15,0,3
Derek Warwick,TOLEMAN,Toleman,TOLEMAN,1983,Driver,https://upload.wikimedia.org/wikipedia/commons/thumb/4/47/Derek_Warwick_Silverstone_2014.JPG/330px-Derek_Warwick_Silverstone_2014.JPG?utm_source=en.wikipedia.org&utm_campaign=api&utm_content=thumbnail,British,14,0,0,0,,6,15,0,9
Chico Serra,ARROWS,Arrows,ARROWS,1983,Driver,https://upload.wikimedia.org/wikipedia/commons/thumb/c/c0/Chico_Serra_2007_Mil_Milhas_Brasil.jpg/330px-Chico_Serra_2007_Mil_Milhas_Brasil.jpg?utm_source=en.wikipedia.org&utm_campaign=api&utm_content=thumbnail,Brazilian,,0,0,0,,3,4,0,1
René Arnoux,FERRARI,Ferrari,FERRARI,1983,Driver,https://upload.wikimedia.org/wikipedia/commons/thumb/6/6f/Rene_Arnoux_WSR2008_HU.png/330px-Rene_Arnoux_WSR2008_HU.png?utm_source=en.wikipedia.org&utm_campaign=api&utm_content=thumbnail,French,3,3,7,4,,11,15,0,4
Danny Sullivan,TYRRELL,Tyrrell,TYRRELL,1983,Driver,https://upload.wikimedia.org/wikipedia/commons/thumb/1/18/DannySullivanAt2015indy500.JPG/330px-DannySullivanAt2015indy500.JPG?utm_source=en.wikipedia.org&utm_campaign=api&utm_content=thumbnail,American,17,0,0,0,,4,15,0,8
Nigel Mansell,TEAM_LOTUS,Team Lotus,TEAM_LOTUS,1983,Driver,https://upload.wikimedia.org/wikipedia/commons/thumb/e/e4/Nigel_Mansell_-_Mexican_Grand_Prix_01_%28cropped%29.jpeg/330px-Nigel_Mansell_-_Mexican_Grand_Prix_01_%28cropped%29.jpeg?utm_source=en.wikipedia.org&utm_campaign=api&utm_content=thumbnail,British,13,0,1,0,,5,15,0,7
Johnny Cecotto,THEODORE,Theodore,THEODORE,1983,Driver,https://upload.wikimedia.org/wikipedia/commons/thumb/4/44/Johnny_Cecotto_%281978%29.jpg/330px-Johnny_Cecotto_%281978%29.jpg?utm_source=en.wikipedia.org&utm_campaign=api&utm_content=thumbnail,Venezuelan,20,0,0,0,,2,9,0,3
Eliseo Salazar,RAM,RAM,RAM,1983,Driver,https://upload.wikimedia.org/wikipedia/commons/thumb/d/d7/Eliseo_Salazar_%281982%29.jpg/330px-Eliseo_Salazar_%281982%29.jpg?utm_source=en.wikipedia.org&utm_campaign=api&utm_content=thumbnail,Chilean,,0,0,0,,0,2,0,1
Manfred Winkelhock,ATS,ATS,ATS,1983,Driver,https://upload.wikimedia.org/wikipedia/en/9/98/Manfred_Winkelhock_1984.png?utm_source=en.wikipedia.org&utm_campaign=api&utm_content=thumbnail_unscaled,German,,0,0,0,,2,14,0,10
Keke Rosberg,WILLIAMS,Williams,WILLIAMS,1983,Driver,https://upload.wikimedia.org/wikipedia/commons/thumb/3/3c/Anefo_932-2378_Keke_Rosberg%2C_Zandvoort%2C_03-07-1982_-_Restoration.jpg/330px-Anefo_932-2378_Keke_Rosberg%2C_Zandvoort%2C_03-07-1982_-_Restoration.jpg?utm_source=en.wikipedia.org&utm_campaign=api&utm_content=thumbnail,Finnish,5,1,2,1,,9,15,0,4
Elio de Angelis,TEAM_LOTUS,Team Lotus,TEAM_LOTUS,1983,Driver,https://upload.wikimedia.org/wikipedia/commons/thumb/4/4e/Anefo_932-2371_Elio_de_Angelis_03.07.1982.jpg/330px-Anefo_932-2371_Elio_de_Angelis_03.07.1982.jpg?utm_source=en.wikipedia.org&utm_campaign=api&utm_content=thumbnail,Italian,18,0,0,1,,2,15,0,13
Roberto Guerrero,THEODORE,Theodore,THEODORE,1983,Driver,https://upload.wikimedia.org/wikipedia/commons/thumb/3/36/Roberto_Guerrero_2010_Indy_500_Practice_Day_7.JPG/330px-Roberto_Guerrero_2010_Indy_500_Practice_Day_7.JPG?utm_source=en.wikipedia.org&utm_campaign=api&utm_content=thumbnail,Colombian,,0,0,0,,0,13,0,9
Eddie Cheever,RENAULT,Renault,RENAULT,1983,Driver,https://upload.wikimedia.org/wikipedia/commons/thumb/8/87/Eddie_Cheever_Jr_2009_Indy_500_Second_Qual_Day.JPG/330px-Eddie_Cheever_Jr_2009_Indy_500_Second_Qual_Day.JPG?utm_source=en.wikipedia.org&utm_campaign=api&utm_content=thumbnail,American,7,0,4,0,,7,15,0,7
John Watson,MCLAREN,McLaren,MCLAREN,1983,Driver,https://upload.wikimedia.org/wikipedia/commons/thumb/2/21/John_Watson_%282346102684%29.jpg/330px-John_Watson_%282346102684%29.jpg?utm_source=en.wikipedia.org&utm_campaign=api&utm_content=thumbnail,British,6,1,3,0,,8,14,0,6
Raul Boesel,LIGIER,Ligier,LIGIER,1983,Driver,https://upload.wikimedia.org/wikipedia/commons/thumb/9/98/Raul_Boesel_2007_Mil_Milhas_Brasil.jpg/330px-Raul_Boesel_2007_Mil_Milhas_Brasil.jpg?utm_source=en.wikipedia.org&utm_campaign=api&utm_content=thumbnail,Brazilian,,0,0,0,,4,13,0,7
Mauro Baldi,ALFA,Alfa Romeo,ALFA,1983,Driver,https://upload.wikimedia.org/wikipedia/commons/thumb/8/80/Mauro_Baldi_1982.jpg/330px-Mauro_Baldi_1982.jpg?utm_source=en.wikipedia.org&utm_campaign=api&utm_content=thumbnail,Italian,16,0,0,0,,5,15,0,9
Jean-Pierre Jarier,LIGIER,Ligier,LIGIER,1983,Driver,https://upload.wikimedia.org/wikipedia/commons/thumb/7/7e/Jean-Pierre_Jarier_en_1976.jpg/330px-Jean-Pierre_Jarier_en_1976.jpg?utm_source=en.wikipedia.org&utm_campaign=api&utm_content=thumbnail,French,,0,0,0,,6,15,0,9
Riccardo Patrese,BRABHAM,Brabham,BRABHAM,1983,Driver,https://upload.wikimedia.org/wikipedia/commons/3/3e/Riccardo_Patrese_in_the_paddock_before_the_1993_British_Grand_Prix_%2833686653515%29_%28Cropped%29.jpg?utm_source=en.wikipedia.org&utm_campaign=api&utm_content=thumbnail_unscaled,Italian,9,1,2,1,,5,15,0,10
Corrado Fabi,OSELLA,Osella,OSELLA,1983,Driver,https://upload.wikimedia.org/wikipedia/commons/thumb/d/d8/Corrado_Fabi_Brabham_BT53_1984_Dallas_F1.jpg/330px-Corrado_Fabi_Brabham_BT53_1984_Dallas_F1.jpg?utm_source=en.wikipedia.org&utm_campaign=api&utm_content=thumbnail,Italian,,0,0,0,,1,10,0,8
Bruno Giacomelli,TOLEMAN,Toleman,TOLEMAN,1983,Driver,https://upload.wikimedia.org/wikipedia/commons/0/01/Bruno_Giacomelli_1982.jpg?utm_source=en.wikipedia.org&utm_campaign=api&utm_content=thumbnail_unscaled,Italian,19,0,0,0,,4,14,0,8
Michele Alboreto,TYRRELL,Tyrrell,TYRRELL,1983,Driver,https://upload.wikimedia.org/wikipedia/commons/thumb/7/76/SCA_0029_MICHELE_ALBORETO_-_Ferrari_F_1-87_-_1987_neg._125_10x15_R_%28cropped%29.JPG/330px-SCA_0029_MICHELE_ALBORETO_-_Ferrari_F_1-87_-_1987_neg._125_10x15_R_%28cropped%29.JPG?utm_source=en.wikipedia.org&utm_campaign=api&utm_content=thumbnail,Italian,12,1,1,0,,5,15,0,8
Alan Jones,ARROWS,Arrows,ARROWS,1983,Driver,https://upload.wikimedia.org/wikipedia/commons/thumb/c/ce/Jones_alan.JPG/330px-Jones_alan.JPG?utm_source=en.wikipedia.org&utm_campaign=api&utm_content=thumbnail,Australian,,0,0,0,,0,1,0,1
Andrea de Cesaris,ALFA,Alfa Romeo,ALFA,1983,Driver,https://upload.wikimedia.org/wikipedia/commons/2/22/Andrea_De_Cesaris_1982.jpg?utm_source=en.wikipedia.org&utm_campaign=api&utm_content=thumbnail_unscaled,Italian,8,0,2,0,,4,14,0,9
Thierry Boutsen,ARROWS,Arrows,ARROWS,1983,Driver,https://upload.wikimedia.org/wikipedia/commons/thumb/4/4b/Thierry_Boutsen_at_the_2026_Adelaide_Motorsport_Festival_%28028A6498%29.jpg/330px-Thierry_Boutsen_at_the_2026_Adelaide_Motorsport_Festival_%28028A6498%29.jpg?utm_source=en.wikipedia.org&utm_campaign=api&utm_content=thumbnail,Belgian,,0,0,0,,4,10,0,2
Piercarlo Ghinzani,OSELLA,Osella,OSELLA,1983,Driver,https://upload.wikimedia.org/wikipedia/commons/thumb/6/6c/1985_European_GP_Piercarlo_Ghinzani_%28cropped%29.jpg/330px-1985_European_GP_Piercarlo_Ghinzani_%28cropped%29.jpg?utm_source=en.wikipedia.org&utm_campaign=api&utm_content=thumbnail,Italian,,0,0,0,,0,7,0,6
Stefan Johansson,SPIRIT,Spirit,SPIRIT,1983,Driver,https://upload.wikimedia.org/wikipedia/commons/thumb/0/0f/Stefan_Johansson_at_the_2026_Adelaide_Motorsport_Festival_%28028A6526%29.jpg/330px-Stefan_Johansson_at_the_2026_Adelaide_Motorsport_Festival_%28028A6526%29.jpg?utm_source=en.wikipedia.org&utm_campaign=api&utm_content=thumbnail,Swedish,,0,0,0,,1,6,0,3
Jonathan Palmer,WILLIAMS,Williams,WILLIAMS,1983,Driver,https://upload.wikimedia.org/wikipedia/commons/thumb/2/2b/Jonathan_Palmer_Profile.jpg/330px-Jonathan_Palmer_Profile.jpg?utm_source=en.wikipedia.org&utm_campaign=api&utm_content=thumbnail,British,,0,0,0,,0,1,0,0
Alain Prost,MCLAREN,McLaren,MCLAREN,1984,Driver,https://upload.wikimedia.org/wikipedia/commons/thumb/7/74/Festival_automobile_international_2015_-_Photocall_-_065_%28cropped3%29.jpg/330px-Festival_automobile_international_2015_-_Photocall_-_065_%28cropped3%29.jpg?utm_source=en.wikipedia.org&utm_campaign=api&utm_content=thumbnail,French,2,7,9,3,,11,16,0,5
Keke Rosberg,WILLIAMS,Williams,WILLIAMS,1984,Driver,https://upload.wikimedia.org/wikipedia/commons/thumb/3/3c/Anefo_932-2378_Keke_Rosberg%2C_Zandvoort%2C_03-07-1982_-_Restoration.jpg/330px-Anefo_932-2378_Keke_Rosberg%2C_Zandvoort%2C_03-07-1982_-_Restoration.jpg?utm_source=en.wikipedia.org&utm_campaign=api&utm_content=thumbnail,Finnish,8,1,2,0,,6,16,0,10
Elio de Angelis,TEAM_LOTUS,Team Lotus,TEAM_LOTUS,1984,Driver,https://upload.wikimedia.org/wikipedia/commons/thumb/4/4e/Anefo_932-2371_Elio_de_Angelis_03.07.1982.jpg/330px-Anefo_932-2371_Elio_de_Angelis_03.07.1982.jpg?utm_source=en.wikipedia.org&utm_campaign=api&utm_content=thumbnail,Italian,3,0,4,1,,12,16,0,4
Eddie Cheever,ALFA,Alfa Romeo,ALFA,1984,Driver,https://upload.wikimedia.org/wikipedia/commons/thumb/8/87/Eddie_Cheever_Jr_2009_Indy_500_Second_Qual_Day.JPG/330px-Eddie_Cheever_Jr_2009_Indy_500_Second_Qual_Day.JPG?utm_source=en.wikipedia.org&utm_campaign=api&utm_content=thumbnail,American,16,0,0,0,,3,15,0,9
Patrick Tambay,RENAULT,Renault,RENAULT,1984,Driver,https://upload.wikimedia.org/wikipedia/commons/thumb/d/d1/Zandvoort_circuit_De_striptekenaar_Graton_in_de_pits%2C_NL-HlmNHA_54005237_-_Patrick_Tambay_%28cropped%29.JPG/330px-Zandvoort_circuit_De_striptekenaar_Graton_in_de_pits%2C_NL-HlmNHA_54005237_-_Patrick_Tambay_%28cropped%29.JPG?utm_source=en.wikipedia.org&utm_campaign=api&utm_content=thumbnail,French,11,0,1,1,,7,15,0,8
Thierry Boutsen,ARROWS,Arrows,ARROWS,1984,Driver,https://upload.wikimedia.org/wikipedia/commons/thumb/4/4b/Thierry_Boutsen_at_the_2026_Adelaide_Motorsport_Festival_%28028A6498%29.jpg/330px-Thierry_Boutsen_at_the_2026_Adelaide_Motorsport_Festival_%28028A6498%29.jpg?utm_source=en.wikipedia.org&utm_campaign=api&utm_content=thumbnail,Belgian,15,0,0,0,,5,15,0,8
Marc Surer,ARROWS,Arrows,ARROWS,1984,Driver,https://upload.wikimedia.org/wikipedia/commons/thumb/3/3e/Marc_Surer_1982.jpg/330px-Marc_Surer_1982.jpg?utm_source=en.wikipedia.org&utm_campaign=api&utm_content=thumbnail,Swiss,20,0,0,0,,4,15,0,10
Jonathan Palmer,RAM,RAM,RAM,1984,Driver,https://upload.wikimedia.org/wikipedia/commons/thumb/2/2b/Jonathan_Palmer_Profile.jpg/330px-Jonathan_Palmer_Profile.jpg?utm_source=en.wikipedia.org&utm_campaign=api&utm_content=thumbnail,British,,0,0,0,,5,14,0,8
Martin Brundle,TYRRELL,Tyrrell,TYRRELL,1984,Driver,https://upload.wikimedia.org/wikipedia/commons/thumb/3/36/Martin_Brundle_2021_%2851591210921%29_%28cropped%29.jpg/330px-Martin_Brundle_2021_%2851591210921%29_%28cropped%29.jpg?utm_source=en.wikipedia.org&utm_campaign=api&utm_content=thumbnail,British,,0,0,0,,0,7,0,7
Derek Warwick,RENAULT,Renault,RENAULT,1984,Driver,https://upload.wikimedia.org/wikipedia/commons/thumb/4/47/Derek_Warwick_Silverstone_2014.JPG/330px-Derek_Warwick_Silverstone_2014.JPG?utm_source=en.wikipedia.org&utm_campaign=api&utm_content=thumbnail,British,7,0,4,0,,5,16,0,10
Andrea de Cesaris,LIGIER,Ligier,LIGIER,1984,Driver,https://upload.wikimedia.org/wikipedia/commons/2/22/Andrea_De_Cesaris_1982.jpg?utm_source=en.wikipedia.org&utm_campaign=api&utm_content=thumbnail_unscaled,Italian,18,0,0,0,,6,16,0,9
Riccardo Patrese,ALFA,Alfa Romeo,ALFA,1984,Driver,https://upload.wikimedia.org/wikipedia/commons/3/3e/Riccardo_Patrese_in_the_paddock_before_the_1993_British_Grand_Prix_%2833686653515%29_%28Cropped%29.jpg?utm_source=en.wikipedia.org&utm_campaign=api&utm_content=thumbnail_unscaled,Italian,13,0,1,0,,5,16,0,10
Niki Lauda,MCLAREN,McLaren,MCLAREN,1984,Driver,https://upload.wikimedia.org/wikipedia/commons/thumb/2/2d/Lauda_at_1982_Dutch_Grand_Prix.jpg/330px-Lauda_at_1982_Dutch_Grand_Prix.jpg?utm_source=en.wikipedia.org&utm_campaign=api&utm_content=thumbnail,Austrian,1,5,9,0,,10,16,1,6
Nigel Mansell,TEAM_LOTUS,Team Lotus,TEAM_LOTUS,1984,Driver,https://upload.wikimedia.org/wikipedia/commons/thumb/e/e4/Nigel_Mansell_-_Mexican_Grand_Prix_01_%28cropped%29.jpeg/330px-Nigel_Mansell_-_Mexican_Grand_Prix_01_%28cropped%29.jpeg?utm_source=en.wikipedia.org&utm_campaign=api&utm_content=thumbnail,British,10,0,2,1,,5,16,0,11
Nelson Piquet,BRABHAM,Brabham,BRABHAM,1984,Driver,https://upload.wikimedia.org/wikipedia/commons/thumb/5/5b/Cerimonia_de_entrega_da_medalha_Bras%C3%ADlia_60_anos_-_16.jpg/330px-Cerimonia_de_entrega_da_medalha_Bras%C3%ADlia_60_anos_-_16.jpg?utm_source=en.wikipedia.org&utm_campaign=api&utm_content=thumbnail,Brazilian,5,2,4,9,,7,16,0,9
Teo Fabi,BRABHAM,Brabham,BRABHAM,1984,Driver,https://upload.wikimedia.org/wikipedia/commons/thumb/7/76/1985_European_GP_Teo_Fabi.jpg/330px-1985_European_GP_Teo_Fabi.jpg?utm_source=en.wikipedia.org&utm_campaign=api&utm_content=thumbnail,Italian,12,0,1,0,,4,12,0,8
René Arnoux,FERRARI,Ferrari,FERRARI,1984,Driver,https://upload.wikimedia.org/wikipedia/commons/thumb/6/6f/Rene_Arnoux_WSR2008_HU.png/330px-Rene_Arnoux_WSR2008_HU.png?utm_source=en.wikipedia.org&utm_campaign=api&utm_content=thumbnail,French,6,0,4,0,,11,16,0,4
Piercarlo Ghinzani,OSELLA,Osella,OSELLA,1984,Driver,https://upload.wikimedia.org/wikipedia/commons/thumb/6/6c/1985_European_GP_Piercarlo_Ghinzani_%28cropped%29.jpg/330px-1985_European_GP_Piercarlo_Ghinzani_%28cropped%29.jpg?utm_source=en.wikipedia.org&utm_campaign=api&utm_content=thumbnail,Italian,19,0,0,0,,4,15,0,10
Philippe Alliot,RAM,RAM,RAM,1984,Driver,https://upload.wikimedia.org/wikipedia/commons/thumb/3/38/Philippe_Alliot_en_1993_%28bearb_Sp%29.jpg/330px-Philippe_Alliot_en_1993_%28bearb_Sp%29.jpg?utm_source=en.wikipedia.org&utm_campaign=api&utm_content=thumbnail,French,,0,0,0,,2,13,0,10
Johnny Cecotto,TOLEMAN,Toleman,TOLEMAN,1984,Driver,https://upload.wikimedia.org/wikipedia/commons/thumb/4/44/Johnny_Cecotto_%281978%29.jpg/330px-Johnny_Cecotto_%281978%29.jpg?utm_source=en.wikipedia.org&utm_campaign=api&utm_content=thumbnail,Venezuelan,,0,0,0,,1,9,0,8
Jacques Laffite,WILLIAMS,Williams,WILLIAMS,1984,Driver,https://upload.wikimedia.org/wikipedia/commons/thumb/d/d3/Jacques_Laffite_2015.jpg/330px-Jacques_Laffite_2015.jpg?utm_source=en.wikipedia.org&utm_campaign=api&utm_content=thumbnail,French,14,0,0,0,,4,16,0,11
Michele Alboreto,FERRARI,Ferrari,FERRARI,1984,Driver,https://upload.wikimedia.org/wikipedia/commons/thumb/7/76/SCA_0029_MICHELE_ALBORETO_-_Ferrari_F_1-87_-_1987_neg._125_10x15_R_%28cropped%29.JPG/330px-SCA_0029_MICHELE_ALBORETO_-_Ferrari_F_1-87_-_1987_neg._125_10x15_R_%28cropped%29.JPG?utm_source=en.wikipedia.org&utm_campaign=api&utm_content=thumbnail,Italian,4,1,4,1,,7,16,0,8
Mauro Baldi,SPIRIT,Spirit,SPIRIT,1984,Driver,https://upload.wikimedia.org/wikipedia/commons/thumb/8/80/Mauro_Baldi_1982.jpg/330px-Mauro_Baldi_1982.jpg?utm_source=en.wikipedia.org&utm_campaign=api&utm_content=thumbnail,Italian,,0,0,0,,3,7,0,3
Stefan Bellof,TYRRELL,Tyrrell,TYRRELL,1984,Driver,https://upload.wikimedia.org/wikipedia/commons/thumb/e/e1/Stefan_Bellof_7508-cropped.jpg/330px-Stefan_Bellof_7508-cropped.jpg?utm_source=en.wikipedia.org&utm_campaign=api&utm_content=thumbnail,German,,0,0,0,,0,12,0,12
Ayrton Senna,TOLEMAN,Toleman,TOLEMAN,1984,Driver,https://upload.wikimedia.org/wikipedia/commons/9/9f/Ayrton_Senna_Pesawat_RC_Cropped.jpg?utm_source=en.wikipedia.org&utm_campaign=api&utm_content=thumbnail_unscaled,Brazilian,9,0,3,0,,6,14,0,8
Manfred Winkelhock,ATS,ATS,ATS|BRABHAM,1984,Driver,https://upload.wikimedia.org/wikipedia/en/9/98/Manfred_Winkelhock_1984.png?utm_source=en.wikipedia.org&utm_campaign=api&utm_content=thumbnail_unscaled,German,,0,0,0,,3,14,0,11
Corrado Fabi,BRABHAM,Brabham,BRABHAM,1984,Driver,https://upload.wikimedia.org/wikipedia/commons/thumb/d/d8/Corrado_Fabi_Brabham_BT53_1984_Dallas_F1.jpg/330px-Corrado_Fabi_Brabham_BT53_1984_Dallas_F1.jpg?utm_source=en.wikipedia.org&utm_campaign=api&utm_content=thumbnail,Italian,,0,0,0,,1,3,0,2
Huub Rothengatter,SPIRIT,Spirit,SPIRIT,1984,Driver,https://upload.wikimedia.org/wikipedia/commons/thumb/7/72/Huub_Rothengatter_in_1977.jpg/330px-Huub_Rothengatter_in_1977.jpg?utm_source=en.wikipedia.org&utm_campaign=api&utm_content=thumbnail,Dutch,,0,0,0,,2,7,0,5
Mike Thackwell,RAM,RAM,RAM,1984,Driver,https://upload.wikimedia.org/wikipedia/commons/thumb/5/5b/2011_11_2_Imperial_Palace_Harrahs_Auto_collection-1-64_-_Flickr_-_Moto%40Club4AG.jpg/330px-2011_11_2_Imperial_Palace_Harrahs_Auto_collection-1-64_-_Flickr_-_Moto%40Club4AG.jpg?utm_source=en.wikipedia.org&utm_campaign=api&utm_content=thumbnail,New Zealander,,0,0,0,,0,1,0,1
Stefan Johansson,TYRRELL,Tyrrell,TYRRELL|TOLEMAN,1984,Driver,https://upload.wikimedia.org/wikipedia/commons/thumb/0/0f/Stefan_Johansson_at_the_2026_Adelaide_Motorsport_Festival_%28028A6526%29.jpg/330px-Stefan_Johansson_at_the_2026_Adelaide_Motorsport_Festival_%28028A6526%29.jpg?utm_source=en.wikipedia.org&utm_campaign=api&utm_content=thumbnail,Swedish,17,0,0,0,,1,6,0,4
Gerhard Berger,ATS,ATS,ATS,1984,Driver,https://upload.wikimedia.org/wikipedia/commons/thumb/c/c9/Gerhard_Berger_1991USA_%28cropped%29.jpg/330px-Gerhard_Berger_1991USA_%28cropped%29.jpg?utm_source=en.wikipedia.org&utm_campaign=api&utm_content=thumbnail,Austrian,,0,0,0,,1,4,0,1
Philippe Streiff,RENAULT,Renault,RENAULT,1984,Driver,https://upload.wikimedia.org/wikipedia/commons/thumb/c/c7/Festival_automobile_international_2014_-_Photocall_-_019.jpg/330px-Festival_automobile_international_2014_-_Photocall_-_019.jpg?utm_source=en.wikipedia.org&utm_campaign=api&utm_content=thumbnail,French,,0,0,0,,0,1,0,1
Alain Prost,MCLAREN,McLaren,MCLAREN,1985,Driver,https://upload.wikimedia.org/wikipedia/commons/thumb/7/74/Festival_automobile_international_2015_-_Photocall_-_065_%28cropped3%29.jpg/330px-Festival_automobile_international_2015_-_Photocall_-_065_%28cropped3%29.jpg?utm_source=en.wikipedia.org&utm_campaign=api&utm_content=thumbnail,French,1,5,11,2,,12,16,1,4
Michele Alboreto,FERRARI,Ferrari,FERRARI,1985,Driver,https://upload.wikimedia.org/wikipedia/commons/thumb/7/76/SCA_0029_MICHELE_ALBORETO_-_Ferrari_F_1-87_-_1987_neg._125_10x15_R_%28cropped%29.JPG/330px-SCA_0029_MICHELE_ALBORETO_-_Ferrari_F_1-87_-_1987_neg._125_10x15_R_%28cropped%29.JPG?utm_source=en.wikipedia.org&utm_campaign=api&utm_content=thumbnail,Italian,2,2,8,1,,9,16,0,6
Elio de Angelis,TEAM_LOTUS,Team Lotus,TEAM_LOTUS,1985,Driver,https://upload.wikimedia.org/wikipedia/commons/thumb/4/4e/Anefo_932-2371_Elio_de_Angelis_03.07.1982.jpg/330px-Anefo_932-2371_Elio_de_Angelis_03.07.1982.jpg?utm_source=en.wikipedia.org&utm_campaign=api&utm_content=thumbnail,Italian,5,1,3,1,,11,16,0,5
René Arnoux,FERRARI,Ferrari,FERRARI,1985,Driver,https://upload.wikimedia.org/wikipedia/commons/thumb/6/6f/Rene_Arnoux_WSR2008_HU.png/330px-Rene_Arnoux_WSR2008_HU.png?utm_source=en.wikipedia.org&utm_campaign=api&utm_content=thumbnail,French,19,0,0,0,,1,1,0,0
Patrick Tambay,RENAULT,Renault,RENAULT,1985,Driver,https://upload.wikimedia.org/wikipedia/commons/thumb/d/d1/Zandvoort_circuit_De_striptekenaar_Graton_in_de_pits%2C_NL-HlmNHA_54005237_-_Patrick_Tambay_%28cropped%29.JPG/330px-Zandvoort_circuit_De_striptekenaar_Graton_in_de_pits%2C_NL-HlmNHA_54005237_-_Patrick_Tambay_%28cropped%29.JPG?utm_source=en.wikipedia.org&utm_campaign=api&utm_content=thumbnail,French,12,0,2,0,,7,15,0,7
Jacques Laffite,LIGIER,Ligier,LIGIER,1985,Driver,https://upload.wikimedia.org/wikipedia/commons/thumb/d/d3/Jacques_Laffite_2015.jpg/330px-Jacques_Laffite_2015.jpg?utm_source=en.wikipedia.org&utm_campaign=api&utm_content=thumbnail,French,9,0,3,0,,6,15,0,7
Stefan Johansson,FERRARI,Ferrari,FERRARI|TYRRELL,1985,Driver,https://upload.wikimedia.org/wikipedia/commons/thumb/0/0f/Stefan_Johansson_at_the_2026_Adelaide_Motorsport_Festival_%28028A6526%29.jpg/330px-Stefan_Johansson_at_the_2026_Adelaide_Motorsport_Festival_%28028A6526%29.jpg?utm_source=en.wikipedia.org&utm_campaign=api&utm_content=thumbnail,Swedish,7,0,2,0,,11,16,0,5
Martin Brundle,TYRRELL,Tyrrell,TYRRELL,1985,Driver,https://upload.wikimedia.org/wikipedia/commons/thumb/3/36/Martin_Brundle_2021_%2851591210921%29_%28cropped%29.jpg/330px-Martin_Brundle_2021_%2851591210921%29_%28cropped%29.jpg?utm_source=en.wikipedia.org&utm_campaign=api&utm_content=thumbnail,British,,0,0,0,,8,15,0,5
Philippe Alliot,RAM,RAM,RAM,1985,Driver,https://upload.wikimedia.org/wikipedia/commons/thumb/3/38/Philippe_Alliot_en_1993_%28bearb_Sp%29.jpg/330px-Philippe_Alliot_en_1993_%28bearb_Sp%29.jpg?utm_source=en.wikipedia.org&utm_campaign=api&utm_content=thumbnail,French,,0,0,0,,1,13,0,12
Derek Warwick,RENAULT,Renault,RENAULT,1985,Driver,https://upload.wikimedia.org/wikipedia/commons/thumb/4/47/Derek_Warwick_Silverstone_2014.JPG/330px-Derek_Warwick_Silverstone_2014.JPG?utm_source=en.wikipedia.org&utm_campaign=api&utm_content=thumbnail,British,14,0,0,0,,7,15,0,8
Thierry Boutsen,ARROWS,Arrows,ARROWS,1985,Driver,https://upload.wikimedia.org/wikipedia/commons/thumb/4/4b/Thierry_Boutsen_at_the_2026_Adelaide_Motorsport_Festival_%28028A6498%29.jpg/330px-Thierry_Boutsen_at_the_2026_Adelaide_Motorsport_Festival_%28028A6498%29.jpg?utm_source=en.wikipedia.org&utm_campaign=api&utm_content=thumbnail,Belgian,11,0,1,0,,11,16,0,4
Piercarlo Ghinzani,OSELLA,Osella,OSELLA|TOLEMAN,1985,Driver,https://upload.wikimedia.org/wikipedia/commons/thumb/6/6c/1985_European_GP_Piercarlo_Ghinzani_%28cropped%29.jpg/330px-1985_European_GP_Piercarlo_Ghinzani_%28cropped%29.jpg?utm_source=en.wikipedia.org&utm_campaign=api&utm_content=thumbnail,Italian,,0,0,0,,1,14,0,11
Manfred Winkelhock,RAM,RAM,RAM,1985,Driver,https://upload.wikimedia.org/wikipedia/en/9/98/Manfred_Winkelhock_1984.png?utm_source=en.wikipedia.org&utm_campaign=api&utm_content=thumbnail_unscaled,German,,0,0,0,,0,8,0,6
Gerhard Berger,ARROWS,Arrows,ARROWS,1985,Driver,https://upload.wikimedia.org/wikipedia/commons/thumb/c/c9/Gerhard_Berger_1991USA_%28cropped%29.jpg/330px-Gerhard_Berger_1991USA_%28cropped%29.jpg?utm_source=en.wikipedia.org&utm_campaign=api&utm_content=thumbnail,Austrian,20,0,0,0,,7,16,0,7
Ayrton Senna,TEAM_LOTUS,Team Lotus,TEAM_LOTUS,1985,Driver,https://upload.wikimedia.org/wikipedia/commons/9/9f/Ayrton_Senna_Pesawat_RC_Cropped.jpg?utm_source=en.wikipedia.org&utm_campaign=api&utm_content=thumbnail_unscaled,Brazilian,4,2,6,7,,8,16,0,7
Eddie Cheever,ALFA,Alfa Romeo,ALFA,1985,Driver,https://upload.wikimedia.org/wikipedia/commons/thumb/8/87/Eddie_Cheever_Jr_2009_Indy_500_Second_Qual_Day.JPG/330px-Eddie_Cheever_Jr_2009_Indy_500_Second_Qual_Day.JPG?utm_source=en.wikipedia.org&utm_campaign=api&utm_content=thumbnail,American,,0,0,0,,2,16,0,12
Pierluigi Martini,MINARDI,Minardi,MINARDI,1985,Driver,https://upload.wikimedia.org/wikipedia/commons/thumb/5/58/Pierluigi_Martini_celebrates_on_the_podium_at_the_1999_Le_Mans_%2851889440091%29.jpg/330px-Pierluigi_Martini_celebrates_on_the_podium_at_the_1999_Le_Mans_%2851889440091%29.jpg?utm_source=en.wikipedia.org&utm_campaign=api&utm_content=thumbnail,Italian,,0,0,0,,1,15,0,12
Niki Lauda,MCLAREN,McLaren,MCLAREN,1985,Driver,https://upload.wikimedia.org/wikipedia/commons/thumb/2/2d/Lauda_at_1982_Dutch_Grand_Prix.jpg/330px-Lauda_at_1982_Dutch_Grand_Prix.jpg?utm_source=en.wikipedia.org&utm_campaign=api&utm_content=thumbnail,Austrian,10,1,1,0,,3,14,0,11
Andrea de Cesaris,LIGIER,Ligier,LIGIER,1985,Driver,https://upload.wikimedia.org/wikipedia/commons/2/22/Andrea_De_Cesaris_1982.jpg?utm_source=en.wikipedia.org&utm_campaign=api&utm_content=thumbnail_unscaled,Italian,17,0,0,0,,2,11,0,8
Riccardo Patrese,ALFA,Alfa Romeo,ALFA,1985,Driver,https://upload.wikimedia.org/wikipedia/commons/3/3e/Riccardo_Patrese_in_the_paddock_before_the_1993_British_Grand_Prix_%2833686653515%29_%28Cropped%29.jpg?utm_source=en.wikipedia.org&utm_campaign=api&utm_content=thumbnail_unscaled,Italian,,0,0,0,,3,16,0,12
Keke Rosberg,WILLIAMS,Williams,WILLIAMS,1985,Driver,https://upload.wikimedia.org/wikipedia/commons/thumb/3/3c/Anefo_932-2378_Keke_Rosberg%2C_Zandvoort%2C_03-07-1982_-_Restoration.jpg/330px-Anefo_932-2378_Keke_Rosberg%2C_Zandvoort%2C_03-07-1982_-_Restoration.jpg?utm_source=en.wikipedia.org&utm_campaign=api&utm_content=thumbnail,Finnish,3,2,5,2,,8,16,0,7
Nigel Mansell,WILLIAMS,Williams,WILLIAMS,1985,Driver,https://upload.wikimedia.org/wikipedia/commons/thumb/e/e4/Nigel_Mansell_-_Mexican_Grand_Prix_01_%28cropped%29.jpeg/330px-Nigel_Mansell_-_Mexican_Grand_Prix_01_%28cropped%29.jpeg?utm_source=en.wikipedia.org&utm_campaign=api&utm_content=thumbnail,British,6,2,3,1,,9,16,0,6
Mauro Baldi,SPIRIT,Spirit,SPIRIT,1985,Driver,https://upload.wikimedia.org/wikipedia/commons/thumb/8/80/Mauro_Baldi_1982.jpg/330px-Mauro_Baldi_1982.jpg?utm_source=en.wikipedia.org&utm_campaign=api&utm_content=thumbnail,Italian,,0,0,0,,0,3,0,3
Nelson Piquet,BRABHAM,Brabham,BRABHAM,1985,Driver,https://upload.wikimedia.org/wikipedia/commons/thumb/5/5b/Cerimonia_de_entrega_da_medalha_Bras%C3%ADlia_60_anos_-_16.jpg/330px-Cerimonia_de_entrega_da_medalha_Bras%C3%ADlia_60_anos_-_16.jpg?utm_source=en.wikipedia.org&utm_campaign=api&utm_content=thumbnail,Brazilian,8,1,2,1,,7,16,0,9
Stefan Bellof,TYRRELL,Tyrrell,TYRRELL,1985,Driver,https://upload.wikimedia.org/wikipedia/commons/thumb/e/e1/Stefan_Bellof_7508-cropped.jpg/330px-Stefan_Bellof_7508-cropped.jpg?utm_source=en.wikipedia.org&utm_campaign=api&utm_content=thumbnail,German,16,0,0,0,,4,9,0,2
Jonathan Palmer,ZAKSPEED,Zakspeed,ZAKSPEED,1985,Driver,https://upload.wikimedia.org/wikipedia/commons/thumb/2/2b/Jonathan_Palmer_Profile.jpg/330px-Jonathan_Palmer_Profile.jpg?utm_source=en.wikipedia.org&utm_campaign=api&utm_content=thumbnail,British,,0,0,0,,0,8,0,7
Teo Fabi,TOLEMAN,Toleman,TOLEMAN,1985,Driver,https://upload.wikimedia.org/wikipedia/commons/thumb/7/76/1985_European_GP_Teo_Fabi.jpg/330px-1985_European_GP_Teo_Fabi.jpg?utm_source=en.wikipedia.org&utm_campaign=api&utm_content=thumbnail,Italian,,0,0,1,,0,13,0,11
Marc Surer,BRABHAM,Brabham,BRABHAM,1985,Driver,https://upload.wikimedia.org/wikipedia/commons/thumb/3/3e/Marc_Surer_1982.jpg/330px-Marc_Surer_1982.jpg?utm_source=en.wikipedia.org&utm_campaign=api&utm_content=thumbnail,Swiss,13,0,0,0,,7,12,0,3
Huub Rothengatter,OSELLA,Osella,OSELLA,1985,Driver,https://upload.wikimedia.org/wikipedia/commons/thumb/7/72/Huub_Rothengatter_in_1977.jpg/330px-Huub_Rothengatter_in_1977.jpg?utm_source=en.wikipedia.org&utm_campaign=api&utm_content=thumbnail,Dutch,,0,0,0,,2,7,0,5
Philippe Streiff,LIGIER,Ligier,LIGIER|TYRRELL,1985,Driver,https://upload.wikimedia.org/wikipedia/commons/thumb/c/c7/Festival_automobile_international_2014_-_Photocall_-_019.jpg/330px-Festival_automobile_international_2014_-_Photocall_-_019.jpg?utm_source=en.wikipedia.org&utm_campaign=api&utm_content=thumbnail,French,15,0,1,0,,4,5,0,1
Alan Jones,LOLA,Lola,LOLA,1985,Driver,https://upload.wikimedia.org/wikipedia/commons/thumb/c/ce/Jones_alan.JPG/330px-Jones_alan.JPG?utm_source=en.wikipedia.org&utm_campaign=api&utm_content=thumbnail,Australian,,0,0,0,,0,4,0,4
Christian Danner,ZAKSPEED,Zakspeed,ZAKSPEED,1985,Driver,https://upload.wikimedia.org/wikipedia/commons/thumb/f/f6/Christian_Danner_1995_Deutsche_Tourenwagen_Meisterschaft%2C_Donington_Park.jpg/330px-Christian_Danner_1995_Deutsche_Tourenwagen_Meisterschaft%2C_Donington_Park.jpg?utm_source=en.wikipedia.org&utm_campaign=api&utm_content=thumbnail,German,,0,0,0,,0,2,0,2
John Watson,MCLAREN,McLaren,MCLAREN,1985,Driver,https://upload.wikimedia.org/wikipedia/commons/thumb/2/21/John_Watson_%282346102684%29.jpg/330px-John_Watson_%282346102684%29.jpg?utm_source=en.wikipedia.org&utm_campaign=api&utm_content=thumbnail,British,,0,0,0,,1,1,0,0
Ivan Capelli,TYRRELL,Tyrrell,TYRRELL,1985,Driver,https://upload.wikimedia.org/wikipedia/commons/thumb/1/1c/Capelli_1991_%28cropped%29.jpg/330px-Capelli_1991_%28cropped%29.jpg?utm_source=en.wikipedia.org&utm_campaign=api&utm_content=thumbnail,Italian,18,0,0,0,,1,2,0,1
Nelson Piquet,WILLIAMS,Williams,WILLIAMS,1986,Driver,https://upload.wikimedia.org/wikipedia/commons/thumb/5/5b/Cerimonia_de_entrega_da_medalha_Bras%C3%ADlia_60_anos_-_16.jpg/330px-Cerimonia_de_entrega_da_medalha_Bras%C3%ADlia_60_anos_-_16.jpg?utm_source=en.wikipedia.org&utm_campaign=api&utm_content=thumbnail,Brazilian,3,4,10,2,,12,16,0,4
Ayrton Senna,TEAM_LOTUS,Team Lotus,TEAM_LOTUS,1986,Driver,https://upload.wikimedia.org/wikipedia/commons/9/9f/Ayrton_Senna_Pesawat_RC_Cropped.jpg?utm_source=en.wikipedia.org&utm_campaign=api&utm_content=thumbnail_unscaled,Brazilian,4,2,8,8,,10,16,0,6
Jacques Laffite,LIGIER,Ligier,LIGIER,1986,Driver,https://upload.wikimedia.org/wikipedia/commons/thumb/d/d3/Jacques_Laffite_2015.jpg/330px-Jacques_Laffite_2015.jpg?utm_source=en.wikipedia.org&utm_campaign=api&utm_content=thumbnail,French,8,0,2,0,,6,9,0,3
René Arnoux,LIGIER,Ligier,LIGIER,1986,Driver,https://upload.wikimedia.org/wikipedia/commons/thumb/6/6f/Rene_Arnoux_WSR2008_HU.png/330px-Rene_Arnoux_WSR2008_HU.png?utm_source=en.wikipedia.org&utm_campaign=api&utm_content=thumbnail,French,10,0,0,0,,9,16,0,6
Martin Brundle,TYRRELL,Tyrrell,TYRRELL,1986,Driver,https://upload.wikimedia.org/wikipedia/commons/thumb/3/36/Martin_Brundle_2021_%2851591210921%29_%28cropped%29.jpg/330px-Martin_Brundle_2021_%2851591210921%29_%28cropped%29.jpg?utm_source=en.wikipedia.org&utm_campaign=api&utm_content=thumbnail,British,11,0,0,0,,8,16,0,7
Gerhard Berger,BENETTON,Benetton,BENETTON,1986,Driver,https://upload.wikimedia.org/wikipedia/commons/thumb/c/c9/Gerhard_Berger_1991USA_%28cropped%29.jpg/330px-Gerhard_Berger_1991USA_%28cropped%29.jpg?utm_source=en.wikipedia.org&utm_campaign=api&utm_content=thumbnail,Austrian,7,1,2,0,,8,16,0,8
Philippe Streiff,TYRRELL,Tyrrell,TYRRELL,1986,Driver,https://upload.wikimedia.org/wikipedia/commons/thumb/c/c7/Festival_automobile_international_2014_-_Photocall_-_019.jpg/330px-Festival_automobile_international_2014_-_Photocall_-_019.jpg?utm_source=en.wikipedia.org&utm_campaign=api&utm_content=thumbnail,French,14,0,0,0,,6,16,0,7
Elio de Angelis,BRABHAM,Brabham,BRABHAM,1986,Driver,https://upload.wikimedia.org/wikipedia/commons/thumb/4/4e/Anefo_932-2371_Elio_de_Angelis_03.07.1982.jpg/330px-Anefo_932-2371_Elio_de_Angelis_03.07.1982.jpg?utm_source=en.wikipedia.org&utm_campaign=api&utm_content=thumbnail,Italian,,0,0,0,,1,4,0,3
Johnny Dumfries,TEAM_LOTUS,Team Lotus,TEAM_LOTUS,1986,Driver,https://upload.wikimedia.org/wikipedia/en/2/25/John_Crichton-Stuart_nonfree.jpg?utm_source=en.wikipedia.org&utm_campaign=api&utm_content=thumbnail_unscaled,British,13,0,0,0,,6,15,0,9
Teo Fabi,BENETTON,Benetton,BENETTON,1986,Driver,https://upload.wikimedia.org/wikipedia/commons/thumb/7/76/1985_European_GP_Teo_Fabi.jpg/330px-1985_European_GP_Teo_Fabi.jpg?utm_source=en.wikipedia.org&utm_campaign=api&utm_content=thumbnail,Italian,16,0,0,2,,5,16,0,11
Thierry Boutsen,ARROWS,Arrows,ARROWS,1986,Driver,https://upload.wikimedia.org/wikipedia/commons/thumb/4/4b/Thierry_Boutsen_at_the_2026_Adelaide_Motorsport_Festival_%28028A6498%29.jpg/330px-Thierry_Boutsen_at_the_2026_Adelaide_Motorsport_Festival_%28028A6498%29.jpg?utm_source=en.wikipedia.org&utm_campaign=api&utm_content=thumbnail,Belgian,,0,0,0,,6,16,0,10
Michele Alboreto,FERRARI,Ferrari,FERRARI,1986,Driver,https://upload.wikimedia.org/wikipedia/commons/thumb/7/76/SCA_0029_MICHELE_ALBORETO_-_Ferrari_F_1-87_-_1987_neg._125_10x15_R_%28cropped%29.JPG/330px-SCA_0029_MICHELE_ALBORETO_-_Ferrari_F_1-87_-_1987_neg._125_10x15_R_%28cropped%29.JPG?utm_source=en.wikipedia.org&utm_campaign=api&utm_content=thumbnail,Italian,9,0,1,0,,7,16,0,9
Alain Prost,MCLAREN,McLaren,MCLAREN,1986,Driver,https://upload.wikimedia.org/wikipedia/commons/thumb/7/74/Festival_automobile_international_2015_-_Photocall_-_065_%28cropped3%29.jpg/330px-Festival_automobile_international_2015_-_Photocall_-_065_%28cropped3%29.jpg?utm_source=en.wikipedia.org&utm_campaign=api&utm_content=thumbnail,French,1,4,11,1,,13,16,1,3
Christian Danner,ARROWS,Arrows,ARROWS|OSELLA,1986,Driver,https://upload.wikimedia.org/wikipedia/commons/thumb/f/f6/Christian_Danner_1995_Deutsche_Tourenwagen_Meisterschaft%2C_Donington_Park.jpg/330px-Christian_Danner_1995_Deutsche_Tourenwagen_Meisterschaft%2C_Donington_Park.jpg?utm_source=en.wikipedia.org&utm_campaign=api&utm_content=thumbnail,German,18,0,0,0,,3,15,0,10
Stefan Johansson,FERRARI,Ferrari,FERRARI,1986,Driver,https://upload.wikimedia.org/wikipedia/commons/thumb/0/0f/Stefan_Johansson_at_the_2026_Adelaide_Motorsport_Festival_%28028A6526%29.jpg/330px-Stefan_Johansson_at_the_2026_Adelaide_Motorsport_Festival_%28028A6526%29.jpg?utm_source=en.wikipedia.org&utm_campaign=api&utm_content=thumbnail,Swedish,5,0,4,0,,8,16,0,6
Patrick Tambay,LOLA,Lola,LOLA,1986,Driver,https://upload.wikimedia.org/wikipedia/commons/thumb/d/d1/Zandvoort_circuit_De_striptekenaar_Graton_in_de_pits%2C_NL-HlmNHA_54005237_-_Patrick_Tambay_%28cropped%29.JPG/330px-Zandvoort_circuit_De_striptekenaar_Graton_in_de_pits%2C_NL-HlmNHA_54005237_-_Patrick_Tambay_%28cropped%29.JPG?utm_source=en.wikipedia.org&utm_campaign=api&utm_content=thumbnail,French,15,0,0,0,,4,15,0,11
Riccardo Patrese,BRABHAM,Brabham,BRABHAM,1986,Driver,https://upload.wikimedia.org/wikipedia/commons/3/3e/Riccardo_Patrese_in_the_paddock_before_the_1993_British_Grand_Prix_%2833686653515%29_%28Cropped%29.jpg?utm_source=en.wikipedia.org&utm_campaign=api&utm_content=thumbnail_unscaled,Italian,17,0,0,0,,4,16,0,11
Jonathan Palmer,ZAKSPEED,Zakspeed,ZAKSPEED,1986,Driver,https://upload.wikimedia.org/wikipedia/commons/thumb/2/2b/Jonathan_Palmer_Profile.jpg/330px-Jonathan_Palmer_Profile.jpg?utm_source=en.wikipedia.org&utm_campaign=api&utm_content=thumbnail,British,,0,0,0,,5,16,0,8
Marc Surer,ARROWS,Arrows,ARROWS,1986,Driver,https://upload.wikimedia.org/wikipedia/commons/thumb/3/3e/Marc_Surer_1982.jpg/330px-Marc_Surer_1982.jpg?utm_source=en.wikipedia.org&utm_campaign=api&utm_content=thumbnail,Swiss,,0,0,0,,3,5,0,2
Alessandro Nannini,MINARDI,Minardi,MINARDI,1986,Driver,https://upload.wikimedia.org/wikipedia/commons/thumb/c/cf/Alessandro_Nannini_-_Alfa_Corse_-_Alfa_Romeo_155_V6_TI_94_%2846745279511%29.jpg/330px-Alessandro_Nannini_-_Alfa_Corse_-_Alfa_Romeo_155_V6_TI_94_%2846745279511%29.jpg?utm_source=en.wikipedia.org&utm_campaign=api&utm_content=thumbnail,Italian,,0,0,0,,0,15,0,14
Andrea de Cesaris,MINARDI,Minardi,MINARDI,1986,Driver,https://upload.wikimedia.org/wikipedia/commons/2/22/Andrea_De_Cesaris_1982.jpg?utm_source=en.wikipedia.org&utm_campaign=api&utm_content=thumbnail_unscaled,Italian,,0,0,0,,1,15,0,14
Piercarlo Ghinzani,OSELLA,Osella,OSELLA,1986,Driver,https://upload.wikimedia.org/wikipedia/commons/thumb/6/6c/1985_European_GP_Piercarlo_Ghinzani_%28cropped%29.jpg/330px-1985_European_GP_Piercarlo_Ghinzani_%28cropped%29.jpg?utm_source=en.wikipedia.org&utm_campaign=api&utm_content=thumbnail,Italian,,0,0,0,,0,15,0,14
Keke Rosberg,MCLAREN,McLaren,MCLAREN,1986,Driver,https://upload.wikimedia.org/wikipedia/commons/thumb/3/3c/Anefo_932-2378_Keke_Rosberg%2C_Zandvoort%2C_03-07-1982_-_Restoration.jpg/330px-Anefo_932-2378_Keke_Rosberg%2C_Zandvoort%2C_03-07-1982_-_Restoration.jpg?utm_source=en.wikipedia.org&utm_campaign=api&utm_content=thumbnail,Finnish,6,0,1,1,,8,16,0,8
Alan Jones,LOLA,Lola,LOLA,1986,Driver,https://upload.wikimedia.org/wikipedia/commons/thumb/c/ce/Jones_alan.JPG/330px-Jones_alan.JPG?utm_source=en.wikipedia.org&utm_campaign=api&utm_content=thumbnail,Australian,12,0,0,0,,4,16,0,11
Nigel Mansell,WILLIAMS,Williams,WILLIAMS,1986,Driver,https://upload.wikimedia.org/wikipedia/commons/thumb/e/e4/Nigel_Mansell_-_Mexican_Grand_Prix_01_%28cropped%29.jpeg/330px-Nigel_Mansell_-_Mexican_Grand_Prix_01_%28cropped%29.jpeg?utm_source=en.wikipedia.org&utm_campaign=api&utm_content=thumbnail,British,2,5,9,2,,12,16,0,4
Huub Rothengatter,ZAKSPEED,Zakspeed,ZAKSPEED,1986,Driver,https://upload.wikimedia.org/wikipedia/commons/thumb/7/72/Huub_Rothengatter_in_1977.jpg/330px-Huub_Rothengatter_in_1977.jpg?utm_source=en.wikipedia.org&utm_campaign=api&utm_content=thumbnail,Dutch,,0,0,0,,1,12,0,10
Derek Warwick,BRABHAM,Brabham,BRABHAM,1986,Driver,https://upload.wikimedia.org/wikipedia/commons/thumb/4/47/Derek_Warwick_Silverstone_2014.JPG/330px-Derek_Warwick_Silverstone_2014.JPG?utm_source=en.wikipedia.org&utm_campaign=api&utm_content=thumbnail,British,,0,0,0,,4,11,0,7
Eddie Cheever,LOLA,Lola,LOLA,1986,Driver,https://upload.wikimedia.org/wikipedia/commons/thumb/8/87/Eddie_Cheever_Jr_2009_Indy_500_Second_Qual_Day.JPG/330px-Eddie_Cheever_Jr_2009_Indy_500_Second_Qual_Day.JPG?utm_source=en.wikipedia.org&utm_campaign=api&utm_content=thumbnail,American,,0,0,0,,0,1,0,1
Philippe Alliot,LIGIER,Ligier,LIGIER,1986,Driver,https://upload.wikimedia.org/wikipedia/commons/thumb/3/38/Philippe_Alliot_en_1993_%28bearb_Sp%29.jpg/330px-Philippe_Alliot_en_1993_%28bearb_Sp%29.jpg?utm_source=en.wikipedia.org&utm_campaign=api&utm_content=thumbnail,French,19,0,0,0,,3,7,0,4
Alex Caffi,OSELLA,Osella,OSELLA,1986,Driver,https://upload.wikimedia.org/wikipedia/commons/thumb/0/0f/Alex_Caffi_1991_%28cropped%29.jpg/330px-Alex_Caffi_1991_%28cropped%29.jpg?utm_source=en.wikipedia.org&utm_campaign=api&utm_content=thumbnail,Italian,,0,0,0,,0,1,0,1
Ivan Capelli,AGS,AGS,AGS,1986,Driver,https://upload.wikimedia.org/wikipedia/commons/thumb/1/1c/Capelli_1991_%28cropped%29.jpg/330px-Capelli_1991_%28cropped%29.jpg?utm_source=en.wikipedia.org&utm_campaign=api&utm_content=thumbnail,Italian,,0,0,0,,0,2,0,2
Alain Prost,MCLAREN,McLaren,MCLAREN,1987,Driver,https://upload.wikimedia.org/wikipedia/commons/thumb/7/74/Festival_automobile_international_2015_-_Photocall_-_065_%28cropped3%29.jpg/330px-Festival_automobile_international_2015_-_Photocall_-_065_%28cropped3%29.jpg?utm_source=en.wikipedia.org&utm_campaign=api&utm_content=thumbnail,French,4,3,7,0,,11,16,0,4
Nelson Piquet,WILLIAMS,Williams,WILLIAMS,1987,Driver,https://upload.wikimedia.org/wikipedia/commons/thumb/5/5b/Cerimonia_de_entrega_da_medalha_Bras%C3%ADlia_60_anos_-_16.jpg/330px-Cerimonia_de_entrega_da_medalha_Bras%C3%ADlia_60_anos_-_16.jpg?utm_source=en.wikipedia.org&utm_campaign=api&utm_content=thumbnail,Brazilian,1,3,11,4,,12,16,1,3
Stefan Johansson,MCLAREN,McLaren,MCLAREN,1987,Driver,https://upload.wikimedia.org/wikipedia/commons/thumb/0/0f/Stefan_Johansson_at_the_2026_Adelaide_Motorsport_Festival_%28028A6526%29.jpg/330px-Stefan_Johansson_at_the_2026_Adelaide_Motorsport_Festival_%28028A6526%29.jpg?utm_source=en.wikipedia.org&utm_campaign=api&utm_content=thumbnail,Swedish,6,0,5,0,,11,16,0,5
Gerhard Berger,FERRARI,Ferrari,FERRARI,1987,Driver,https://upload.wikimedia.org/wikipedia/commons/thumb/c/c9/Gerhard_Berger_1991USA_%28cropped%29.jpg/330px-Gerhard_Berger_1991USA_%28cropped%29.jpg?utm_source=en.wikipedia.org&utm_campaign=api&utm_content=thumbnail,Austrian,5,2,3,3,,7,16,0,9
Thierry Boutsen,BENETTON,Benetton,BENETTON,1987,Driver,https://upload.wikimedia.org/wikipedia/commons/thumb/4/4b/Thierry_Boutsen_at_the_2026_Adelaide_Motorsport_Festival_%28028A6498%29.jpg/330px-Thierry_Boutsen_at_the_2026_Adelaide_Motorsport_Festival_%28028A6498%29.jpg?utm_source=en.wikipedia.org&utm_campaign=api&utm_content=thumbnail,Belgian,8,0,1,0,,7,16,0,7
Nigel Mansell,WILLIAMS,Williams,WILLIAMS,1987,Driver,https://upload.wikimedia.org/wikipedia/commons/thumb/e/e4/Nigel_Mansell_-_Mexican_Grand_Prix_01_%28cropped%29.jpeg/330px-Nigel_Mansell_-_Mexican_Grand_Prix_01_%28cropped%29.jpeg?utm_source=en.wikipedia.org&utm_campaign=api&utm_content=thumbnail,British,2,6,7,8,,9,15,0,5
Satoru Nakajima,TEAM_LOTUS,Team Lotus,TEAM_LOTUS,1987,Driver,https://upload.wikimedia.org/wikipedia/commons/thumb/8/8b/Satoru_Nakajima_2008_Motorsport_Japan_%28cropped%29.jpg/330px-Satoru_Nakajima_2008_Motorsport_Japan_%28cropped%29.jpg?utm_source=en.wikipedia.org&utm_campaign=api&utm_content=thumbnail,Japanese,12,0,0,0,,8,16,0,6
Michele Alboreto,FERRARI,Ferrari,FERRARI,1987,Driver,https://upload.wikimedia.org/wikipedia/commons/thumb/7/76/SCA_0029_MICHELE_ALBORETO_-_Ferrari_F_1-87_-_1987_neg._125_10x15_R_%28cropped%29.JPG/330px-SCA_0029_MICHELE_ALBORETO_-_Ferrari_F_1-87_-_1987_neg._125_10x15_R_%28cropped%29.JPG?utm_source=en.wikipedia.org&utm_campaign=api&utm_content=thumbnail,Italian,7,0,3,0,,5,16,0,10
Christian Danner,ZAKSPEED,Zakspeed,ZAKSPEED,1987,Driver,https://upload.wikimedia.org/wikipedia/commons/thumb/f/f6/Christian_Danner_1995_Deutsche_Tourenwagen_Meisterschaft%2C_Donington_Park.jpg/330px-Christian_Danner_1995_Deutsche_Tourenwagen_Meisterschaft%2C_Donington_Park.jpg?utm_source=en.wikipedia.org&utm_campaign=api&utm_content=thumbnail,German,,0,0,0,,6,16,0,10
Jonathan Palmer,TYRRELL,Tyrrell,TYRRELL,1987,Driver,https://upload.wikimedia.org/wikipedia/commons/thumb/2/2b/Jonathan_Palmer_Profile.jpg/330px-Jonathan_Palmer_Profile.jpg?utm_source=en.wikipedia.org&utm_campaign=api&utm_content=thumbnail,British,11,0,0,0,,10,16,0,3
Philippe Streiff,TYRRELL,Tyrrell,TYRRELL,1987,Driver,https://upload.wikimedia.org/wikipedia/commons/thumb/c/c7/Festival_automobile_international_2014_-_Photocall_-_019.jpg/330px-Festival_automobile_international_2014_-_Photocall_-_019.jpg?utm_source=en.wikipedia.org&utm_campaign=api&utm_content=thumbnail,French,15,0,0,0,,7,16,0,5
Pascal Fabre,AGS,AGS,AGS,1987,Driver,https://upload.wikimedia.org/wikipedia/commons/thumb/e/e2/Courage_C32LM_-_Lionel_Robert%2C_Pascal_Fabre_%26_Pierre-Henri_Raphanel_at_Ford_Chicane_at_the_1994_Le_Mans_%2831130450764%29.jpg/330px-Courage_C32LM_-_Lionel_Robert%2C_Pascal_Fabre_%26_Pierre-Henri_Raphanel_at_Ford_Chicane_at_the_1994_Le_Mans_%2831130450764%29.jpg?utm_source=en.wikipedia.org&utm_campaign=api&utm_content=thumbnail,French,,0,0,0,,3,11,0,3
Eddie Cheever,ARROWS,Arrows,ARROWS,1987,Driver,https://upload.wikimedia.org/wikipedia/commons/thumb/8/87/Eddie_Cheever_Jr_2009_Indy_500_Second_Qual_Day.JPG/330px-Eddie_Cheever_Jr_2009_Indy_500_Second_Qual_Day.JPG?utm_source=en.wikipedia.org&utm_campaign=api&utm_content=thumbnail,American,10,0,0,0,,7,16,0,9
Ayrton Senna,TEAM_LOTUS,Team Lotus,TEAM_LOTUS,1987,Driver,https://upload.wikimedia.org/wikipedia/commons/9/9f/Ayrton_Senna_Pesawat_RC_Cropped.jpg?utm_source=en.wikipedia.org&utm_campaign=api&utm_content=thumbnail_unscaled,Brazilian,3,2,8,1,,12,16,0,4
Riccardo Patrese,BRABHAM,Brabham,BRABHAM|WILLIAMS,1987,Driver,https://upload.wikimedia.org/wikipedia/commons/3/3e/Riccardo_Patrese_in_the_paddock_before_the_1993_British_Grand_Prix_%2833686653515%29_%28Cropped%29.jpg?utm_source=en.wikipedia.org&utm_campaign=api&utm_content=thumbnail_unscaled,Italian,13,0,1,0,,5,16,0,9
Andrea de Cesaris,BRABHAM,Brabham,BRABHAM,1987,Driver,https://upload.wikimedia.org/wikipedia/commons/2/22/Andrea_De_Cesaris_1982.jpg?utm_source=en.wikipedia.org&utm_campaign=api&utm_content=thumbnail_unscaled,Italian,14,0,1,0,,2,16,0,14
Derek Warwick,ARROWS,Arrows,ARROWS,1987,Driver,https://upload.wikimedia.org/wikipedia/commons/thumb/4/47/Derek_Warwick_Silverstone_2014.JPG/330px-Derek_Warwick_Silverstone_2014.JPG?utm_source=en.wikipedia.org&utm_campaign=api&utm_content=thumbnail,British,16,0,0,0,,4,16,0,10
Alex Caffi,OSELLA,Osella,OSELLA,1987,Driver,https://upload.wikimedia.org/wikipedia/commons/thumb/0/0f/Alex_Caffi_1991_%28cropped%29.jpg/330px-Alex_Caffi_1991_%28cropped%29.jpg?utm_source=en.wikipedia.org&utm_campaign=api&utm_content=thumbnail,Italian,,0,0,0,,0,14,0,13
Alessandro Nannini,MINARDI,Minardi,MINARDI,1987,Driver,https://upload.wikimedia.org/wikipedia/commons/thumb/c/cf/Alessandro_Nannini_-_Alfa_Corse_-_Alfa_Romeo_155_V6_TI_94_%2846745279511%29.jpg/330px-Alessandro_Nannini_-_Alfa_Corse_-_Alfa_Romeo_155_V6_TI_94_%2846745279511%29.jpg?utm_source=en.wikipedia.org&utm_campaign=api&utm_content=thumbnail,Italian,,0,0,0,,0,16,0,13
Martin Brundle,ZAKSPEED,Zakspeed,ZAKSPEED,1987,Driver,https://upload.wikimedia.org/wikipedia/commons/thumb/3/36/Martin_Brundle_2021_%2851591210921%29_%28cropped%29.jpg/330px-Martin_Brundle_2021_%2851591210921%29_%28cropped%29.jpg?utm_source=en.wikipedia.org&utm_campaign=api&utm_content=thumbnail,British,18,0,0,0,,2,16,0,13
Teo Fabi,BENETTON,Benetton,BENETTON,1987,Driver,https://upload.wikimedia.org/wikipedia/commons/thumb/7/76/1985_European_GP_Teo_Fabi.jpg/330px-1985_European_GP_Teo_Fabi.jpg?utm_source=en.wikipedia.org&utm_campaign=api&utm_content=thumbnail,Italian,9,0,1,0,,7,16,0,9
Adrián Campos,MINARDI,Minardi,MINARDI,1987,Driver,https://upload.wikimedia.org/wikipedia/commons/thumb/3/34/Ferrar1_333SP_-_Michel_Ferte%2C_Adrian_Campos_%26_Charles_Nearburg_entering_Dunlop_Chicane_at_the_1997_Le_Mans_%2851635711376%29.jpg/330px-Ferrar1_333SP_-_Michel_Ferte%2C_Adrian_Campos_%26_Charles_Nearburg_entering_Dunlop_Chicane_at_the_1997_Le_Mans_%2851635711376%29.jpg?utm_source=en.wikipedia.org&utm_campaign=api&utm_content=thumbnail,Spanish,,0,0,0,,0,16,0,15
Ivan Capelli,MARCH,March,MARCH,1987,Driver,https://upload.wikimedia.org/wikipedia/commons/thumb/1/1c/Capelli_1991_%28cropped%29.jpg/330px-Capelli_1991_%28cropped%29.jpg?utm_source=en.wikipedia.org&utm_campaign=api&utm_content=thumbnail,Italian,19,0,0,0,,3,16,0,10
Philippe Alliot,LARROUSSE,Larrousse,LARROUSSE,1987,Driver,https://upload.wikimedia.org/wikipedia/commons/thumb/3/38/Philippe_Alliot_en_1993_%28bearb_Sp%29.jpg/330px-Philippe_Alliot_en_1993_%28bearb_Sp%29.jpg?utm_source=en.wikipedia.org&utm_campaign=api&utm_content=thumbnail,French,17,0,0,0,,5,15,0,9
Gabriele Tarquini,OSELLA,Osella,OSELLA,1987,Driver,https://upload.wikimedia.org/wikipedia/commons/thumb/7/71/%E3%81%93%E3%81%86%E3%81%97%E3%81%A6%E3%81%BF%E3%82%8B%E3%81%A8%E3%81%9F%E3%81%A0%E3%81%AE%E7%88%BA%E3%81%95%E3%82%93_%2815506042327%29.jpg/330px-%E3%81%93%E3%81%86%E3%81%97%E3%81%A6%E3%81%BF%E3%82%8B%E3%81%A8%E3%81%9F%E3%81%A0%E3%81%AE%E7%88%BA%E3%81%95%E3%82%93_%2815506042327%29.jpg?utm_source=en.wikipedia.org&utm_campaign=api&utm_content=thumbnail,Italian,,0,0,0,,0,1,0,1
Piercarlo Ghinzani,LIGIER,Ligier,LIGIER,1987,Driver,https://upload.wikimedia.org/wikipedia/commons/thumb/6/6c/1985_European_GP_Piercarlo_Ghinzani_%28cropped%29.jpg/330px-1985_European_GP_Piercarlo_Ghinzani_%28cropped%29.jpg?utm_source=en.wikipedia.org&utm_campaign=api&utm_content=thumbnail,Italian,,0,0,0,,3,15,0,9
René Arnoux,LIGIER,Ligier,LIGIER,1987,Driver,https://upload.wikimedia.org/wikipedia/commons/thumb/6/6f/Rene_Arnoux_WSR2008_HU.png/330px-Rene_Arnoux_WSR2008_HU.png?utm_source=en.wikipedia.org&utm_campaign=api&utm_content=thumbnail,French,20,0,0,0,,4,15,0,10
Nicola Larini,COLONI,Coloni,COLONI,1987,Driver,https://upload.wikimedia.org/wikipedia/commons/thumb/6/6d/Nicola_Larini_2006_Curitiba.jpg/330px-Nicola_Larini_2006_Curitiba.jpg?utm_source=en.wikipedia.org&utm_campaign=api&utm_content=thumbnail,Italian,,0,0,0,,0,1,0,1
Yannick Dalmas,LARROUSSE,Larrousse,LARROUSSE,1987,Driver,https://upload.wikimedia.org/wikipedia/commons/thumb/2/2c/Yannick_DALMAS.JPG/330px-Yannick_DALMAS.JPG?utm_source=en.wikipedia.org&utm_campaign=api&utm_content=thumbnail,French,,0,0,0,,2,3,0,0
Roberto Moreno,AGS,AGS,AGS,1987,Driver,https://upload.wikimedia.org/wikipedia/commons/thumb/f/f4/Roberto_Bud_suite_97.tif/lossy-page1-330px-Roberto_Bud_suite_97.tif.jpg?utm_source=en.wikipedia.org&utm_campaign=api&utm_content=thumbnail,Brazilian,21,0,0,0,,1,2,0,1
Stefano Modena,BRABHAM,Brabham,BRABHAM,1987,Driver,https://upload.wikimedia.org/wikipedia/commons/thumb/6/60/Stefano_Modena_-_Alfa_Romeo_155_V6_Ti_at_Donington_1995_%2849829989223%29.jpg/330px-Stefano_Modena_-_Alfa_Romeo_155_V6_Ti_at_Donington_1995_%2849829989223%29.jpg?utm_source=en.wikipedia.org&utm_campaign=api&utm_content=thumbnail,Italian,,0,0,0,,0,1,0,1
Alain Prost,MCLAREN,McLaren,MCLAREN,1988,Driver,https://upload.wikimedia.org/wikipedia/commons/thumb/7/74/Festival_automobile_international_2015_-_Photocall_-_065_%28cropped3%29.jpg/330px-Festival_automobile_international_2015_-_Photocall_-_065_%28cropped3%29.jpg?utm_source=en.wikipedia.org&utm_campaign=api&utm_content=thumbnail,French,2,7,14,2,,14,16,0,2
Gerhard Berger,FERRARI,Ferrari,FERRARI,1988,Driver,https://upload.wikimedia.org/wikipedia/commons/thumb/c/c9/Gerhard_Berger_1991USA_%28cropped%29.jpg/330px-Gerhard_Berger_1991USA_%28cropped%29.jpg?utm_source=en.wikipedia.org&utm_campaign=api&utm_content=thumbnail,Austrian,3,1,5,1,,11,16,0,5
Nelson Piquet,TEAM_LOTUS,Team Lotus,TEAM_LOTUS,1988,Driver,https://upload.wikimedia.org/wikipedia/commons/thumb/5/5b/Cerimonia_de_entrega_da_medalha_Bras%C3%ADlia_60_anos_-_16.jpg/330px-Cerimonia_de_entrega_da_medalha_Bras%C3%ADlia_60_anos_-_16.jpg?utm_source=en.wikipedia.org&utm_campaign=api&utm_content=thumbnail,Brazilian,6,0,3,0,,9,16,0,7
Derek Warwick,ARROWS,Arrows,ARROWS,1988,Driver,https://upload.wikimedia.org/wikipedia/commons/thumb/4/47/Derek_Warwick_Silverstone_2014.JPG/330px-Derek_Warwick_Silverstone_2014.JPG?utm_source=en.wikipedia.org&utm_campaign=api&utm_content=thumbnail,British,8,0,0,0,,10,16,0,6
Michele Alboreto,FERRARI,Ferrari,FERRARI,1988,Driver,https://upload.wikimedia.org/wikipedia/commons/thumb/7/76/SCA_0029_MICHELE_ALBORETO_-_Ferrari_F_1-87_-_1987_neg._125_10x15_R_%28cropped%29.JPG/330px-SCA_0029_MICHELE_ALBORETO_-_Ferrari_F_1-87_-_1987_neg._125_10x15_R_%28cropped%29.JPG?utm_source=en.wikipedia.org&utm_campaign=api&utm_content=thumbnail,Italian,5,0,3,0,,7,16,0,6
Satoru Nakajima,TEAM_LOTUS,Team Lotus,TEAM_LOTUS,1988,Driver,https://upload.wikimedia.org/wikipedia/commons/thumb/8/8b/Satoru_Nakajima_2008_Motorsport_Japan_%28cropped%29.jpg/330px-Satoru_Nakajima_2008_Motorsport_Japan_%28cropped%29.jpg?utm_source=en.wikipedia.org&utm_campaign=api&utm_content=thumbnail,Japanese,16,0,0,0,,7,14,0,6
Thierry Boutsen,BENETTON,Benetton,BENETTON,1988,Driver,https://upload.wikimedia.org/wikipedia/commons/thumb/4/4b/Thierry_Boutsen_at_the_2026_Adelaide_Motorsport_Festival_%28028A6498%29.jpg/330px-Thierry_Boutsen_at_the_2026_Adelaide_Motorsport_Festival_%28028A6498%29.jpg?utm_source=en.wikipedia.org&utm_campaign=api&utm_content=thumbnail,Belgian,4,0,5,0,,13,16,0,3
Eddie Cheever,ARROWS,Arrows,ARROWS,1988,Driver,https://upload.wikimedia.org/wikipedia/commons/thumb/8/87/Eddie_Cheever_Jr_2009_Indy_500_Second_Qual_Day.JPG/330px-Eddie_Cheever_Jr_2009_Indy_500_Second_Qual_Day.JPG?utm_source=en.wikipedia.org&utm_campaign=api&utm_content=thumbnail,American,12,0,1,0,,7,16,0,8
Stefan Johansson,LIGIER,Ligier,LIGIER,1988,Driver,https://upload.wikimedia.org/wikipedia/commons/thumb/0/0f/Stefan_Johansson_at_the_2026_Adelaide_Motorsport_Festival_%28028A6526%29.jpg/330px-Stefan_Johansson_at_the_2026_Adelaide_Motorsport_Festival_%28028A6526%29.jpg?utm_source=en.wikipedia.org&utm_campaign=api&utm_content=thumbnail,Swedish,,0,0,0,,3,10,0,6
Andrea de Cesaris,RIAL,Rial,RIAL,1988,Driver,https://upload.wikimedia.org/wikipedia/commons/2/22/Andrea_De_Cesaris_1982.jpg?utm_source=en.wikipedia.org&utm_campaign=api&utm_content=thumbnail_unscaled,Italian,15,0,0,0,,4,16,0,11
Jonathan Palmer,TYRRELL,Tyrrell,TYRRELL,1988,Driver,https://upload.wikimedia.org/wikipedia/commons/thumb/2/2b/Jonathan_Palmer_Profile.jpg/330px-Jonathan_Palmer_Profile.jpg?utm_source=en.wikipedia.org&utm_campaign=api&utm_content=thumbnail,British,14,0,0,0,,3,14,0,7
Philippe Alliot,LARROUSSE,Larrousse,LARROUSSE,1988,Driver,https://upload.wikimedia.org/wikipedia/commons/thumb/3/38/Philippe_Alliot_en_1993_%28bearb_Sp%29.jpg/330px-Philippe_Alliot_en_1993_%28bearb_Sp%29.jpg?utm_source=en.wikipedia.org&utm_campaign=api&utm_content=thumbnail,French,,0,0,0,,4,16,0,8
Gabriele Tarquini,COLONI,Coloni,COLONI,1988,Driver,https://upload.wikimedia.org/wikipedia/commons/thumb/7/71/%E3%81%93%E3%81%86%E3%81%97%E3%81%A6%E3%81%BF%E3%82%8B%E3%81%A8%E3%81%9F%E3%81%A0%E3%81%AE%E7%88%BA%E3%81%95%E3%82%93_%2815506042327%29.jpg/330px-%E3%81%93%E3%81%86%E3%81%97%E3%81%A6%E3%81%BF%E3%82%8B%E3%81%A8%E3%81%9F%E3%81%A0%E3%81%AE%E7%88%BA%E3%81%95%E3%82%93_%2815506042327%29.jpg?utm_source=en.wikipedia.org&utm_campaign=api&utm_content=thumbnail,Italian,,0,0,0,,1,8,0,4
Philippe Streiff,AGS,AGS,AGS,1988,Driver,https://upload.wikimedia.org/wikipedia/commons/thumb/c/c7/Festival_automobile_international_2014_-_Photocall_-_019.jpg/330px-Festival_automobile_international_2014_-_Photocall_-_019.jpg?utm_source=en.wikipedia.org&utm_campaign=api&utm_content=thumbnail,French,,0,0,0,,4,16,0,10
Yannick Dalmas,LARROUSSE,Larrousse,LARROUSSE,1988,Driver,https://upload.wikimedia.org/wikipedia/commons/thumb/2/2c/Yannick_DALMAS.JPG/330px-Yannick_DALMAS.JPG?utm_source=en.wikipedia.org&utm_campaign=api&utm_content=thumbnail,French,,0,0,0,,4,13,0,4
Ayrton Senna,MCLAREN,McLaren,MCLAREN,1988,Driver,https://upload.wikimedia.org/wikipedia/commons/9/9f/Ayrton_Senna_Pesawat_RC_Cropped.jpg?utm_source=en.wikipedia.org&utm_campaign=api&utm_content=thumbnail_unscaled,Brazilian,1,8,11,13,,14,16,1,2
René Arnoux,LIGIER,Ligier,LIGIER,1988,Driver,https://upload.wikimedia.org/wikipedia/commons/thumb/6/6f/Rene_Arnoux_WSR2008_HU.png/330px-Rene_Arnoux_WSR2008_HU.png?utm_source=en.wikipedia.org&utm_campaign=api&utm_content=thumbnail,French,,0,0,0,,1,14,0,9
Stefano Modena,EUROBRUN,Euro Brun,EUROBRUN,1988,Driver,https://upload.wikimedia.org/wikipedia/commons/thumb/6/60/Stefano_Modena_-_Alfa_Romeo_155_V6_Ti_at_Donington_1995_%2849829989223%29.jpg/330px-Stefano_Modena_-_Alfa_Romeo_155_V6_Ti_at_Donington_1995_%2849829989223%29.jpg?utm_source=en.wikipedia.org&utm_campaign=api&utm_content=thumbnail,Italian,,0,0,0,,0,12,0,7
Nigel Mansell,WILLIAMS,Williams,WILLIAMS,1988,Driver,https://upload.wikimedia.org/wikipedia/commons/thumb/e/e4/Nigel_Mansell_-_Mexican_Grand_Prix_01_%28cropped%29.jpeg/330px-Nigel_Mansell_-_Mexican_Grand_Prix_01_%28cropped%29.jpeg?utm_source=en.wikipedia.org&utm_campaign=api&utm_content=thumbnail,British,9,0,2,0,,2,14,0,12
Alessandro Nannini,BENETTON,Benetton,BENETTON,1988,Driver,https://upload.wikimedia.org/wikipedia/commons/thumb/c/cf/Alessandro_Nannini_-_Alfa_Corse_-_Alfa_Romeo_155_V6_TI_94_%2846745279511%29.jpg/330px-Alessandro_Nannini_-_Alfa_Corse_-_Alfa_Romeo_155_V6_TI_94_%2846745279511%29.jpg?utm_source=en.wikipedia.org&utm_campaign=api&utm_content=thumbnail,Italian,10,0,2,0,,7,16,0,8
Riccardo Patrese,WILLIAMS,Williams,WILLIAMS,1988,Driver,https://upload.wikimedia.org/wikipedia/commons/3/3e/Riccardo_Patrese_in_the_paddock_before_the_1993_British_Grand_Prix_%2833686653515%29_%28Cropped%29.jpg?utm_source=en.wikipedia.org&utm_campaign=api&utm_content=thumbnail_unscaled,Italian,11,0,0,0,,7,16,0,8
Ivan Capelli,MARCH,March,MARCH,1988,Driver,https://upload.wikimedia.org/wikipedia/commons/thumb/1/1c/Capelli_1991_%28cropped%29.jpg/330px-Capelli_1991_%28cropped%29.jpg?utm_source=en.wikipedia.org&utm_campaign=api&utm_content=thumbnail,Italian,7,0,2,0,,8,16,0,7
Adrián Campos,MINARDI,Minardi,MINARDI,1988,Driver,https://upload.wikimedia.org/wikipedia/commons/thumb/3/34/Ferrar1_333SP_-_Michel_Ferte%2C_Adrian_Campos_%26_Charles_Nearburg_entering_Dunlop_Chicane_at_the_1997_Le_Mans_%2851635711376%29.jpg/330px-Ferrar1_333SP_-_Michel_Ferte%2C_Adrian_Campos_%26_Charles_Nearburg_entering_Dunlop_Chicane_at_the_1997_Le_Mans_%2851635711376%29.jpg?utm_source=en.wikipedia.org&utm_campaign=api&utm_content=thumbnail,Spanish,,0,0,0,,0,2,0,1
Maurício Gugelmin,MARCH,March,MARCH,1988,Driver,https://upload.wikimedia.org/wikipedia/commons/thumb/e/ea/Gugelmin_%28cropped%29.jpg/330px-Gugelmin_%28cropped%29.jpg?utm_source=en.wikipedia.org&utm_campaign=api&utm_content=thumbnail,Brazilian,13,0,0,0,,7,16,0,8
Oscar Larrauri,EUROBRUN,Euro Brun,EUROBRUN,1988,Driver,https://upload.wikimedia.org/wikipedia/commons/thumb/7/71/Oscar_Larrauri_1988_Canada.jpg/330px-Oscar_Larrauri_1988_Canada.jpg?utm_source=en.wikipedia.org&utm_campaign=api&utm_content=thumbnail,Argentine,,0,0,0,,0,8,0,6
Julian Bailey,TYRRELL,Tyrrell,TYRRELL,1988,Driver,https://upload.wikimedia.org/wikipedia/commons/thumb/9/95/Julian_Bailey_1991_USA.jpg/330px-Julian_Bailey_1991_USA.jpg?utm_source=en.wikipedia.org&utm_campaign=api&utm_content=thumbnail,British,,0,0,0,,1,6,0,2
Alex Caffi,DALLARA,Dallara,DALLARA,1988,Driver,https://upload.wikimedia.org/wikipedia/commons/thumb/0/0f/Alex_Caffi_1991_%28cropped%29.jpg/330px-Alex_Caffi_1991_%28cropped%29.jpg?utm_source=en.wikipedia.org&utm_campaign=api&utm_content=thumbnail,Italian,,0,0,0,,4,14,0,7
Piercarlo Ghinzani,ZAKSPEED,Zakspeed,ZAKSPEED,1988,Driver,https://upload.wikimedia.org/wikipedia/commons/thumb/6/6c/1985_European_GP_Piercarlo_Ghinzani_%28cropped%29.jpg/330px-1985_European_GP_Piercarlo_Ghinzani_%28cropped%29.jpg?utm_source=en.wikipedia.org&utm_campaign=api&utm_content=thumbnail,Italian,,0,0,0,,0,9,0,6
Nicola Larini,OSELLA,Osella,OSELLA,1988,Driver,https://upload.wikimedia.org/wikipedia/commons/thumb/6/6d/Nicola_Larini_2006_Curitiba.jpg/330px-Nicola_Larini_2006_Curitiba.jpg?utm_source=en.wikipedia.org&utm_campaign=api&utm_content=thumbnail,Italian,,0,0,0,,1,11,0,8
Bernd Schneider,ZAKSPEED,Zakspeed,ZAKSPEED,1988,Driver,https://upload.wikimedia.org/wikipedia/commons/thumb/6/68/BerndSchneider.JPG/330px-BerndSchneider.JPG?utm_source=en.wikipedia.org&utm_campaign=api&utm_content=thumbnail,German,,0,0,0,,0,6,0,4
Pierluigi Martini,MINARDI,Minardi,MINARDI,1988,Driver,https://upload.wikimedia.org/wikipedia/commons/thumb/5/58/Pierluigi_Martini_celebrates_on_the_podium_at_the_1999_Le_Mans_%2851889440091%29.jpg/330px-Pierluigi_Martini_celebrates_on_the_podium_at_the_1999_Le_Mans_%2851889440091%29.jpg?utm_source=en.wikipedia.org&utm_campaign=api&utm_content=thumbnail,Italian,17,0,0,0,,2,9,0,4
Martin Brundle,WILLIAMS,Williams,WILLIAMS,1988,Driver,https://upload.wikimedia.org/wikipedia/commons/thumb/3/36/Martin_Brundle_2021_%2851591210921%29_%28cropped%29.jpg/330px-Martin_Brundle_2021_%2851591210921%29_%28cropped%29.jpg?utm_source=en.wikipedia.org&utm_campaign=api&utm_content=thumbnail,British,,0,0,0,,1,1,0,0
Jean-Louis Schlesser,WILLIAMS,Williams,WILLIAMS,1988,Driver,https://upload.wikimedia.org/wikipedia/commons/thumb/4/4e/Jean-Louis_Schlesser%2C_2013.JPG/330px-Jean-Louis_Schlesser%2C_2013.JPG?utm_source=en.wikipedia.org&utm_campaign=api&utm_content=thumbnail,French,,0,0,0,,0,1,0,0
Aguri Suzuki,LARROUSSE,Larrousse,LARROUSSE,1988,Driver,https://upload.wikimedia.org/wikipedia/commons/thumb/a/ac/Suzuki_Sepang_25.png/330px-Suzuki_Sepang_25.png?utm_source=en.wikipedia.org&utm_campaign=api&utm_content=thumbnail,Japanese,,0,0,0,,0,1,0,0
Nigel Mansell,FERRARI,Ferrari,FERRARI,1989,Driver,https://upload.wikimedia.org/wikipedia/commons/thumb/e/e4/Nigel_Mansell_-_Mexican_Grand_Prix_01_%28cropped%29.jpeg/330px-Nigel_Mansell_-_Mexican_Grand_Prix_01_%28cropped%29.jpeg?utm_source=en.wikipedia.org&utm_campaign=api&utm_content=thumbnail,British,4,2,6,0,,6,15,0,9
Alain Prost,MCLAREN,McLaren,MCLAREN,1989,Driver,https://upload.wikimedia.org/wikipedia/commons/thumb/7/74/Festival_automobile_international_2015_-_Photocall_-_065_%28cropped3%29.jpg/330px-Festival_automobile_international_2015_-_Photocall_-_065_%28cropped3%29.jpg?utm_source=en.wikipedia.org&utm_campaign=api&utm_content=thumbnail,French,1,4,11,2,,13,16,1,3
Maurício Gugelmin,MARCH,March,MARCH,1989,Driver,https://upload.wikimedia.org/wikipedia/commons/thumb/e/ea/Gugelmin_%28cropped%29.jpg/330px-Gugelmin_%28cropped%29.jpg?utm_source=en.wikipedia.org&utm_campaign=api&utm_content=thumbnail,Brazilian,16,0,1,0,,5,15,0,10
Johnny Herbert,BENETTON,Benetton,BENETTON|TYRRELL,1989,Driver,https://upload.wikimedia.org/wikipedia/commons/thumb/b/bf/Johnny_Herbert_%2831729263593%29.jpg/330px-Johnny_Herbert_%2831729263593%29.jpg?utm_source=en.wikipedia.org&utm_campaign=api&utm_content=thumbnail,British,14,0,0,0,,2,6,0,1
Derek Warwick,ARROWS,Arrows,ARROWS,1989,Driver,https://upload.wikimedia.org/wikipedia/commons/thumb/4/47/Derek_Warwick_Silverstone_2014.JPG/330px-Derek_Warwick_Silverstone_2014.JPG?utm_source=en.wikipedia.org&utm_campaign=api&utm_content=thumbnail,British,10,0,0,0,,8,15,0,7
Alessandro Nannini,BENETTON,Benetton,BENETTON,1989,Driver,https://upload.wikimedia.org/wikipedia/commons/thumb/c/cf/Alessandro_Nannini_-_Alfa_Corse_-_Alfa_Romeo_155_V6_TI_94_%2846745279511%29.jpg/330px-Alessandro_Nannini_-_Alfa_Corse_-_Alfa_Romeo_155_V6_TI_94_%2846745279511%29.jpg?utm_source=en.wikipedia.org&utm_campaign=api&utm_content=thumbnail,Italian,6,1,4,0,,9,16,0,7
Jonathan Palmer,TYRRELL,Tyrrell,TYRRELL,1989,Driver,https://upload.wikimedia.org/wikipedia/commons/thumb/2/2b/Jonathan_Palmer_Profile.jpg/330px-Jonathan_Palmer_Profile.jpg?utm_source=en.wikipedia.org&utm_campaign=api&utm_content=thumbnail,British,25,0,0,0,,7,15,0,6
Satoru Nakajima,TEAM_LOTUS,Team Lotus,TEAM_LOTUS,1989,Driver,https://upload.wikimedia.org/wikipedia/commons/thumb/8/8b/Satoru_Nakajima_2008_Motorsport_Japan_%28cropped%29.jpg/330px-Satoru_Nakajima_2008_Motorsport_Japan_%28cropped%29.jpg?utm_source=en.wikipedia.org&utm_campaign=api&utm_content=thumbnail,Japanese,21,0,0,0,,5,13,0,8
Olivier Grouillard,LIGIER,Ligier,LIGIER,1989,Driver,https://upload.wikimedia.org/wikipedia/commons/thumb/a/af/Andy_Wallace_%26_Olivier_Grouillard_on_the_podium_at_the_Norwich_Union_Empire_Trophy%2C_Silverstone_4_Hrs_1995_%2849890621322%29_%28cropped%29.jpg/330px-Andy_Wallace_%26_Olivier_Grouillard_on_the_podium_at_the_Norwich_Union_Empire_Trophy%2C_Silverstone_4_Hrs_1995_%2849890621322%29_%28cropped%29.jpg?utm_source=en.wikipedia.org&utm_campaign=api&utm_content=thumbnail,French,26,0,0,0,,4,12,0,7
Michele Alboreto,TYRRELL,Tyrrell,TYRRELL|LARROUSSE,1989,Driver,https://upload.wikimedia.org/wikipedia/commons/thumb/7/76/SCA_0029_MICHELE_ALBORETO_-_Ferrari_F_1-87_-_1987_neg._125_10x15_R_%28cropped%29.JPG/330px-SCA_0029_MICHELE_ALBORETO_-_Ferrari_F_1-87_-_1987_neg._125_10x15_R_%28cropped%29.JPG?utm_source=en.wikipedia.org&utm_campaign=api&utm_content=thumbnail,Italian,13,0,1,0,,3,10,0,6
Ayrton Senna,MCLAREN,McLaren,MCLAREN,1989,Driver,https://upload.wikimedia.org/wikipedia/commons/9/9f/Ayrton_Senna_Pesawat_RC_Cropped.jpg?utm_source=en.wikipedia.org&utm_campaign=api&utm_content=thumbnail_unscaled,Brazilian,2,6,7,13,,8,16,0,7
Philippe Alliot,LARROUSSE,Larrousse,LARROUSSE,1989,Driver,https://upload.wikimedia.org/wikipedia/commons/thumb/3/38/Philippe_Alliot_en_1993_%28bearb_Sp%29.jpg/330px-Philippe_Alliot_en_1993_%28bearb_Sp%29.jpg?utm_source=en.wikipedia.org&utm_campaign=api&utm_content=thumbnail,French,29,0,0,0,,2,15,0,11
Andrea de Cesaris,DALLARA,Dallara,DALLARA,1989,Driver,https://upload.wikimedia.org/wikipedia/commons/2/22/Andrea_De_Cesaris_1982.jpg?utm_source=en.wikipedia.org&utm_campaign=api&utm_content=thumbnail_unscaled,Italian,17,0,1,0,,6,15,0,6
Christian Danner,RIAL,Rial,RIAL,1989,Driver,https://upload.wikimedia.org/wikipedia/commons/thumb/f/f6/Christian_Danner_1995_Deutsche_Tourenwagen_Meisterschaft%2C_Donington_Park.jpg/330px-Christian_Danner_1995_Deutsche_Tourenwagen_Meisterschaft%2C_Donington_Park.jpg?utm_source=en.wikipedia.org&utm_campaign=api&utm_content=thumbnail,German,22,0,0,0,,2,4,0,0
Riccardo Patrese,WILLIAMS,Williams,WILLIAMS,1989,Driver,https://upload.wikimedia.org/wikipedia/commons/3/3e/Riccardo_Patrese_in_the_paddock_before_the_1993_British_Grand_Prix_%2833686653515%29_%28Cropped%29.jpg?utm_source=en.wikipedia.org&utm_campaign=api&utm_content=thumbnail_unscaled,Italian,3,0,6,1,,9,16,0,5
Eddie Cheever,ARROWS,Arrows,ARROWS,1989,Driver,https://upload.wikimedia.org/wikipedia/commons/thumb/8/87/Eddie_Cheever_Jr_2009_Indy_500_Second_Qual_Day.JPG/330px-Eddie_Cheever_Jr_2009_Indy_500_Second_Qual_Day.JPG?utm_source=en.wikipedia.org&utm_campaign=api&utm_content=thumbnail,American,11,0,1,0,,7,14,0,6
Bernd Schneider,ZAKSPEED,Zakspeed,ZAKSPEED,1989,Driver,https://upload.wikimedia.org/wikipedia/commons/thumb/6/68/BerndSchneider.JPG/330px-BerndSchneider.JPG?utm_source=en.wikipedia.org&utm_campaign=api&utm_content=thumbnail,German,,0,0,0,,0,2,0,2
Martin Brundle,BRABHAM,Brabham,BRABHAM,1989,Driver,https://upload.wikimedia.org/wikipedia/commons/thumb/3/36/Martin_Brundle_2021_%2851591210921%29_%28cropped%29.jpg/330px-Martin_Brundle_2021_%2851591210921%29_%28cropped%29.jpg?utm_source=en.wikipedia.org&utm_campaign=api&utm_content=thumbnail,British,20,0,0,0,,6,14,0,7
Ivan Capelli,MARCH,March,MARCH,1989,Driver,https://upload.wikimedia.org/wikipedia/commons/thumb/1/1c/Capelli_1991_%28cropped%29.jpg/330px-Capelli_1991_%28cropped%29.jpg?utm_source=en.wikipedia.org&utm_campaign=api&utm_content=thumbnail,Italian,,0,0,0,,0,16,0,14
Nelson Piquet,TEAM_LOTUS,Team Lotus,TEAM_LOTUS,1989,Driver,https://upload.wikimedia.org/wikipedia/commons/thumb/5/5b/Cerimonia_de_entrega_da_medalha_Bras%C3%ADlia_60_anos_-_16.jpg/330px-Cerimonia_de_entrega_da_medalha_Bras%C3%ADlia_60_anos_-_16.jpg?utm_source=en.wikipedia.org&utm_campaign=api&utm_content=thumbnail,Brazilian,8,0,0,0,,7,15,0,7
Nicola Larini,OSELLA,Osella,OSELLA,1989,Driver,https://upload.wikimedia.org/wikipedia/commons/thumb/6/6d/Nicola_Larini_2006_Curitiba.jpg/330px-Nicola_Larini_2006_Curitiba.jpg?utm_source=en.wikipedia.org&utm_campaign=api&utm_content=thumbnail,Italian,,0,0,0,,0,8,0,7
Stefano Modena,BRABHAM,Brabham,BRABHAM,1989,Driver,https://upload.wikimedia.org/wikipedia/commons/thumb/6/60/Stefano_Modena_-_Alfa_Romeo_155_V6_Ti_at_Donington_1995_%2849829989223%29.jpg/330px-Stefano_Modena_-_Alfa_Romeo_155_V6_Ti_at_Donington_1995_%2849829989223%29.jpg?utm_source=en.wikipedia.org&utm_campaign=api&utm_content=thumbnail,Italian,18,0,1,0,,3,16,0,11
Thierry Boutsen,WILLIAMS,Williams,WILLIAMS,1989,Driver,https://upload.wikimedia.org/wikipedia/commons/thumb/4/4b/Thierry_Boutsen_at_the_2026_Adelaide_Motorsport_Festival_%28028A6498%29.jpg/330px-Thierry_Boutsen_at_the_2026_Adelaide_Motorsport_Festival_%28028A6498%29.jpg?utm_source=en.wikipedia.org&utm_campaign=api&utm_content=thumbnail,Belgian,5,2,5,0,,10,16,0,6
Pierluigi Martini,MINARDI,Minardi,MINARDI,1989,Driver,https://upload.wikimedia.org/wikipedia/commons/thumb/5/58/Pierluigi_Martini_celebrates_on_the_podium_at_the_1999_Le_Mans_%2851889440091%29.jpg/330px-Pierluigi_Martini_celebrates_on_the_podium_at_the_1999_Le_Mans_%2851889440091%29.jpg?utm_source=en.wikipedia.org&utm_campaign=api&utm_content=thumbnail,Italian,15,0,0,0,,6,15,0,9
Gerhard Berger,FERRARI,Ferrari,FERRARI,1989,Driver,https://upload.wikimedia.org/wikipedia/commons/thumb/c/c9/Gerhard_Berger_1991USA_%28cropped%29.jpg/330px-Gerhard_Berger_1991USA_%28cropped%29.jpg?utm_source=en.wikipedia.org&utm_campaign=api&utm_content=thumbnail,Austrian,7,1,3,0,,3,15,0,12
Alex Caffi,DALLARA,Dallara,DALLARA,1989,Driver,https://upload.wikimedia.org/wikipedia/commons/thumb/0/0f/Alex_Caffi_1991_%28cropped%29.jpg/330px-Alex_Caffi_1991_%28cropped%29.jpg?utm_source=en.wikipedia.org&utm_campaign=api&utm_content=thumbnail,Italian,19,0,0,0,,5,14,0,7
Gabriele Tarquini,AGS,AGS,AGS,1989,Driver,https://upload.wikimedia.org/wikipedia/commons/thumb/7/71/%E3%81%93%E3%81%86%E3%81%97%E3%81%A6%E3%81%BF%E3%82%8B%E3%81%A8%E3%81%9F%E3%81%A0%E3%81%AE%E7%88%BA%E3%81%95%E3%82%93_%2815506042327%29.jpg/330px-%E3%81%93%E3%81%86%E3%81%97%E3%81%A6%E3%81%BF%E3%82%8B%E3%81%A8%E3%81%9F%E3%81%A0%E3%81%AE%E7%88%BA%E3%81%95%E3%82%93_%2815506042327%29.jpg?utm_source=en.wikipedia.org&utm_campaign=api&utm_content=thumbnail,Italian,27,0,0,0,,3,6,0,3
Yannick Dalmas,LARROUSSE,Larrousse,LARROUSSE,1989,Driver,https://upload.wikimedia.org/wikipedia/commons/thumb/2/2c/Yannick_DALMAS.JPG/330px-Yannick_DALMAS.JPG?utm_source=en.wikipedia.org&utm_campaign=api&utm_content=thumbnail,French,,0,0,0,,0,1,0,1
René Arnoux,LIGIER,Ligier,LIGIER,1989,Driver,https://upload.wikimedia.org/wikipedia/commons/thumb/6/6f/Rene_Arnoux_WSR2008_HU.png/330px-Rene_Arnoux_WSR2008_HU.png?utm_source=en.wikipedia.org&utm_campaign=api&utm_content=thumbnail,French,24,0,0,0,,2,9,0,3
Roberto Moreno,COLONI,Coloni,COLONI,1989,Driver,https://upload.wikimedia.org/wikipedia/commons/thumb/f/f4/Roberto_Bud_suite_97.tif/lossy-page1-330px-Roberto_Bud_suite_97.tif.jpg?utm_source=en.wikipedia.org&utm_campaign=api&utm_content=thumbnail,Brazilian,,0,0,0,,0,4,0,4
Pierre-Henri Raphanel,COLONI,Coloni,COLONI,1989,Driver,https://upload.wikimedia.org/wikipedia/en/thumb/f/fb/Coloni_1989.jpg/330px-Coloni_1989.jpg?utm_source=en.wikipedia.org&utm_campaign=api&utm_content=thumbnail,French,,0,0,0,,0,1,0,1
Stefan Johansson,ONYX,Onyx,ONYX,1989,Driver,https://upload.wikimedia.org/wikipedia/commons/thumb/0/0f/Stefan_Johansson_at_the_2026_Adelaide_Motorsport_Festival_%28028A6526%29.jpg/330px-Stefan_Johansson_at_the_2026_Adelaide_Motorsport_Festival_%28028A6526%29.jpg?utm_source=en.wikipedia.org&utm_campaign=api&utm_content=thumbnail,Swedish,12,0,1,0,,3,8,0,5
Jean Alesi,TYRRELL,Tyrrell,TYRRELL,1989,Driver,https://upload.wikimedia.org/wikipedia/commons/thumb/c/c7/Jean_Alesi%2C_GIMS_2019%2C_Le_Grand-Saconnex_%28GIMS0047%29.jpg/330px-Jean_Alesi%2C_GIMS_2019%2C_Le_Grand-Saconnex_%28GIMS0047%29.jpg?utm_source=en.wikipedia.org&utm_campaign=api&utm_content=thumbnail,French,9,0,0,0,,5,8,0,3
Emanuele Pirro,BENETTON,Benetton,BENETTON,1989,Driver,https://upload.wikimedia.org/wikipedia/commons/thumb/9/91/Emanuele_Pirro_on_the_podium_in_3rd_place_at_the_2005_Le_Mans_%2854321410143%29.jpg/330px-Emanuele_Pirro_on_the_podium_in_3rd_place_at_the_2005_Le_Mans_%2854321410143%29.jpg?utm_source=en.wikipedia.org&utm_campaign=api&utm_content=thumbnail,Italian,23,0,0,0,,4,10,0,5
Éric Bernard,LARROUSSE,Larrousse,LARROUSSE,1989,Driver,https://upload.wikimedia.org/wikipedia/commons/thumb/b/b1/Cadillac_Northstar_LMP_02_-_Emmanuel_Collard%2C_Eric_Bernard_%26_J.J._Lehto_at_the_2002_Le_Mans_%2854294864286%29.jpg/330px-Cadillac_Northstar_LMP_02_-_Emmanuel_Collard%2C_Eric_Bernard_%26_J.J._Lehto_at_the_2002_Le_Mans_%2854294864286%29.jpg?utm_source=en.wikipedia.org&utm_campaign=api&utm_content=thumbnail,French,,0,0,0,,0,2,0,1
Martin Donnelly,ARROWS,Arrows,ARROWS,1989,Driver,https://upload.wikimedia.org/wikipedia/commons/thumb/a/ad/Martin_Donnelly_at_the_2026_Adelaide_Motorsport_Festival_%28028A6518%29.jpg/330px-Martin_Donnelly_at_the_2026_Adelaide_Motorsport_Festival_%28028A6518%29.jpg?utm_source=en.wikipedia.org&utm_campaign=api&utm_content=thumbnail,British,,0,0,0,,0,1,0,0
Bertrand Gachot,ONYX,Onyx,ONYX,1989,Driver,https://upload.wikimedia.org/wikipedia/commons/thumb/0/08/Bertrand_Gachot_-_1991_US_GP.jpg/330px-Bertrand_Gachot_-_1991_US_GP.jpg?utm_source=en.wikipedia.org&utm_campaign=api&utm_content=thumbnail,Belgian,,0,0,0,,0,5,0,3
Volker Weidler,RIAL,Rial,RIAL,1989,Driver,https://upload.wikimedia.org/wikipedia/commons/thumb/7/71/Le_Mans-120121-0073FP_%28cropped%29.jpg/330px-Le_Mans-120121-0073FP_%28cropped%29.jpg?utm_source=en.wikipedia.org&utm_campaign=api&utm_content=thumbnail,German,,0,0,0,,0,1,0,1
Piercarlo Ghinzani,OSELLA,Osella,OSELLA,1989,Driver,https://upload.wikimedia.org/wikipedia/commons/thumb/6/6c/1985_European_GP_Piercarlo_Ghinzani_%28cropped%29.jpg/330px-1985_European_GP_Piercarlo_Ghinzani_%28cropped%29.jpg?utm_source=en.wikipedia.org&utm_campaign=api&utm_content=thumbnail,Italian,,0,0,0,,0,3,0,3
Jyrki Järvilehto,ONYX,Onyx,ONYX,1989,Driver,https://upload.wikimedia.org/wikipedia/commons/thumb/4/44/JJ_Lehto_%283rd_placed%29_on_the_podium_for_the_2004_Le_Mans_%2850884348761%29.jpg/330px-JJ_Lehto_%283rd_placed%29_on_the_podium_for_the_2004_Le_Mans_%2850884348761%29.jpg?utm_source=en.wikipedia.org&utm_campaign=api&utm_content=thumbnail,Finnish,,0,0,0,,0,2,0,2
Ayrton Senna,MCLAREN,McLaren,MCLAREN,1990,Driver,https://upload.wikimedia.org/wikipedia/commons/9/9f/Ayrton_Senna_Pesawat_RC_Cropped.jpg?utm_source=en.wikipedia.org&utm_campaign=api&utm_content=thumbnail_unscaled,Brazilian,1,6,11,10,,11,16,1,4
Jean Alesi,TYRRELL,Tyrrell,TYRRELL,1990,Driver,https://upload.wikimedia.org/wikipedia/commons/thumb/c/c7/Jean_Alesi%2C_GIMS_2019%2C_Le_Grand-Saconnex_%28GIMS0047%29.jpg/330px-Jean_Alesi%2C_GIMS_2019%2C_Le_Grand-Saconnex_%28GIMS0047%29.jpg?utm_source=en.wikipedia.org&utm_campaign=api&utm_content=thumbnail,French,9,0,2,0,,9,16,0,6
Thierry Boutsen,WILLIAMS,Williams,WILLIAMS,1990,Driver,https://upload.wikimedia.org/wikipedia/commons/thumb/4/4b/Thierry_Boutsen_at_the_2026_Adelaide_Motorsport_Festival_%28028A6498%29.jpg/330px-Thierry_Boutsen_at_the_2026_Adelaide_Motorsport_Festival_%28028A6498%29.jpg?utm_source=en.wikipedia.org&utm_campaign=api&utm_content=thumbnail,Belgian,6,1,3,1,,10,16,0,6
Nelson Piquet,BENETTON,Benetton,BENETTON,1990,Driver,https://upload.wikimedia.org/wikipedia/commons/thumb/5/5b/Cerimonia_de_entrega_da_medalha_Bras%C3%ADlia_60_anos_-_16.jpg/330px-Cerimonia_de_entrega_da_medalha_Bras%C3%ADlia_60_anos_-_16.jpg?utm_source=en.wikipedia.org&utm_campaign=api&utm_content=thumbnail,Brazilian,3,2,4,0,,13,16,0,3
Stefano Modena,BRABHAM,Brabham,BRABHAM,1990,Driver,https://upload.wikimedia.org/wikipedia/commons/thumb/6/60/Stefano_Modena_-_Alfa_Romeo_155_V6_Ti_at_Donington_1995_%2849829989223%29.jpg/330px-Stefano_Modena_-_Alfa_Romeo_155_V6_Ti_at_Donington_1995_%2849829989223%29.jpg?utm_source=en.wikipedia.org&utm_campaign=api&utm_content=thumbnail,Italian,17,0,0,0,,3,16,0,9
Satoru Nakajima,TYRRELL,Tyrrell,TYRRELL,1990,Driver,https://upload.wikimedia.org/wikipedia/commons/thumb/8/8b/Satoru_Nakajima_2008_Motorsport_Japan_%28cropped%29.jpg/330px-Satoru_Nakajima_2008_Motorsport_Japan_%28cropped%29.jpg?utm_source=en.wikipedia.org&utm_campaign=api&utm_content=thumbnail,Japanese,15,0,0,0,,4,16,0,11
Pierluigi Martini,MINARDI,Minardi,MINARDI,1990,Driver,https://upload.wikimedia.org/wikipedia/commons/thumb/5/58/Pierluigi_Martini_celebrates_on_the_podium_at_the_1999_Le_Mans_%2851889440091%29.jpg/330px-Pierluigi_Martini_celebrates_on_the_podium_at_the_1999_Le_Mans_%2851889440091%29.jpg?utm_source=en.wikipedia.org&utm_campaign=api&utm_content=thumbnail,Italian,,0,0,0,,4,16,0,9
Éric Bernard,LARROUSSE,Larrousse,LARROUSSE,1990,Driver,https://upload.wikimedia.org/wikipedia/commons/thumb/b/b1/Cadillac_Northstar_LMP_02_-_Emmanuel_Collard%2C_Eric_Bernard_%26_J.J._Lehto_at_the_2002_Le_Mans_%2854294864286%29.jpg/330px-Cadillac_Northstar_LMP_02_-_Emmanuel_Collard%2C_Eric_Bernard_%26_J.J._Lehto_at_the_2002_Le_Mans_%2854294864286%29.jpg?utm_source=en.wikipedia.org&utm_campaign=api&utm_content=thumbnail,French,13,0,0,0,,7,16,0,8
Riccardo Patrese,WILLIAMS,Williams,WILLIAMS,1990,Driver,https://upload.wikimedia.org/wikipedia/commons/3/3e/Riccardo_Patrese_in_the_paddock_before_the_1993_British_Grand_Prix_%2833686653515%29_%28Cropped%29.jpg?utm_source=en.wikipedia.org&utm_campaign=api&utm_content=thumbnail_unscaled,Italian,7,1,1,0,,11,16,0,4
Michele Alboreto,ARROWS,Arrows,ARROWS,1990,Driver,https://upload.wikimedia.org/wikipedia/commons/thumb/7/76/SCA_0029_MICHELE_ALBORETO_-_Ferrari_F_1-87_-_1987_neg._125_10x15_R_%28cropped%29.JPG/330px-SCA_0029_MICHELE_ALBORETO_-_Ferrari_F_1-87_-_1987_neg._125_10x15_R_%28cropped%29.JPG?utm_source=en.wikipedia.org&utm_campaign=api&utm_content=thumbnail,Italian,,0,0,0,,4,13,0,5
Alessandro Nannini,BENETTON,Benetton,BENETTON,1990,Driver,https://upload.wikimedia.org/wikipedia/commons/thumb/c/cf/Alessandro_Nannini_-_Alfa_Corse_-_Alfa_Romeo_155_V6_TI_94_%2846745279511%29.jpg/330px-Alessandro_Nannini_-_Alfa_Corse_-_Alfa_Romeo_155_V6_TI_94_%2846745279511%29.jpg?utm_source=en.wikipedia.org&utm_campaign=api&utm_content=thumbnail,Italian,8,0,3,0,,8,14,0,4
Bernd Schneider,ARROWS,Arrows,ARROWS,1990,Driver,https://upload.wikimedia.org/wikipedia/commons/thumb/6/68/BerndSchneider.JPG/330px-BerndSchneider.JPG?utm_source=en.wikipedia.org&utm_campaign=api&utm_content=thumbnail,German,,0,0,0,,0,1,0,0
Roberto Moreno,EUROBRUN,Euro Brun,EUROBRUN|BENETTON,1990,Driver,https://upload.wikimedia.org/wikipedia/commons/thumb/f/f4/Roberto_Bud_suite_97.tif/lossy-page1-330px-Roberto_Bud_suite_97.tif.jpg?utm_source=en.wikipedia.org&utm_campaign=api&utm_content=thumbnail,Brazilian,11,0,1,0,,2,5,0,2
Maurício Gugelmin,LEYTON,Leyton House,LEYTON,1990,Driver,https://upload.wikimedia.org/wikipedia/commons/thumb/e/ea/Gugelmin_%28cropped%29.jpg/330px-Gugelmin_%28cropped%29.jpg?utm_source=en.wikipedia.org&utm_campaign=api&utm_content=thumbnail,Brazilian,18,0,0,0,,3,12,0,7
Aguri Suzuki,LARROUSSE,Larrousse,LARROUSSE,1990,Driver,https://upload.wikimedia.org/wikipedia/commons/thumb/a/ac/Suzuki_Sepang_25.png/330px-Suzuki_Sepang_25.png?utm_source=en.wikipedia.org&utm_campaign=api&utm_content=thumbnail,Japanese,12,0,1,0,,4,16,0,10
Nigel Mansell,FERRARI,Ferrari,FERRARI,1990,Driver,https://upload.wikimedia.org/wikipedia/commons/thumb/e/e4/Nigel_Mansell_-_Mexican_Grand_Prix_01_%28cropped%29.jpeg/330px-Nigel_Mansell_-_Mexican_Grand_Prix_01_%28cropped%29.jpeg?utm_source=en.wikipedia.org&utm_campaign=api&utm_content=thumbnail,British,5,1,5,3,,7,16,0,7
Gerhard Berger,MCLAREN,McLaren,MCLAREN,1990,Driver,https://upload.wikimedia.org/wikipedia/commons/thumb/c/c9/Gerhard_Berger_1991USA_%28cropped%29.jpg/330px-Gerhard_Berger_1991USA_%28cropped%29.jpg?utm_source=en.wikipedia.org&utm_campaign=api&utm_content=thumbnail,Austrian,4,0,7,2,,11,16,0,3
Olivier Grouillard,OSELLA,Osella,OSELLA,1990,Driver,https://upload.wikimedia.org/wikipedia/commons/thumb/a/af/Andy_Wallace_%26_Olivier_Grouillard_on_the_podium_at_the_Norwich_Union_Empire_Trophy%2C_Silverstone_4_Hrs_1995_%2849890621322%29_%28cropped%29.jpg/330px-Andy_Wallace_%26_Olivier_Grouillard_on_the_podium_at_the_Norwich_Union_Empire_Trophy%2C_Silverstone_4_Hrs_1995_%2849890621322%29_%28cropped%29.jpg?utm_source=en.wikipedia.org&utm_campaign=api&utm_content=thumbnail,French,,0,0,0,,0,9,0,5
Andrea de Cesaris,DALLARA,Dallara,DALLARA,1990,Driver,https://upload.wikimedia.org/wikipedia/commons/2/22/Andrea_De_Cesaris_1982.jpg?utm_source=en.wikipedia.org&utm_campaign=api&utm_content=thumbnail_unscaled,Italian,,0,0,0,,1,15,0,13
Alain Prost,FERRARI,Ferrari,FERRARI,1990,Driver,https://upload.wikimedia.org/wikipedia/commons/thumb/7/74/Festival_automobile_international_2015_-_Photocall_-_065_%28cropped3%29.jpg/330px-Festival_automobile_international_2015_-_Photocall_-_065_%28cropped3%29.jpg?utm_source=en.wikipedia.org&utm_campaign=api&utm_content=thumbnail,French,2,5,9,0,,12,16,0,4
Ivan Capelli,LEYTON,Leyton House,LEYTON,1990,Driver,https://upload.wikimedia.org/wikipedia/commons/thumb/1/1c/Capelli_1991_%28cropped%29.jpg/330px-Capelli_1991_%28cropped%29.jpg?utm_source=en.wikipedia.org&utm_campaign=api&utm_content=thumbnail,Italian,10,0,1,0,,4,14,0,10
Derek Warwick,TEAM_LOTUS,Team Lotus,TEAM_LOTUS,1990,Driver,https://upload.wikimedia.org/wikipedia/commons/thumb/4/47/Derek_Warwick_Silverstone_2014.JPG/330px-Derek_Warwick_Silverstone_2014.JPG?utm_source=en.wikipedia.org&utm_campaign=api&utm_content=thumbnail,British,14,0,0,0,,5,16,0,9
Nicola Larini,LIGIER,Ligier,LIGIER,1990,Driver,https://upload.wikimedia.org/wikipedia/commons/thumb/6/6d/Nicola_Larini_2006_Curitiba.jpg/330px-Nicola_Larini_2006_Curitiba.jpg?utm_source=en.wikipedia.org&utm_campaign=api&utm_content=thumbnail,Italian,,0,0,0,,7,16,0,3
Martin Donnelly,TEAM_LOTUS,Team Lotus,TEAM_LOTUS,1990,Driver,https://upload.wikimedia.org/wikipedia/commons/thumb/a/ad/Martin_Donnelly_at_the_2026_Adelaide_Motorsport_Festival_%28028A6518%29.jpg/330px-Martin_Donnelly_at_the_2026_Adelaide_Motorsport_Festival_%28028A6518%29.jpg?utm_source=en.wikipedia.org&utm_campaign=api&utm_content=thumbnail,British,,0,0,0,,3,14,0,9
Philippe Alliot,LIGIER,Ligier,LIGIER,1990,Driver,https://upload.wikimedia.org/wikipedia/commons/thumb/3/38/Philippe_Alliot_en_1993_%28bearb_Sp%29.jpg/330px-Philippe_Alliot_en_1993_%28bearb_Sp%29.jpg?utm_source=en.wikipedia.org&utm_campaign=api&utm_content=thumbnail,French,,0,0,0,,3,15,0,6
Gianni Morbidelli,MINARDI,Minardi,MINARDI|DALLARA,1990,Driver,https://upload.wikimedia.org/wikipedia/commons/thumb/1/16/Gianni_morbidelli_spafrancorchamps2014.JPG/330px-Gianni_morbidelli_spafrancorchamps2014.JPG?utm_source=en.wikipedia.org&utm_campaign=api&utm_content=thumbnail,Italian,,0,0,0,,0,3,0,2
Alex Caffi,ARROWS,Arrows,ARROWS,1990,Driver,https://upload.wikimedia.org/wikipedia/commons/thumb/0/0f/Alex_Caffi_1991_%28cropped%29.jpg/330px-Alex_Caffi_1991_%28cropped%29.jpg?utm_source=en.wikipedia.org&utm_campaign=api&utm_content=thumbnail,Italian,16,0,0,0,,8,11,0,2
Yannick Dalmas,AGS,AGS,AGS,1990,Driver,https://upload.wikimedia.org/wikipedia/commons/thumb/2/2c/Yannick_DALMAS.JPG/330px-Yannick_DALMAS.JPG?utm_source=en.wikipedia.org&utm_campaign=api&utm_content=thumbnail,French,,0,0,0,,1,5,0,3
Jyrki Järvilehto,ONYX,Onyx,ONYX,1990,Driver,https://upload.wikimedia.org/wikipedia/commons/thumb/4/44/JJ_Lehto_%283rd_placed%29_on_the_podium_for_the_2004_Le_Mans_%2850884348761%29.jpg/330px-JJ_Lehto_%283rd_placed%29_on_the_podium_for_the_2004_Le_Mans_%2850884348761%29.jpg?utm_source=en.wikipedia.org&utm_campaign=api&utm_content=thumbnail,Finnish,,0,0,0,,0,5,0,4
Emanuele Pirro,DALLARA,Dallara,DALLARA,1990,Driver,https://upload.wikimedia.org/wikipedia/commons/thumb/9/91/Emanuele_Pirro_on_the_podium_in_3rd_place_at_the_2005_Le_Mans_%2854321410143%29.jpg/330px-Emanuele_Pirro_on_the_podium_in_3rd_place_at_the_2005_Le_Mans_%2854321410143%29.jpg?utm_source=en.wikipedia.org&utm_campaign=api&utm_content=thumbnail,Italian,,0,0,0,,1,14,0,11
David Brabham,BRABHAM,Brabham,BRABHAM,1990,Driver,https://upload.wikimedia.org/wikipedia/commons/thumb/0/08/David_Brabham_at_the_2026_Adelaide_Motorsport_Festival_%28028A6665%29.jpg/330px-David_Brabham_at_the_2026_Adelaide_Motorsport_Festival_%28028A6665%29.jpg?utm_source=en.wikipedia.org&utm_campaign=api&utm_content=thumbnail,Australian,,0,0,0,,0,8,0,7
Gabriele Tarquini,AGS,AGS,AGS,1990,Driver,https://upload.wikimedia.org/wikipedia/commons/thumb/7/71/%E3%81%93%E3%81%86%E3%81%97%E3%81%A6%E3%81%BF%E3%82%8B%E3%81%A8%E3%81%9F%E3%81%A0%E3%81%AE%E7%88%BA%E3%81%95%E3%82%93_%2815506042327%29.jpg/330px-%E3%81%93%E3%81%86%E3%81%97%E3%81%A6%E3%81%BF%E3%82%8B%E3%81%A8%E3%81%9F%E3%81%A0%E3%81%AE%E7%88%BA%E3%81%95%E3%82%93_%2815506042327%29.jpg?utm_source=en.wikipedia.org&utm_campaign=api&utm_content=thumbnail,Italian,,0,0,0,,0,4,0,3
Johnny Herbert,TEAM_LOTUS,Team Lotus,TEAM_LOTUS,1990,Driver,https://upload.wikimedia.org/wikipedia/commons/thumb/b/bf/Johnny_Herbert_%2831729263593%29.jpg/330px-Johnny_Herbert_%2831729263593%29.jpg?utm_source=en.wikipedia.org&utm_campaign=api&utm_content=thumbnail,British,,0,0,0,,0,2,0,2
Ayrton Senna,MCLAREN,McLaren,MCLAREN,1991,Driver,https://upload.wikimedia.org/wikipedia/commons/9/9f/Ayrton_Senna_Pesawat_RC_Cropped.jpg?utm_source=en.wikipedia.org&utm_campaign=api&utm_content=thumbnail_unscaled,Brazilian,1,7,12,8,,15,16,1,1
Alain Prost,FERRARI,Ferrari,FERRARI,1991,Driver,https://upload.wikimedia.org/wikipedia/commons/thumb/7/74/Festival_automobile_international_2015_-_Photocall_-_065_%28cropped3%29.jpg/330px-Festival_automobile_international_2015_-_Photocall_-_065_%28cropped3%29.jpg?utm_source=en.wikipedia.org&utm_campaign=api&utm_content=thumbnail,French,5,0,5,0,,8,15,0,7
Nelson Piquet,BENETTON,Benetton,BENETTON,1991,Driver,https://upload.wikimedia.org/wikipedia/commons/thumb/5/5b/Cerimonia_de_entrega_da_medalha_Bras%C3%ADlia_60_anos_-_16.jpg/330px-Cerimonia_de_entrega_da_medalha_Bras%C3%ADlia_60_anos_-_16.jpg?utm_source=en.wikipedia.org&utm_campaign=api&utm_content=thumbnail,Brazilian,6,1,3,0,,10,16,0,5
Stefano Modena,TYRRELL,Tyrrell,TYRRELL,1991,Driver,https://upload.wikimedia.org/wikipedia/commons/thumb/6/60/Stefano_Modena_-_Alfa_Romeo_155_V6_Ti_at_Donington_1995_%2849829989223%29.jpg/330px-Stefano_Modena_-_Alfa_Romeo_155_V6_Ti_at_Donington_1995_%2849829989223%29.jpg?utm_source=en.wikipedia.org&utm_campaign=api&utm_content=thumbnail,Italian,8,0,1,0,,5,16,0,7
Satoru Nakajima,TYRRELL,Tyrrell,TYRRELL,1991,Driver,https://upload.wikimedia.org/wikipedia/commons/thumb/8/8b/Satoru_Nakajima_2008_Motorsport_Japan_%28cropped%29.jpg/330px-Satoru_Nakajima_2008_Motorsport_Japan_%28cropped%29.jpg?utm_source=en.wikipedia.org&utm_campaign=api&utm_content=thumbnail,Japanese,15,0,0,0,,3,16,0,9
Aguri Suzuki,LOLA,Lola,LOLA|LARROUSSE,1991,Driver,https://upload.wikimedia.org/wikipedia/commons/thumb/a/ac/Suzuki_Sepang_25.png/330px-Suzuki_Sepang_25.png?utm_source=en.wikipedia.org&utm_campaign=api&utm_content=thumbnail,Japanese,22,0,0,0,,1,12,0,11
Nicola Larini,LAMBO,Lambo,LAMBO,1991,Driver,https://upload.wikimedia.org/wikipedia/commons/thumb/6/6d/Nicola_Larini_2006_Curitiba.jpg/330px-Nicola_Larini_2006_Curitiba.jpg?utm_source=en.wikipedia.org&utm_campaign=api&utm_content=thumbnail,Italian,,0,0,0,,1,5,0,2
Gabriele Tarquini,AGS,AGS,AGS|FONDMETAL,1991,Driver,https://upload.wikimedia.org/wikipedia/commons/thumb/7/71/%E3%81%93%E3%81%86%E3%81%97%E3%81%A6%E3%81%BF%E3%82%8B%E3%81%A8%E3%81%9F%E3%81%A0%E3%81%AE%E7%88%BA%E3%81%95%E3%82%93_%2815506042327%29.jpg/330px-%E3%81%93%E3%81%86%E3%81%97%E3%81%A6%E3%81%BF%E3%82%8B%E3%81%A8%E3%81%9F%E3%81%A0%E3%81%AE%E7%88%BA%E3%81%95%E3%82%93_%2815506042327%29.jpg?utm_source=en.wikipedia.org&utm_campaign=api&utm_content=thumbnail,Italian,,0,0,0,,1,5,0,2
Pierluigi Martini,MINARDI,Minardi,MINARDI,1991,Driver,https://upload.wikimedia.org/wikipedia/commons/thumb/5/58/Pierluigi_Martini_celebrates_on_the_podium_at_the_1999_Le_Mans_%2851889440091%29.jpg/330px-Pierluigi_Martini_celebrates_on_the_podium_at_the_1999_Le_Mans_%2851889440091%29.jpg?utm_source=en.wikipedia.org&utm_campaign=api&utm_content=thumbnail,Italian,11,0,0,0,,6,16,0,7
Bertrand Gachot,JORDAN,Jordan,JORDAN,1991,Driver,https://upload.wikimedia.org/wikipedia/commons/thumb/0/08/Bertrand_Gachot_-_1991_US_GP.jpg/330px-Bertrand_Gachot_-_1991_US_GP.jpg?utm_source=en.wikipedia.org&utm_campaign=api&utm_content=thumbnail,Belgian,13,0,0,0,,6,10,0,3
Martin Brundle,BRABHAM,Brabham,BRABHAM,1991,Driver,https://upload.wikimedia.org/wikipedia/commons/thumb/3/36/Martin_Brundle_2021_%2851591210921%29_%28cropped%29.jpg/330px-Martin_Brundle_2021_%2851591210921%29_%28cropped%29.jpg?utm_source=en.wikipedia.org&utm_campaign=api&utm_content=thumbnail,British,17,0,0,0,,3,14,0,5
Jean Alesi,FERRARI,Ferrari,FERRARI,1991,Driver,https://upload.wikimedia.org/wikipedia/commons/thumb/c/c7/Jean_Alesi%2C_GIMS_2019%2C_Le_Grand-Saconnex_%28GIMS0047%29.jpg/330px-Jean_Alesi%2C_GIMS_2019%2C_Le_Grand-Saconnex_%28GIMS0047%29.jpg?utm_source=en.wikipedia.org&utm_campaign=api&utm_content=thumbnail,French,7,0,3,0,,7,16,0,8
Mika Häkkinen,TEAM_LOTUS,Team Lotus,TEAM_LOTUS,1991,Driver,https://upload.wikimedia.org/wikipedia/commons/thumb/a/a6/Mika_H%C3%A4kkinen_Champions_for_Charity_2016-07-27.jpg/330px-Mika_H%C3%A4kkinen_Champions_for_Charity_2016-07-27.jpg?utm_source=en.wikipedia.org&utm_campaign=api&utm_content=thumbnail,Finnish,16,0,0,0,,3,15,0,6
Riccardo Patrese,WILLIAMS,Williams,WILLIAMS,1991,Driver,https://upload.wikimedia.org/wikipedia/commons/3/3e/Riccardo_Patrese_in_the_paddock_before_the_1993_British_Grand_Prix_%2833686653515%29_%28Cropped%29.jpg?utm_source=en.wikipedia.org&utm_campaign=api&utm_content=thumbnail_unscaled,Italian,3,2,8,4,,11,16,0,5
Roberto Moreno,BENETTON,Benetton,BENETTON|JORDAN|MINARDI,1991,Driver,https://upload.wikimedia.org/wikipedia/commons/thumb/f/f4/Roberto_Bud_suite_97.tif/lossy-page1-330px-Roberto_Bud_suite_97.tif.jpg?utm_source=en.wikipedia.org&utm_campaign=api&utm_content=thumbnail,Brazilian,10,0,0,0,,7,14,0,5
Michele Alboreto,FOOTWORK,Footwork,FOOTWORK,1991,Driver,https://upload.wikimedia.org/wikipedia/commons/thumb/7/76/SCA_0029_MICHELE_ALBORETO_-_Ferrari_F_1-87_-_1987_neg._125_10x15_R_%28cropped%29.JPG/330px-SCA_0029_MICHELE_ALBORETO_-_Ferrari_F_1-87_-_1987_neg._125_10x15_R_%28cropped%29.JPG?utm_source=en.wikipedia.org&utm_campaign=api&utm_content=thumbnail,Italian,,0,0,0,,0,9,0,7
Ivan Capelli,LEYTON,Leyton House,LEYTON,1991,Driver,https://upload.wikimedia.org/wikipedia/commons/thumb/1/1c/Capelli_1991_%28cropped%29.jpg/330px-Capelli_1991_%28cropped%29.jpg?utm_source=en.wikipedia.org&utm_campaign=api&utm_content=thumbnail,Italian,20,0,0,0,,2,14,0,11
Thierry Boutsen,LIGIER,Ligier,LIGIER,1991,Driver,https://upload.wikimedia.org/wikipedia/commons/thumb/4/4b/Thierry_Boutsen_at_the_2026_Adelaide_Motorsport_Festival_%28028A6498%29.jpg/330px-Thierry_Boutsen_at_the_2026_Adelaide_Motorsport_Festival_%28028A6498%29.jpg?utm_source=en.wikipedia.org&utm_campaign=api&utm_content=thumbnail,Belgian,,0,0,0,,6,16,0,6
Gerhard Berger,MCLAREN,McLaren,MCLAREN,1991,Driver,https://upload.wikimedia.org/wikipedia/commons/thumb/c/c9/Gerhard_Berger_1991USA_%28cropped%29.jpg/330px-Gerhard_Berger_1991USA_%28cropped%29.jpg?utm_source=en.wikipedia.org&utm_campaign=api&utm_content=thumbnail,Austrian,4,1,6,2,,9,16,0,7
Nigel Mansell,WILLIAMS,Williams,WILLIAMS,1991,Driver,https://upload.wikimedia.org/wikipedia/commons/thumb/e/e4/Nigel_Mansell_-_Mexican_Grand_Prix_01_%28cropped%29.jpeg/330px-Nigel_Mansell_-_Mexican_Grand_Prix_01_%28cropped%29.jpeg?utm_source=en.wikipedia.org&utm_campaign=api&utm_content=thumbnail,British,2,5,9,2,,10,16,0,6
Maurício Gugelmin,LEYTON,Leyton House,LEYTON,1991,Driver,https://upload.wikimedia.org/wikipedia/commons/thumb/e/ea/Gugelmin_%28cropped%29.jpg/330px-Gugelmin_%28cropped%29.jpg?utm_source=en.wikipedia.org&utm_campaign=api&utm_content=thumbnail,Brazilian,,0,0,0,,4,16,0,8
Mark Blundell,BRABHAM,Brabham,BRABHAM,1991,Driver,https://upload.wikimedia.org/wikipedia/commons/thumb/3/34/Mark_Blundell_%285399713991%29.jpg/330px-Mark_Blundell_%285399713991%29.jpg?utm_source=en.wikipedia.org&utm_campaign=api&utm_content=thumbnail,British,19,0,0,0,,2,14,0,9
Emanuele Pirro,DALLARA,Dallara,DALLARA,1991,Driver,https://upload.wikimedia.org/wikipedia/commons/thumb/9/91/Emanuele_Pirro_on_the_podium_in_3rd_place_at_the_2005_Le_Mans_%2854321410143%29.jpg/330px-Emanuele_Pirro_on_the_podium_in_3rd_place_at_the_2005_Le_Mans_%2854321410143%29.jpg?utm_source=en.wikipedia.org&utm_campaign=api&utm_content=thumbnail,Italian,18,0,0,0,,7,13,0,4
Gianni Morbidelli,MINARDI,Minardi,MINARDI|FERRARI,1991,Driver,https://upload.wikimedia.org/wikipedia/commons/thumb/1/16/Gianni_morbidelli_spafrancorchamps2014.JPG/330px-Gianni_morbidelli_spafrancorchamps2014.JPG?utm_source=en.wikipedia.org&utm_campaign=api&utm_content=thumbnail,Italian,24,0,0,0,,5,16,0,8
Jyrki Järvilehto,DALLARA,Dallara,DALLARA,1991,Driver,https://upload.wikimedia.org/wikipedia/commons/thumb/4/44/JJ_Lehto_%283rd_placed%29_on_the_podium_for_the_2004_Le_Mans_%2850884348761%29.jpg/330px-JJ_Lehto_%283rd_placed%29_on_the_podium_for_the_2004_Le_Mans_%2850884348761%29.jpg?utm_source=en.wikipedia.org&utm_campaign=api&utm_content=thumbnail,Finnish,12,0,1,0,,2,16,0,11
Éric Bernard,LOLA,Lola,LOLA|LARROUSSE,1991,Driver,https://upload.wikimedia.org/wikipedia/commons/thumb/b/b1/Cadillac_Northstar_LMP_02_-_Emmanuel_Collard%2C_Eric_Bernard_%26_J.J._Lehto_at_the_2002_Le_Mans_%2854294864286%29.jpg/330px-Cadillac_Northstar_LMP_02_-_Emmanuel_Collard%2C_Eric_Bernard_%26_J.J._Lehto_at_the_2002_Le_Mans_%2854294864286%29.jpg?utm_source=en.wikipedia.org&utm_campaign=api&utm_content=thumbnail,French,21,0,0,0,,2,13,0,11
Érik Comas,LIGIER,Ligier,LIGIER,1991,Driver,https://upload.wikimedia.org/wikipedia/commons/thumb/d/d2/Comas_lm2005.jpg/330px-Comas_lm2005.jpg?utm_source=en.wikipedia.org&utm_campaign=api&utm_content=thumbnail,French,,0,0,0,,4,13,0,5
Andrea de Cesaris,JORDAN,Jordan,JORDAN,1991,Driver,https://upload.wikimedia.org/wikipedia/commons/2/22/Andrea_De_Cesaris_1982.jpg?utm_source=en.wikipedia.org&utm_campaign=api&utm_content=thumbnail_unscaled,Italian,9,0,0,0,,8,15,0,6
Julian Bailey,TEAM_LOTUS,Team Lotus,TEAM_LOTUS,1991,Driver,https://upload.wikimedia.org/wikipedia/commons/thumb/9/95/Julian_Bailey_1991_USA.jpg/330px-Julian_Bailey_1991_USA.jpg?utm_source=en.wikipedia.org&utm_campaign=api&utm_content=thumbnail,British,23,0,0,0,,1,1,0,0
Eric van de Poele,LAMBO,Lambo,LAMBO,1991,Driver,https://upload.wikimedia.org/wikipedia/commons/c/ca/Eric_van_de_Poele_2008.jpg?utm_source=en.wikipedia.org&utm_campaign=api&utm_content=thumbnail_unscaled,Belgian,,0,0,0,,1,1,0,0
Stefan Johansson,FOOTWORK,Footwork,FOOTWORK,1991,Driver,https://upload.wikimedia.org/wikipedia/commons/thumb/0/0f/Stefan_Johansson_at_the_2026_Adelaide_Motorsport_Festival_%28028A6526%29.jpg/330px-Stefan_Johansson_at_the_2026_Adelaide_Motorsport_Festival_%28028A6526%29.jpg?utm_source=en.wikipedia.org&utm_campaign=api&utm_content=thumbnail,Swedish,,0,0,0,,0,1,0,1
Johnny Herbert,TEAM_LOTUS,Team Lotus,TEAM_LOTUS,1991,Driver,https://upload.wikimedia.org/wikipedia/commons/thumb/b/bf/Johnny_Herbert_%2831729263593%29.jpg/330px-Johnny_Herbert_%2831729263593%29.jpg?utm_source=en.wikipedia.org&utm_campaign=api&utm_content=thumbnail,British,,0,0,0,,3,7,0,2
Olivier Grouillard,FONDMETAL,Fondmetal,FONDMETAL,1991,Driver,https://upload.wikimedia.org/wikipedia/commons/thumb/a/af/Andy_Wallace_%26_Olivier_Grouillard_on_the_podium_at_the_Norwich_Union_Empire_Trophy%2C_Silverstone_4_Hrs_1995_%2849890621322%29_%28cropped%29.jpg/330px-Andy_Wallace_%26_Olivier_Grouillard_on_the_podium_at_the_Norwich_Union_Empire_Trophy%2C_Silverstone_4_Hrs_1995_%2849890621322%29_%28cropped%29.jpg?utm_source=en.wikipedia.org&utm_campaign=api&utm_content=thumbnail,French,,0,0,0,,1,4,0,3
Michael Schumacher,BENETTON,Benetton,BENETTON|JORDAN,1991,Driver,https://upload.wikimedia.org/wikipedia/commons/thumb/c/c2/Michael_Schumacher%2C_September_2005.jpg/330px-Michael_Schumacher%2C_September_2005.jpg?utm_source=en.wikipedia.org&utm_campaign=api&utm_content=thumbnail,German,14,0,0,0,,3,6,0,3
Alessandro Zanardi,JORDAN,Jordan,JORDAN,1991,Driver,https://upload.wikimedia.org/wikipedia/commons/thumb/3/36/Alex_Zanardi_%28cropped%29.JPG/330px-Alex_Zanardi_%28cropped%29.JPG?utm_source=en.wikipedia.org&utm_campaign=api&utm_content=thumbnail,Italian,,0,0,0,,2,3,0,1
Alex Caffi,FOOTWORK,Footwork,FOOTWORK,1991,Driver,https://upload.wikimedia.org/wikipedia/commons/thumb/0/0f/Alex_Caffi_1991_%28cropped%29.jpg/330px-Alex_Caffi_1991_%28cropped%29.jpg?utm_source=en.wikipedia.org&utm_campaign=api&utm_content=thumbnail,Italian,,0,0,0,,1,2,0,0
Karl Wendlinger,LEYTON,Leyton House,LEYTON,1991,Driver,https://upload.wikimedia.org/wikipedia/commons/thumb/e/ef/GTS_class_winners_%2810th_overall%29_-_Karl_Wendlinger_-_Chrysler_Viper_GTS-R_-_on_the_podium_at_the_1999_Le_Mans_%2851897678180%29_%28cropped%29.jpg/330px-GTS_class_winners_%2810th_overall%29_-_Karl_Wendlinger_-_Chrysler_Viper_GTS-R_-_on_the_podium_at_the_1999_Le_Mans_%2851897678180%29_%28cropped%29.jpg?utm_source=en.wikipedia.org&utm_campaign=api&utm_content=thumbnail,Austrian,,0,0,0,,0,2,0,1
Nigel Mansell,WILLIAMS,Williams,WILLIAMS,1992,Driver,https://upload.wikimedia.org/wikipedia/commons/thumb/e/e4/Nigel_Mansell_-_Mexican_Grand_Prix_01_%28cropped%29.jpeg/330px-Nigel_Mansell_-_Mexican_Grand_Prix_01_%28cropped%29.jpeg?utm_source=en.wikipedia.org&utm_campaign=api&utm_content=thumbnail,British,1,9,12,14,,12,16,1,4
Riccardo Patrese,WILLIAMS,Williams,WILLIAMS,1992,Driver,https://upload.wikimedia.org/wikipedia/commons/3/3e/Riccardo_Patrese_in_the_paddock_before_the_1993_British_Grand_Prix_%2833686653515%29_%28Cropped%29.jpg?utm_source=en.wikipedia.org&utm_campaign=api&utm_content=thumbnail_unscaled,Italian,2,1,9,1,,11,16,0,5
Ayrton Senna,MCLAREN,McLaren,MCLAREN,1992,Driver,https://upload.wikimedia.org/wikipedia/commons/9/9f/Ayrton_Senna_Pesawat_RC_Cropped.jpg?utm_source=en.wikipedia.org&utm_campaign=api&utm_content=thumbnail_unscaled,Brazilian,4,3,7,1,,9,16,0,7
Michael Schumacher,BENETTON,Benetton,BENETTON,1992,Driver,https://upload.wikimedia.org/wikipedia/commons/thumb/c/c2/Michael_Schumacher%2C_September_2005.jpg/330px-Michael_Schumacher%2C_September_2005.jpg?utm_source=en.wikipedia.org&utm_campaign=api&utm_content=thumbnail,German,3,1,8,0,,12,16,0,4
Gerhard Berger,MCLAREN,McLaren,MCLAREN,1992,Driver,https://upload.wikimedia.org/wikipedia/commons/thumb/c/c9/Gerhard_Berger_1991USA_%28cropped%29.jpg/330px-Gerhard_Berger_1991USA_%28cropped%29.jpg?utm_source=en.wikipedia.org&utm_campaign=api&utm_content=thumbnail,Austrian,5,2,5,0,,10,16,0,6
Johnny Herbert,TEAM_LOTUS,Team Lotus,TEAM_LOTUS,1992,Driver,https://upload.wikimedia.org/wikipedia/commons/thumb/b/bf/Johnny_Herbert_%2831729263593%29.jpg/330px-Johnny_Herbert_%2831729263593%29.jpg?utm_source=en.wikipedia.org&utm_campaign=api&utm_content=thumbnail,British,15,0,0,0,,3,16,0,11
Érik Comas,LIGIER,Ligier,LIGIER,1992,Driver,https://upload.wikimedia.org/wikipedia/commons/thumb/d/d2/Comas_lm2005.jpg/330px-Comas_lm2005.jpg?utm_source=en.wikipedia.org&utm_campaign=api&utm_content=thumbnail,French,11,0,0,0,,8,16,0,8
Aguri Suzuki,FOOTWORK,Footwork,FOOTWORK,1992,Driver,https://upload.wikimedia.org/wikipedia/commons/thumb/a/ac/Suzuki_Sepang_25.png/330px-Suzuki_Sepang_25.png?utm_source=en.wikipedia.org&utm_campaign=api&utm_content=thumbnail,Japanese,,0,0,0,,7,14,0,5
Mika Häkkinen,TEAM_LOTUS,Team Lotus,TEAM_LOTUS,1992,Driver,https://upload.wikimedia.org/wikipedia/commons/thumb/a/a6/Mika_H%C3%A4kkinen_Champions_for_Charity_2016-07-27.jpg/330px-Mika_H%C3%A4kkinen_Champions_for_Charity_2016-07-27.jpg?utm_source=en.wikipedia.org&utm_campaign=api&utm_content=thumbnail,Finnish,8,0,0,0,,9,15,0,6
Michele Alboreto,FOOTWORK,Footwork,FOOTWORK,1992,Driver,https://upload.wikimedia.org/wikipedia/commons/thumb/7/76/SCA_0029_MICHELE_ALBORETO_-_Ferrari_F_1-87_-_1987_neg._125_10x15_R_%28cropped%29.JPG/330px-SCA_0029_MICHELE_ALBORETO_-_Ferrari_F_1-87_-_1987_neg._125_10x15_R_%28cropped%29.JPG?utm_source=en.wikipedia.org&utm_campaign=api&utm_content=thumbnail,Italian,10,0,0,0,,12,16,0,2
Maurício Gugelmin,JORDAN,Jordan,JORDAN,1992,Driver,https://upload.wikimedia.org/wikipedia/commons/thumb/e/ea/Gugelmin_%28cropped%29.jpg/330px-Gugelmin_%28cropped%29.jpg?utm_source=en.wikipedia.org&utm_campaign=api&utm_content=thumbnail,Brazilian,,0,0,0,,2,16,0,11
Ukyo Katayama,LARROUSSE,Larrousse,LARROUSSE,1992,Driver,https://upload.wikimedia.org/wikipedia/commons/thumb/d/d7/Ukyo_Katayama_PA166402.jpg/330px-Ukyo_Katayama_PA166402.jpg?utm_source=en.wikipedia.org&utm_campaign=api&utm_content=thumbnail,Japanese,,0,0,0,,2,14,0,8
Eric van de Poele,FONDMETAL,Fondmetal,FONDMETAL|BRABHAM,1992,Driver,https://upload.wikimedia.org/wikipedia/commons/c/ca/Eric_van_de_Poele_2008.jpg?utm_source=en.wikipedia.org&utm_campaign=api&utm_content=thumbnail_unscaled,Belgian,,0,0,0,,1,5,0,3
Olivier Grouillard,TYRRELL,Tyrrell,TYRRELL,1992,Driver,https://upload.wikimedia.org/wikipedia/commons/thumb/a/af/Andy_Wallace_%26_Olivier_Grouillard_on_the_podium_at_the_Norwich_Union_Empire_Trophy%2C_Silverstone_4_Hrs_1995_%2849890621322%29_%28cropped%29.jpg/330px-Andy_Wallace_%26_Olivier_Grouillard_on_the_podium_at_the_Norwich_Union_Empire_Trophy%2C_Silverstone_4_Hrs_1995_%2849890621322%29_%28cropped%29.jpg?utm_source=en.wikipedia.org&utm_campaign=api&utm_content=thumbnail,French,,0,0,0,,1,16,0,12
Thierry Boutsen,LIGIER,Ligier,LIGIER,1992,Driver,https://upload.wikimedia.org/wikipedia/commons/thumb/4/4b/Thierry_Boutsen_at_the_2026_Adelaide_Motorsport_Festival_%28028A6498%29.jpg/330px-Thierry_Boutsen_at_the_2026_Adelaide_Motorsport_Festival_%28028A6498%29.jpg?utm_source=en.wikipedia.org&utm_campaign=api&utm_content=thumbnail,Belgian,14,0,0,0,,6,16,0,9
Pierluigi Martini,DALLARA,Dallara,DALLARA,1992,Driver,https://upload.wikimedia.org/wikipedia/commons/thumb/5/58/Pierluigi_Martini_celebrates_on_the_podium_at_the_1999_Le_Mans_%2851889440091%29.jpg/330px-Pierluigi_Martini_celebrates_on_the_podium_at_the_1999_Le_Mans_%2851889440091%29.jpg?utm_source=en.wikipedia.org&utm_campaign=api&utm_content=thumbnail,Italian,16,0,0,0,,6,16,0,8
Gianni Morbidelli,MINARDI,Minardi,MINARDI,1992,Driver,https://upload.wikimedia.org/wikipedia/commons/thumb/1/16/Gianni_morbidelli_spafrancorchamps2014.JPG/330px-Gianni_morbidelli_spafrancorchamps2014.JPG?utm_source=en.wikipedia.org&utm_campaign=api&utm_content=thumbnail,Italian,,0,0,0,,3,15,0,6
Jyrki Järvilehto,DALLARA,Dallara,DALLARA,1992,Driver,https://upload.wikimedia.org/wikipedia/commons/thumb/4/44/JJ_Lehto_%283rd_placed%29_on_the_podium_for_the_2004_Le_Mans_%2850884348761%29.jpg/330px-JJ_Lehto_%283rd_placed%29_on_the_podium_for_the_2004_Le_Mans_%2850884348761%29.jpg?utm_source=en.wikipedia.org&utm_campaign=api&utm_content=thumbnail,Finnish,,0,0,0,,8,15,0,4
Christian Fittipaldi,MINARDI,Minardi,MINARDI,1992,Driver,https://upload.wikimedia.org/wikipedia/commons/thumb/f/f9/Christian_Fittipaldi_2006_Curitiba.jpg/330px-Christian_Fittipaldi_2006_Curitiba.jpg?utm_source=en.wikipedia.org&utm_campaign=api&utm_content=thumbnail,Brazilian,18,0,0,0,,3,10,0,4
Andrea de Cesaris,TYRRELL,Tyrrell,TYRRELL,1992,Driver,https://upload.wikimedia.org/wikipedia/commons/2/22/Andrea_De_Cesaris_1982.jpg?utm_source=en.wikipedia.org&utm_campaign=api&utm_content=thumbnail_unscaled,Italian,9,0,0,0,,7,16,0,8
Jean Alesi,FERRARI,Ferrari,FERRARI,1992,Driver,https://upload.wikimedia.org/wikipedia/commons/thumb/c/c7/Jean_Alesi%2C_GIMS_2019%2C_Le_Grand-Saconnex_%28GIMS0047%29.jpg/330px-Jean_Alesi%2C_GIMS_2019%2C_Le_Grand-Saconnex_%28GIMS0047%29.jpg?utm_source=en.wikipedia.org&utm_campaign=api&utm_content=thumbnail,French,7,0,2,0,,6,16,0,10
Ivan Capelli,FERRARI,Ferrari,FERRARI,1992,Driver,https://upload.wikimedia.org/wikipedia/commons/thumb/1/1c/Capelli_1991_%28cropped%29.jpg/330px-Capelli_1991_%28cropped%29.jpg?utm_source=en.wikipedia.org&utm_campaign=api&utm_content=thumbnail,Italian,13,0,0,0,,4,14,0,10
Gabriele Tarquini,FONDMETAL,Fondmetal,FONDMETAL,1992,Driver,https://upload.wikimedia.org/wikipedia/commons/thumb/7/71/%E3%81%93%E3%81%86%E3%81%97%E3%81%A6%E3%81%BF%E3%82%8B%E3%81%A8%E3%81%9F%E3%81%A0%E3%81%AE%E7%88%BA%E3%81%95%E3%82%93_%2815506042327%29.jpg/330px-%E3%81%93%E3%81%86%E3%81%97%E3%81%A6%E3%81%BF%E3%82%8B%E3%81%A8%E3%81%9F%E3%81%A0%E3%81%AE%E7%88%BA%E3%81%95%E3%82%93_%2815506042327%29.jpg?utm_source=en.wikipedia.org&utm_campaign=api&utm_content=thumbnail,Italian,,0,0,0,,0,13,0,12
Karl Wendlinger,MARCH,March,MARCH,1992,Driver,https://upload.wikimedia.org/wikipedia/commons/thumb/e/ef/GTS_class_winners_%2810th_overall%29_-_Karl_Wendlinger_-_Chrysler_Viper_GTS-R_-_on_the_podium_at_the_1999_Le_Mans_%2851897678180%29_%28cropped%29.jpg/330px-GTS_class_winners_%2810th_overall%29_-_Karl_Wendlinger_-_Chrysler_Viper_GTS-R_-_on_the_podium_at_the_1999_Le_Mans_%2851897678180%29_%28cropped%29.jpg?utm_source=en.wikipedia.org&utm_campaign=api&utm_content=thumbnail,Austrian,12,0,0,0,,3,14,0,8
Bertrand Gachot,LARROUSSE,Larrousse,LARROUSSE,1992,Driver,https://upload.wikimedia.org/wikipedia/commons/thumb/0/08/Bertrand_Gachot_-_1991_US_GP.jpg/330px-Bertrand_Gachot_-_1991_US_GP.jpg?utm_source=en.wikipedia.org&utm_campaign=api&utm_content=thumbnail,Belgian,19,0,0,0,,1,16,0,12
Martin Brundle,BENETTON,Benetton,BENETTON,1992,Driver,https://upload.wikimedia.org/wikipedia/commons/thumb/3/36/Martin_Brundle_2021_%2851591210921%29_%28cropped%29.jpg/330px-Martin_Brundle_2021_%2851591210921%29_%28cropped%29.jpg?utm_source=en.wikipedia.org&utm_campaign=api&utm_content=thumbnail,British,6,0,5,0,,11,16,0,5
Andrea Chiesa,FONDMETAL,Fondmetal,FONDMETAL,1992,Driver,https://upload.wikimedia.org/wikipedia/commons/thumb/0/0d/1992_Andrea_Chiesa_Fondmetal.jpg/330px-1992_Andrea_Chiesa_Fondmetal.jpg?utm_source=en.wikipedia.org&utm_campaign=api&utm_content=thumbnail,Swiss,,0,0,0,,0,3,0,3
Stefano Modena,JORDAN,Jordan,JORDAN,1992,Driver,https://upload.wikimedia.org/wikipedia/commons/thumb/6/60/Stefano_Modena_-_Alfa_Romeo_155_V6_Ti_at_Donington_1995_%2849829989223%29.jpg/330px-Stefano_Modena_-_Alfa_Romeo_155_V6_Ti_at_Donington_1995_%2849829989223%29.jpg?utm_source=en.wikipedia.org&utm_campaign=api&utm_content=thumbnail,Italian,17,0,0,0,,2,12,0,8
Paul Belmondo,MARCH,March,MARCH,1992,Driver,https://upload.wikimedia.org/wikipedia/commons/thumb/e/e1/Paul_Belmondo_par_Claude_Truong-Ngoc_juillet_2013.jpg/330px-Paul_Belmondo_par_Claude_Truong-Ngoc_juillet_2013.jpg?utm_source=en.wikipedia.org&utm_campaign=api&utm_content=thumbnail,French,,0,0,0,,1,5,0,0
Roberto Moreno,MODA,Andrea Moda,MODA,1992,Driver,https://upload.wikimedia.org/wikipedia/commons/thumb/f/f4/Roberto_Bud_suite_97.tif/lossy-page1-330px-Roberto_Bud_suite_97.tif.jpg?utm_source=en.wikipedia.org&utm_campaign=api&utm_content=thumbnail,Brazilian,,0,0,0,,0,1,0,1
Damon Hill,BRABHAM,Brabham,BRABHAM,1992,Driver,https://upload.wikimedia.org/wikipedia/commons/thumb/c/cf/Damon_Hill_at_the_Atlassian_Williams_Racing_Fan_Zone_of_2026_%28028A8241%29.jpg/330px-Damon_Hill_at_the_Atlassian_Williams_Racing_Fan_Zone_of_2026_%28028A8241%29.jpg?utm_source=en.wikipedia.org&utm_campaign=api&utm_content=thumbnail,British,,0,0,0,,0,2,0,0
Alessandro Zanardi,MINARDI,Minardi,MINARDI,1992,Driver,https://upload.wikimedia.org/wikipedia/commons/thumb/3/36/Alex_Zanardi_%28cropped%29.JPG/330px-Alex_Zanardi_%28cropped%29.JPG?utm_source=en.wikipedia.org&utm_campaign=api&utm_content=thumbnail,Italian,,0,0,0,,0,1,0,1
Perry McCarthy,MODA,Andrea Moda,MODA,1992,Driver,https://upload.wikimedia.org/wikipedia/commons/thumb/a/a3/2003_pq_paddocks-perry-mccarthy.jpg/330px-2003_pq_paddocks-perry-mccarthy.jpg?utm_source=en.wikipedia.org&utm_campaign=api&utm_content=thumbnail,British,,0,0,0,,0,1,0,1
Emanuele Naspetti,MARCH,March,MARCH,1992,Driver,https://upload.wikimedia.org/wikipedia/commons/thumb/7/71/Ferrari_575_Maranello_GTC_-_Emanuele_Naspetti_%26_Gianni_Morbidelli_at_Melbourne_at_the_2004_FIA_GT_Championship%2C_Donington_%2850932599771%29.jpg/330px-Ferrari_575_Maranello_GTC_-_Emanuele_Naspetti_%26_Gianni_Morbidelli_at_Melbourne_at_the_2004_FIA_GT_Championship%2C_Donington_%2850932599771%29.jpg?utm_source=en.wikipedia.org&utm_campaign=api&utm_content=thumbnail,Italian,,0,0,0,,0,5,0,2
Nicola Larini,FERRARI,Ferrari,FERRARI,1992,Driver,https://upload.wikimedia.org/wikipedia/commons/thumb/6/6d/Nicola_Larini_2006_Curitiba.jpg/330px-Nicola_Larini_2006_Curitiba.jpg?utm_source=en.wikipedia.org&utm_campaign=api&utm_content=thumbnail,Italian,,0,0,0,,0,2,0,0
Jan Lammers,MARCH,March,MARCH,1992,Driver,https://upload.wikimedia.org/wikipedia/commons/thumb/4/4e/Jan_Lammers_LeMans24_2017.jpg/330px-Jan_Lammers_LeMans24_2017.jpg?utm_source=en.wikipedia.org&utm_campaign=api&utm_content=thumbnail,Dutch,,0,0,0,,0,2,0,1
Alain Prost,WILLIAMS,Williams,WILLIAMS,1993,Driver,https://upload.wikimedia.org/wikipedia/commons/thumb/7/74/Festival_automobile_international_2015_-_Photocall_-_065_%28cropped3%29.jpg/330px-Festival_automobile_international_2015_-_Photocall_-_065_%28cropped3%29.jpg?utm_source=en.wikipedia.org&utm_campaign=api&utm_content=thumbnail,French,1,7,12,13,,13,16,1,1
Ayrton Senna,MCLAREN,McLaren,MCLAREN,1993,Driver,https://upload.wikimedia.org/wikipedia/commons/9/9f/Ayrton_Senna_Pesawat_RC_Cropped.jpg?utm_source=en.wikipedia.org&utm_campaign=api&utm_content=thumbnail_unscaled,Brazilian,2,5,7,1,,11,16,0,4
Mark Blundell,LIGIER,Ligier,LIGIER,1993,Driver,https://upload.wikimedia.org/wikipedia/commons/thumb/3/34/Mark_Blundell_%285399713991%29.jpg/330px-Mark_Blundell_%285399713991%29.jpg?utm_source=en.wikipedia.org&utm_campaign=api&utm_content=thumbnail,British,10,0,2,0,,8,16,0,7
Christian Fittipaldi,MINARDI,Minardi,MINARDI,1993,Driver,https://upload.wikimedia.org/wikipedia/commons/thumb/f/f9/Christian_Fittipaldi_2006_Curitiba.jpg/330px-Christian_Fittipaldi_2006_Curitiba.jpg?utm_source=en.wikipedia.org&utm_campaign=api&utm_content=thumbnail,Brazilian,14,0,0,0,,8,14,0,4
Jyrki Järvilehto,SAUBER,Sauber,SAUBER,1993,Driver,https://upload.wikimedia.org/wikipedia/commons/thumb/4/44/JJ_Lehto_%283rd_placed%29_on_the_podium_for_the_2004_Le_Mans_%2850884348761%29.jpg/330px-JJ_Lehto_%283rd_placed%29_on_the_podium_for_the_2004_Le_Mans_%2850884348761%29.jpg?utm_source=en.wikipedia.org&utm_campaign=api&utm_content=thumbnail,Finnish,13,0,0,0,,7,16,0,9
Gerhard Berger,FERRARI,Ferrari,FERRARI,1993,Driver,https://upload.wikimedia.org/wikipedia/commons/thumb/c/c9/Gerhard_Berger_1991USA_%28cropped%29.jpg/330px-Gerhard_Berger_1991USA_%28cropped%29.jpg?utm_source=en.wikipedia.org&utm_campaign=api&utm_content=thumbnail,Austrian,8,0,1,0,,7,16,0,7
Derek Warwick,FOOTWORK,Footwork,FOOTWORK,1993,Driver,https://upload.wikimedia.org/wikipedia/commons/thumb/4/47/Derek_Warwick_Silverstone_2014.JPG/330px-Derek_Warwick_Silverstone_2014.JPG?utm_source=en.wikipedia.org&utm_campaign=api&utm_content=thumbnail,British,16,0,0,0,,5,16,0,5
Martin Brundle,LIGIER,Ligier,LIGIER,1993,Driver,https://upload.wikimedia.org/wikipedia/commons/thumb/3/36/Martin_Brundle_2021_%2851591210921%29_%28cropped%29.jpg/330px-Martin_Brundle_2021_%2851591210921%29_%28cropped%29.jpg?utm_source=en.wikipedia.org&utm_campaign=api&utm_content=thumbnail,British,7,0,1,0,,10,16,0,5
Michele Alboreto,LOLA,Lola,LOLA,1993,Driver,https://upload.wikimedia.org/wikipedia/commons/thumb/7/76/SCA_0029_MICHELE_ALBORETO_-_Ferrari_F_1-87_-_1987_neg._125_10x15_R_%28cropped%29.JPG/330px-SCA_0029_MICHELE_ALBORETO_-_Ferrari_F_1-87_-_1987_neg._125_10x15_R_%28cropped%29.JPG?utm_source=en.wikipedia.org&utm_campaign=api&utm_content=thumbnail,Italian,,0,0,0,,0,9,0,5
Érik Comas,LARROUSSE,Larrousse,LARROUSSE,1993,Driver,https://upload.wikimedia.org/wikipedia/commons/thumb/d/d2/Comas_lm2005.jpg/330px-Comas_lm2005.jpg?utm_source=en.wikipedia.org&utm_campaign=api&utm_content=thumbnail,French,21,0,0,0,,5,16,0,8
Riccardo Patrese,BENETTON,Benetton,BENETTON,1993,Driver,https://upload.wikimedia.org/wikipedia/commons/3/3e/Riccardo_Patrese_in_the_paddock_before_the_1993_British_Grand_Prix_%2833686653515%29_%28Cropped%29.jpg?utm_source=en.wikipedia.org&utm_campaign=api&utm_content=thumbnail_unscaled,Italian,5,0,2,0,,9,16,0,6
Michael Schumacher,BENETTON,Benetton,BENETTON,1993,Driver,https://upload.wikimedia.org/wikipedia/commons/thumb/c/c2/Michael_Schumacher%2C_September_2005.jpg/330px-Michael_Schumacher%2C_September_2005.jpg?utm_source=en.wikipedia.org&utm_campaign=api&utm_content=thumbnail,German,4,1,9,0,,9,16,0,7
Johnny Herbert,TEAM_LOTUS,Team Lotus,TEAM_LOTUS,1993,Driver,https://upload.wikimedia.org/wikipedia/commons/thumb/b/bf/Johnny_Herbert_%2831729263593%29.jpg/330px-Johnny_Herbert_%2831729263593%29.jpg?utm_source=en.wikipedia.org&utm_campaign=api&utm_content=thumbnail,British,9,0,0,0,,7,16,0,8
Karl Wendlinger,SAUBER,Sauber,SAUBER,1993,Driver,https://upload.wikimedia.org/wikipedia/commons/thumb/e/ef/GTS_class_winners_%2810th_overall%29_-_Karl_Wendlinger_-_Chrysler_Viper_GTS-R_-_on_the_podium_at_the_1999_Le_Mans_%2851897678180%29_%28cropped%29.jpg/330px-GTS_class_winners_%2810th_overall%29_-_Karl_Wendlinger_-_Chrysler_Viper_GTS-R_-_on_the_podium_at_the_1999_Le_Mans_%2851897678180%29_%28cropped%29.jpg?utm_source=en.wikipedia.org&utm_campaign=api&utm_content=thumbnail,Austrian,12,0,0,0,,5,16,0,9
Rubens Barrichello,JORDAN,Jordan,JORDAN,1993,Driver,https://upload.wikimedia.org/wikipedia/commons/thumb/a/ae/Rubinho.jpg/330px-Rubinho.jpg?utm_source=en.wikipedia.org&utm_campaign=api&utm_content=thumbnail,Brazilian,18,0,0,0,,5,16,0,8
Jean Alesi,FERRARI,Ferrari,FERRARI,1993,Driver,https://upload.wikimedia.org/wikipedia/commons/thumb/c/c7/Jean_Alesi%2C_GIMS_2019%2C_Le_Grand-Saconnex_%28GIMS0047%29.jpg/330px-Jean_Alesi%2C_GIMS_2019%2C_Le_Grand-Saconnex_%28GIMS0047%29.jpg?utm_source=en.wikipedia.org&utm_campaign=api&utm_content=thumbnail,French,6,0,2,0,,7,16,0,9
Philippe Alliot,LARROUSSE,Larrousse,LARROUSSE,1993,Driver,https://upload.wikimedia.org/wikipedia/commons/thumb/3/38/Philippe_Alliot_en_1993_%28bearb_Sp%29.jpg/330px-Philippe_Alliot_en_1993_%28bearb_Sp%29.jpg?utm_source=en.wikipedia.org&utm_campaign=api&utm_content=thumbnail,French,17,0,0,0,,6,14,0,4
Fabrizio Barbazza,MINARDI,Minardi,MINARDI,1993,Driver,https://upload.wikimedia.org/wikipedia/commons/thumb/b/b8/Barbazza_CART_1992.jpg/330px-Barbazza_CART_1992.jpg?utm_source=en.wikipedia.org&utm_campaign=api&utm_content=thumbnail,Italian,19,0,0,0,,2,8,0,5
Aguri Suzuki,FOOTWORK,Footwork,FOOTWORK,1993,Driver,https://upload.wikimedia.org/wikipedia/commons/thumb/a/ac/Suzuki_Sepang_25.png/330px-Suzuki_Sepang_25.png?utm_source=en.wikipedia.org&utm_campaign=api&utm_content=thumbnail,Japanese,,0,0,0,,3,16,0,11
Luca Badoer,LOLA,Lola,LOLA,1993,Driver,https://upload.wikimedia.org/wikipedia/commons/thumb/9/98/Luca_Badoer_2021_%28cropped%29.jpg/330px-Luca_Badoer_2021_%28cropped%29.jpg?utm_source=en.wikipedia.org&utm_campaign=api&utm_content=thumbnail,Italian,,0,0,0,,2,12,0,6
Damon Hill,WILLIAMS,Williams,WILLIAMS,1993,Driver,https://upload.wikimedia.org/wikipedia/commons/thumb/c/cf/Damon_Hill_at_the_Atlassian_Williams_Racing_Fan_Zone_of_2026_%28028A8241%29.jpg/330px-Damon_Hill_at_the_Atlassian_Williams_Racing_Fan_Zone_of_2026_%28028A8241%29.jpg?utm_source=en.wikipedia.org&utm_campaign=api&utm_content=thumbnail,British,3,3,10,2,,11,16,0,4
Alessandro Zanardi,TEAM_LOTUS,Team Lotus,TEAM_LOTUS,1993,Driver,https://upload.wikimedia.org/wikipedia/commons/thumb/3/36/Alex_Zanardi_%28cropped%29.JPG/330px-Alex_Zanardi_%28cropped%29.JPG?utm_source=en.wikipedia.org&utm_campaign=api&utm_content=thumbnail,Italian,20,0,0,0,,3,12,0,7
Michael Andretti,MCLAREN,McLaren,MCLAREN,1993,Driver,https://upload.wikimedia.org/wikipedia/commons/thumb/0/07/Michael_Andretti_%2853785910028%29_%28cropped%29.jpg/330px-Michael_Andretti_%2853785910028%29_%28cropped%29.jpg?utm_source=en.wikipedia.org&utm_campaign=api&utm_content=thumbnail,American,11,0,1,0,,5,13,0,7
Ivan Capelli,JORDAN,Jordan,JORDAN,1993,Driver,https://upload.wikimedia.org/wikipedia/commons/thumb/1/1c/Capelli_1991_%28cropped%29.jpg/330px-Capelli_1991_%28cropped%29.jpg?utm_source=en.wikipedia.org&utm_campaign=api&utm_content=thumbnail,Italian,,0,0,0,,0,1,0,1
Ukyo Katayama,TYRRELL,Tyrrell,TYRRELL,1993,Driver,https://upload.wikimedia.org/wikipedia/commons/thumb/d/d7/Ukyo_Katayama_PA166402.jpg/330px-Ukyo_Katayama_PA166402.jpg?utm_source=en.wikipedia.org&utm_campaign=api&utm_content=thumbnail,Japanese,,0,0,0,,1,16,0,11
Andrea de Cesaris,TYRRELL,Tyrrell,TYRRELL,1993,Driver,https://upload.wikimedia.org/wikipedia/commons/2/22/Andrea_De_Cesaris_1982.jpg?utm_source=en.wikipedia.org&utm_campaign=api&utm_content=thumbnail_unscaled,Italian,,0,0,0,,1,16,0,10
Thierry Boutsen,JORDAN,Jordan,JORDAN,1993,Driver,https://upload.wikimedia.org/wikipedia/commons/thumb/4/4b/Thierry_Boutsen_at_the_2026_Adelaide_Motorsport_Festival_%28028A6498%29.jpg/330px-Thierry_Boutsen_at_the_2026_Adelaide_Motorsport_Festival_%28028A6498%29.jpg?utm_source=en.wikipedia.org&utm_campaign=api&utm_content=thumbnail,Belgian,,0,0,0,,1,10,0,5
Pierluigi Martini,MINARDI,Minardi,MINARDI,1993,Driver,https://upload.wikimedia.org/wikipedia/commons/thumb/5/58/Pierluigi_Martini_celebrates_on_the_podium_at_the_1999_Le_Mans_%2851889440091%29.jpg/330px-Pierluigi_Martini_celebrates_on_the_podium_at_the_1999_Le_Mans_%2851889440091%29.jpg?utm_source=en.wikipedia.org&utm_campaign=api&utm_content=thumbnail,Italian,,0,0,0,,3,8,0,4
Pedro Lamy,TEAM_LOTUS,Team Lotus,TEAM_LOTUS,1993,Driver,https://upload.wikimedia.org/wikipedia/commons/thumb/7/79/Pedro_Lamy_Le_Mans_Series_Interlagos_Novembro_2007.jpg/330px-Pedro_Lamy_Le_Mans_Series_Interlagos_Novembro_2007.jpg?utm_source=en.wikipedia.org&utm_campaign=api&utm_content=thumbnail,Portuguese,,0,0,0,,0,4,0,2
Marco Apicella,JORDAN,Jordan,JORDAN,1993,Driver,https://upload.wikimedia.org/wikipedia/commons/thumb/a/a2/Lamborghini_Murcielago_-_Marco_Apicella%2C_Koji_Yamanishi_%26_Yasutaka_Hinoi_at_Dunlop_Chicane_at_the_2006_Le_Mans_%2855035663493%29.jpg/330px-Lamborghini_Murcielago_-_Marco_Apicella%2C_Koji_Yamanishi_%26_Yasutaka_Hinoi_at_Dunlop_Chicane_at_the_2006_Le_Mans_%2855035663493%29.jpg?utm_source=en.wikipedia.org&utm_campaign=api&utm_content=thumbnail,Italian,,0,0,0,,0,1,0,1
Mika Häkkinen,MCLAREN,McLaren,MCLAREN,1993,Driver,https://upload.wikimedia.org/wikipedia/commons/thumb/a/a6/Mika_H%C3%A4kkinen_Champions_for_Charity_2016-07-27.jpg/330px-Mika_H%C3%A4kkinen_Champions_for_Charity_2016-07-27.jpg?utm_source=en.wikipedia.org&utm_campaign=api&utm_content=thumbnail,Finnish,15,0,1,0,,1,3,0,2
Emanuele Naspetti,JORDAN,Jordan,JORDAN,1993,Driver,https://upload.wikimedia.org/wikipedia/commons/thumb/7/71/Ferrari_575_Maranello_GTC_-_Emanuele_Naspetti_%26_Gianni_Morbidelli_at_Melbourne_at_the_2004_FIA_GT_Championship%2C_Donington_%2850932599771%29.jpg/330px-Ferrari_575_Maranello_GTC_-_Emanuele_Naspetti_%26_Gianni_Morbidelli_at_Melbourne_at_the_2004_FIA_GT_Championship%2C_Donington_%2850932599771%29.jpg?utm_source=en.wikipedia.org&utm_campaign=api&utm_content=thumbnail,Italian,,0,0,0,,0,1,0,1
Eddie Irvine,JORDAN,Jordan,JORDAN,1993,Driver,https://upload.wikimedia.org/wikipedia/commons/e/eb/Eddie_Irvine_after_the_1999_Australian_Grand_Prix.jpg?utm_source=en.wikipedia.org&utm_campaign=api&utm_content=thumbnail_unscaled,British,22,0,0,0,,1,2,0,1
Toshio Suzuki,LARROUSSE,Larrousse,LARROUSSE,1993,Driver,https://upload.wikimedia.org/wikipedia/commons/thumb/0/01/Toyota_GT-One_-_Ukyou_Katayama%2C_Keiichi_Tsuchiya_%26_Toshio_Suzuki_heads_towards_Dunlop_Bridge_at_the_1999_Le_Mans_%2851890094535%29_%28cropped%29.jpg/330px-Toyota_GT-One_-_Ukyou_Katayama%2C_Keiichi_Tsuchiya_%26_Toshio_Suzuki_heads_towards_Dunlop_Bridge_at_the_1999_Le_Mans_%2851890094535%29_%28cropped%29.jpg?utm_source=en.wikipedia.org&utm_campaign=api&utm_content=thumbnail,Japanese,,0,0,0,,0,2,0,0
Jean-Marc Gounon,MINARDI,Minardi,MINARDI,1993,Driver,https://upload.wikimedia.org/wikipedia/commons/e/ea/Jean-Marc_Gounon_%282015%29.JPG?utm_source=en.wikipedia.org&utm_campaign=api&utm_content=thumbnail_unscaled,French,,0,0,0,,0,2,0,2
Michael Schumacher,BENETTON,Benetton,BENETTON,1994,Driver,https://upload.wikimedia.org/wikipedia/commons/thumb/c/c2/Michael_Schumacher%2C_September_2005.jpg/330px-Michael_Schumacher%2C_September_2005.jpg?utm_source=en.wikipedia.org&utm_campaign=api&utm_content=thumbnail,German,1,8,10,6,,10,14,1,4
Damon Hill,WILLIAMS,Williams,WILLIAMS,1994,Driver,https://upload.wikimedia.org/wikipedia/commons/thumb/c/cf/Damon_Hill_at_the_Atlassian_Williams_Racing_Fan_Zone_of_2026_%28028A8241%29.jpg/330px-Damon_Hill_at_the_Atlassian_Williams_Racing_Fan_Zone_of_2026_%28028A8241%29.jpg?utm_source=en.wikipedia.org&utm_campaign=api&utm_content=thumbnail,British,2,6,11,2,,13,16,0,3
Jean Alesi,FERRARI,Ferrari,FERRARI,1994,Driver,https://upload.wikimedia.org/wikipedia/commons/thumb/c/c7/Jean_Alesi%2C_GIMS_2019%2C_Le_Grand-Saconnex_%28GIMS0047%29.jpg/330px-Jean_Alesi%2C_GIMS_2019%2C_Le_Grand-Saconnex_%28GIMS0047%29.jpg?utm_source=en.wikipedia.org&utm_campaign=api&utm_content=thumbnail,French,5,0,4,1,,8,14,0,6
Rubens Barrichello,JORDAN,Jordan,JORDAN,1994,Driver,https://upload.wikimedia.org/wikipedia/commons/thumb/a/ae/Rubinho.jpg/330px-Rubinho.jpg?utm_source=en.wikipedia.org&utm_campaign=api&utm_content=thumbnail,Brazilian,6,0,1,1,,7,16,0,8
Ukyo Katayama,TYRRELL,Tyrrell,TYRRELL,1994,Driver,https://upload.wikimedia.org/wikipedia/commons/thumb/d/d7/Ukyo_Katayama_PA166402.jpg/330px-Ukyo_Katayama_PA166402.jpg?utm_source=en.wikipedia.org&utm_campaign=api&utm_content=thumbnail,Japanese,17,0,0,0,,4,16,0,12
Karl Wendlinger,SAUBER,Sauber,SAUBER,1994,Driver,https://upload.wikimedia.org/wikipedia/commons/thumb/e/ef/GTS_class_winners_%2810th_overall%29_-_Karl_Wendlinger_-_Chrysler_Viper_GTS-R_-_on_the_podium_at_the_1999_Le_Mans_%2851897678180%29_%28cropped%29.jpg/330px-GTS_class_winners_%2810th_overall%29_-_Karl_Wendlinger_-_Chrysler_Viper_GTS-R_-_on_the_podium_at_the_1999_Le_Mans_%2851897678180%29_%28cropped%29.jpg?utm_source=en.wikipedia.org&utm_campaign=api&utm_content=thumbnail,Austrian,19,0,0,0,,2,4,0,2
Johnny Herbert,TEAM_LOTUS,Team Lotus,TEAM_LOTUS|BENETTON|LIGIER,1994,Driver,https://upload.wikimedia.org/wikipedia/commons/thumb/b/bf/Johnny_Herbert_%2831729263593%29.jpg/330px-Johnny_Herbert_%2831729263593%29.jpg?utm_source=en.wikipedia.org&utm_campaign=api&utm_content=thumbnail,British,,0,0,0,,6,16,0,7
Pierluigi Martini,MINARDI,Minardi,MINARDI,1994,Driver,https://upload.wikimedia.org/wikipedia/commons/thumb/5/58/Pierluigi_Martini_celebrates_on_the_podium_at_the_1999_Le_Mans_%2851889440091%29.jpg/330px-Pierluigi_Martini_celebrates_on_the_podium_at_the_1999_Le_Mans_%2851889440091%29.jpg?utm_source=en.wikipedia.org&utm_campaign=api&utm_content=thumbnail,Italian,21,0,0,0,,7,16,0,7
Érik Comas,LARROUSSE,Larrousse,LARROUSSE,1994,Driver,https://upload.wikimedia.org/wikipedia/commons/thumb/d/d2/Comas_lm2005.jpg/330px-Comas_lm2005.jpg?utm_source=en.wikipedia.org&utm_campaign=api&utm_content=thumbnail,French,23,0,0,0,,7,15,0,7
Pedro Lamy,TEAM_LOTUS,Team Lotus,TEAM_LOTUS,1994,Driver,https://upload.wikimedia.org/wikipedia/commons/thumb/7/79/Pedro_Lamy_Le_Mans_Series_Interlagos_Novembro_2007.jpg/330px-Pedro_Lamy_Le_Mans_Series_Interlagos_Novembro_2007.jpg?utm_source=en.wikipedia.org&utm_campaign=api&utm_content=thumbnail,Portuguese,,0,0,0,,2,4,0,1
Olivier Panis,LIGIER,Ligier,LIGIER,1994,Driver,https://upload.wikimedia.org/wikipedia/commons/thumb/c/c6/Paris_-_Retromobile_2012_-_Olivier_Panis_-_Fiskens_-_006.jpg/330px-Paris_-_Retromobile_2012_-_Olivier_Panis_-_Fiskens_-_006.jpg?utm_source=en.wikipedia.org&utm_campaign=api&utm_content=thumbnail,French,11,0,1,0,,9,16,0,2
David Brabham,SIMTEK,Simtek,SIMTEK,1994,Driver,https://upload.wikimedia.org/wikipedia/commons/thumb/0/08/David_Brabham_at_the_2026_Adelaide_Motorsport_Festival_%28028A6665%29.jpg/330px-David_Brabham_at_the_2026_Adelaide_Motorsport_Festival_%28028A6665%29.jpg?utm_source=en.wikipedia.org&utm_campaign=api&utm_content=thumbnail,Australian,,0,0,0,,1,16,0,10
Ayrton Senna,WILLIAMS,Williams,WILLIAMS,1994,Driver,https://upload.wikimedia.org/wikipedia/commons/9/9f/Ayrton_Senna_Pesawat_RC_Cropped.jpg?utm_source=en.wikipedia.org&utm_campaign=api&utm_content=thumbnail_unscaled,Brazilian,,0,0,3,,0,3,0,3
Martin Brundle,MCLAREN,McLaren,MCLAREN,1994,Driver,https://upload.wikimedia.org/wikipedia/commons/thumb/3/36/Martin_Brundle_2021_%2851591210921%29_%28cropped%29.jpg/330px-Martin_Brundle_2021_%2851591210921%29_%28cropped%29.jpg?utm_source=en.wikipedia.org&utm_campaign=api&utm_content=thumbnail,British,7,0,2,0,,6,16,0,9
Eddie Irvine,JORDAN,Jordan,JORDAN,1994,Driver,https://upload.wikimedia.org/wikipedia/commons/e/eb/Eddie_Irvine_after_the_1999_Australian_Grand_Prix.jpg?utm_source=en.wikipedia.org&utm_campaign=api&utm_content=thumbnail_unscaled,British,16,0,0,0,,4,13,0,8
Jos Verstappen,BENETTON,Benetton,BENETTON,1994,Driver,https://upload.wikimedia.org/wikipedia/commons/thumb/b/b9/Jos_Verstappen%2C_2006.jpg/330px-Jos_Verstappen%2C_2006.jpg?utm_source=en.wikipedia.org&utm_campaign=api&utm_content=thumbnail,Dutch,10,0,2,0,,4,10,0,6
Éric Bernard,LIGIER,Ligier,LIGIER|TEAM_LOTUS,1994,Driver,https://upload.wikimedia.org/wikipedia/commons/thumb/b/b1/Cadillac_Northstar_LMP_02_-_Emmanuel_Collard%2C_Eric_Bernard_%26_J.J._Lehto_at_the_2002_Le_Mans_%2854294864286%29.jpg/330px-Cadillac_Northstar_LMP_02_-_Emmanuel_Collard%2C_Eric_Bernard_%26_J.J._Lehto_at_the_2002_Le_Mans_%2854294864286%29.jpg?utm_source=en.wikipedia.org&utm_campaign=api&utm_content=thumbnail,French,18,0,1,0,,7,14,0,3
Mark Blundell,TYRRELL,Tyrrell,TYRRELL,1994,Driver,https://upload.wikimedia.org/wikipedia/commons/thumb/3/34/Mark_Blundell_%285399713991%29.jpg/330px-Mark_Blundell_%285399713991%29.jpg?utm_source=en.wikipedia.org&utm_campaign=api&utm_content=thumbnail,British,12,0,1,0,,6,16,0,9
Christian Fittipaldi,FOOTWORK,Footwork,FOOTWORK,1994,Driver,https://upload.wikimedia.org/wikipedia/commons/thumb/f/f9/Christian_Fittipaldi_2006_Curitiba.jpg/330px-Christian_Fittipaldi_2006_Curitiba.jpg?utm_source=en.wikipedia.org&utm_campaign=api&utm_content=thumbnail,Brazilian,15,0,0,0,,7,16,0,6
Heinz-Harald Frentzen,SAUBER,Sauber,SAUBER,1994,Driver,https://upload.wikimedia.org/wikipedia/commons/thumb/8/8a/Heinz-Harald_Frentzen_a_%28cropped%29.jpg/330px-Heinz-Harald_Frentzen_a_%28cropped%29.jpg?utm_source=en.wikipedia.org&utm_campaign=api&utm_content=thumbnail,German,13,0,0,0,,7,16,0,9
Mika Häkkinen,MCLAREN,McLaren,MCLAREN,1994,Driver,https://upload.wikimedia.org/wikipedia/commons/thumb/a/a6/Mika_H%C3%A4kkinen_Champions_for_Charity_2016-07-27.jpg/330px-Mika_H%C3%A4kkinen_Champions_for_Charity_2016-07-27.jpg?utm_source=en.wikipedia.org&utm_campaign=api&utm_content=thumbnail,Finnish,4,0,6,0,,7,15,0,7
Michele Alboreto,MINARDI,Minardi,MINARDI,1994,Driver,https://upload.wikimedia.org/wikipedia/commons/thumb/7/76/SCA_0029_MICHELE_ALBORETO_-_Ferrari_F_1-87_-_1987_neg._125_10x15_R_%28cropped%29.JPG/330px-SCA_0029_MICHELE_ALBORETO_-_Ferrari_F_1-87_-_1987_neg._125_10x15_R_%28cropped%29.JPG?utm_source=en.wikipedia.org&utm_campaign=api&utm_content=thumbnail,Italian,25,0,0,0,,3,16,0,10
Gianni Morbidelli,FOOTWORK,Footwork,FOOTWORK,1994,Driver,https://upload.wikimedia.org/wikipedia/commons/thumb/1/16/Gianni_morbidelli_spafrancorchamps2014.JPG/330px-Gianni_morbidelli_spafrancorchamps2014.JPG?utm_source=en.wikipedia.org&utm_campaign=api&utm_content=thumbnail,Italian,22,0,0,0,,3,16,0,12
Gerhard Berger,FERRARI,Ferrari,FERRARI,1994,Driver,https://upload.wikimedia.org/wikipedia/commons/thumb/c/c9/Gerhard_Berger_1991USA_%28cropped%29.jpg/330px-Gerhard_Berger_1991USA_%28cropped%29.jpg?utm_source=en.wikipedia.org&utm_campaign=api&utm_content=thumbnail,Austrian,3,1,6,2,,8,16,0,7
Olivier Beretta,LARROUSSE,Larrousse,LARROUSSE,1994,Driver,https://upload.wikimedia.org/wikipedia/commons/thumb/b/bb/Oliver_Gavin%2C_Olivier_Bereta_%26_Jan_Magnussen_celebrate_their_GTS_class_win_on_the_podium_at_the_2004_Le_Mans_%2850884349326%29.jpg/330px-Oliver_Gavin%2C_Olivier_Bereta_%26_Jan_Magnussen_celebrate_their_GTS_class_win_on_the_podium_at_the_2004_Le_Mans_%2850884349326%29.jpg?utm_source=en.wikipedia.org&utm_campaign=api&utm_content=thumbnail,Monegasque,,0,0,0,,3,10,0,6
Bertrand Gachot,PACIFIC,Pacific,PACIFIC,1994,Driver,https://upload.wikimedia.org/wikipedia/commons/thumb/0/08/Bertrand_Gachot_-_1991_US_GP.jpg/330px-Bertrand_Gachot_-_1991_US_GP.jpg?utm_source=en.wikipedia.org&utm_campaign=api&utm_content=thumbnail,Belgian,,0,0,0,,0,5,0,5
Roland Ratzenberger,SIMTEK,Simtek,SIMTEK,1994,Driver,https://upload.wikimedia.org/wikipedia/en/0/02/Roland_Ratzenberger.jpg?utm_source=en.wikipedia.org&utm_campaign=api&utm_content=thumbnail_unscaled,Austrian,,0,0,0,,0,2,0,1
Aguri Suzuki,JORDAN,Jordan,JORDAN,1994,Driver,https://upload.wikimedia.org/wikipedia/commons/thumb/a/ac/Suzuki_Sepang_25.png/330px-Suzuki_Sepang_25.png?utm_source=en.wikipedia.org&utm_campaign=api&utm_content=thumbnail,Japanese,,0,0,0,,0,1,0,1
Nicola Larini,FERRARI,Ferrari,FERRARI,1994,Driver,https://upload.wikimedia.org/wikipedia/commons/thumb/6/6d/Nicola_Larini_2006_Curitiba.jpg/330px-Nicola_Larini_2006_Curitiba.jpg?utm_source=en.wikipedia.org&utm_campaign=api&utm_content=thumbnail,Italian,14,0,1,0,,1,2,0,1
Andrea de Cesaris,SAUBER,Sauber,SAUBER|JORDAN,1994,Driver,https://upload.wikimedia.org/wikipedia/commons/2/22/Andrea_De_Cesaris_1982.jpg?utm_source=en.wikipedia.org&utm_campaign=api&utm_content=thumbnail_unscaled,Italian,20,0,0,0,,2,11,0,9
Jyrki Järvilehto,BENETTON,Benetton,BENETTON|SAUBER,1994,Driver,https://upload.wikimedia.org/wikipedia/commons/thumb/4/44/JJ_Lehto_%283rd_placed%29_on_the_podium_for_the_2004_Le_Mans_%2850884348761%29.jpg/330px-JJ_Lehto_%283rd_placed%29_on_the_podium_for_the_2004_Le_Mans_%2850884348761%29.jpg?utm_source=en.wikipedia.org&utm_campaign=api&utm_content=thumbnail,Finnish,24,0,0,0,,4,8,0,4
Paul Belmondo,PACIFIC,Pacific,PACIFIC,1994,Driver,https://upload.wikimedia.org/wikipedia/commons/thumb/e/e1/Paul_Belmondo_par_Claude_Truong-Ngoc_juillet_2013.jpg/330px-Paul_Belmondo_par_Claude_Truong-Ngoc_juillet_2013.jpg?utm_source=en.wikipedia.org&utm_campaign=api&utm_content=thumbnail,French,,0,0,0,,0,2,0,2
Alessandro Zanardi,TEAM_LOTUS,Team Lotus,TEAM_LOTUS,1994,Driver,https://upload.wikimedia.org/wikipedia/commons/thumb/3/36/Alex_Zanardi_%28cropped%29.JPG/330px-Alex_Zanardi_%28cropped%29.JPG?utm_source=en.wikipedia.org&utm_campaign=api&utm_content=thumbnail,Italian,,0,0,0,,1,10,0,5
David Coulthard,WILLIAMS,Williams,WILLIAMS,1994,Driver,https://upload.wikimedia.org/wikipedia/commons/thumb/a/a4/David_Coulthard_at_the_2025_Adelaide_Grand_Final_Parade_-_12.jpg/330px-David_Coulthard_at_the_2025_Adelaide_Grand_Final_Parade_-_12.jpg?utm_source=en.wikipedia.org&utm_campaign=api&utm_content=thumbnail,British,8,0,1,0,,5,8,0,3
Andrea Montermini,SIMTEK,Simtek,SIMTEK,1994,Driver,https://upload.wikimedia.org/wikipedia/commons/thumb/a/a2/Andrea_Montermini_at_the_2026_Adelaide_Motorsport_Festival_%28028A7639%29.jpg/330px-Andrea_Montermini_at_the_2026_Adelaide_Motorsport_Festival_%28028A7639%29.jpg?utm_source=en.wikipedia.org&utm_campaign=api&utm_content=thumbnail,Italian,,0,0,0,,0,1,0,1
Jean-Marc Gounon,SIMTEK,Simtek,SIMTEK,1994,Driver,https://upload.wikimedia.org/wikipedia/commons/e/ea/Jean-Marc_Gounon_%282015%29.JPG?utm_source=en.wikipedia.org&utm_campaign=api&utm_content=thumbnail_unscaled,French,,0,0,0,,1,7,0,3
Nigel Mansell,WILLIAMS,Williams,WILLIAMS,1994,Driver,https://upload.wikimedia.org/wikipedia/commons/thumb/e/e4/Nigel_Mansell_-_Mexican_Grand_Prix_01_%28cropped%29.jpeg/330px-Nigel_Mansell_-_Mexican_Grand_Prix_01_%28cropped%29.jpeg?utm_source=en.wikipedia.org&utm_campaign=api&utm_content=thumbnail,British,9,1,1,1,,2,4,0,2
Philippe Alliot,MCLAREN,McLaren,MCLAREN|LARROUSSE,1994,Driver,https://upload.wikimedia.org/wikipedia/commons/thumb/3/38/Philippe_Alliot_en_1993_%28bearb_Sp%29.jpg/330px-Philippe_Alliot_en_1993_%28bearb_Sp%29.jpg?utm_source=en.wikipedia.org&utm_campaign=api&utm_content=thumbnail,French,,0,0,0,,0,2,0,2
Philippe Adams,TEAM_LOTUS,Team Lotus,TEAM_LOTUS,1994,Driver,https://upload.wikimedia.org/wikipedia/commons/thumb/9/95/Philippe_Adams%27_Lotus_109.jpg/330px-Philippe_Adams%27_Lotus_109.jpg?utm_source=en.wikipedia.org&utm_campaign=api&utm_content=thumbnail,Belgian,,0,0,0,,0,2,0,1
Yannick Dalmas,LARROUSSE,Larrousse,LARROUSSE,1994,Driver,https://upload.wikimedia.org/wikipedia/commons/thumb/2/2c/Yannick_DALMAS.JPG/330px-Yannick_DALMAS.JPG?utm_source=en.wikipedia.org&utm_campaign=api&utm_content=thumbnail,French,,0,0,0,,0,2,0,1
Domenico Schiattarella,SIMTEK,Simtek,SIMTEK,1994,Driver,https://upload.wikimedia.org/wikipedia/commons/thumb/1/18/Simtek_S951_1995.PNG/330px-Simtek_S951_1995.PNG?utm_source=en.wikipedia.org&utm_campaign=api&utm_content=thumbnail,Italian,,0,0,0,,0,2,0,1
Hideki Noda,LARROUSSE,Larrousse,LARROUSSE,1994,Driver,https://upload.wikimedia.org/wikipedia/commons/thumb/d/db/Hideki_Noda_2009_1000km_of_Okayama.jpg/330px-Hideki_Noda_2009_1000km_of_Okayama.jpg?utm_source=en.wikipedia.org&utm_campaign=api&utm_content=thumbnail,Japanese,,0,0,0,,0,3,0,3
Mika Salo,TEAM_LOTUS,Team Lotus,TEAM_LOTUS,1994,Driver,https://upload.wikimedia.org/wikipedia/commons/thumb/c/c7/Mika_Salo_Le_Mans_2009_cropped.jpg/330px-Mika_Salo_Le_Mans_2009_cropped.jpg?utm_source=en.wikipedia.org&utm_campaign=api&utm_content=thumbnail,Finnish,,0,0,0,,1,2,0,1
Franck Lagorce,LIGIER,Ligier,LIGIER,1994,Driver,https://upload.wikimedia.org/wikipedia/commons/thumb/9/9c/Franck_Lagorce_-_Mondial_de_l%27Automobile_de_Paris_2016_-_003.jpg/330px-Franck_Lagorce_-_Mondial_de_l%27Automobile_de_Paris_2016_-_003.jpg?utm_source=en.wikipedia.org&utm_campaign=api&utm_content=thumbnail,French,,0,0,0,,0,2,0,1
Taki Inoue,SIMTEK,Simtek,SIMTEK,1994,Driver,https://upload.wikimedia.org/wikipedia/commons/thumb/0/09/Taki_Inoue_1995_British_GP.jpg/330px-Taki_Inoue_1995_British_GP.jpg?utm_source=en.wikipedia.org&utm_campaign=api&utm_content=thumbnail,Japanese,,0,0,0,,0,1,0,1
Jean-Denis Délétraz,LARROUSSE,Larrousse,LARROUSSE,1994,Driver,https://upload.wikimedia.org/wikipedia/commons/thumb/d/da/Jean-Denis_D%C3%A9l%C3%A9traz_-_Le_Mans_2012.JPG/330px-Jean-Denis_D%C3%A9l%C3%A9traz_-_Le_Mans_2012.JPG?utm_source=en.wikipedia.org&utm_campaign=api&utm_content=thumbnail,Swiss,,0,0,0,,0,1,0,1
Michael Schumacher,BENETTON,Benetton,BENETTON,1995,Driver,https://upload.wikimedia.org/wikipedia/commons/thumb/c/c2/Michael_Schumacher%2C_September_2005.jpg/330px-Michael_Schumacher%2C_September_2005.jpg?utm_source=en.wikipedia.org&utm_campaign=api&utm_content=thumbnail,German,1,9,11,4,,12,17,1,4
David Coulthard,WILLIAMS,Williams,WILLIAMS,1995,Driver,https://upload.wikimedia.org/wikipedia/commons/thumb/a/a4/David_Coulthard_at_the_2025_Adelaide_Grand_Final_Parade_-_12.jpg/330px-David_Coulthard_at_the_2025_Adelaide_Grand_Final_Parade_-_12.jpg?utm_source=en.wikipedia.org&utm_campaign=api&utm_content=thumbnail,British,3,1,8,5,,9,17,0,8
Gerhard Berger,FERRARI,Ferrari,FERRARI,1995,Driver,https://upload.wikimedia.org/wikipedia/commons/thumb/c/c9/Gerhard_Berger_1991USA_%28cropped%29.jpg/330px-Gerhard_Berger_1991USA_%28cropped%29.jpg?utm_source=en.wikipedia.org&utm_campaign=api&utm_content=thumbnail,Austrian,6,0,6,1,,9,17,0,6
Mika Häkkinen,MCLAREN,McLaren,MCLAREN,1995,Driver,https://upload.wikimedia.org/wikipedia/commons/thumb/a/a6/Mika_H%C3%A4kkinen_Champions_for_Charity_2016-07-27.jpg/330px-Mika_H%C3%A4kkinen_Champions_for_Charity_2016-07-27.jpg?utm_source=en.wikipedia.org&utm_campaign=api&utm_content=thumbnail,Finnish,7,0,2,0,,6,16,0,10
Jean Alesi,FERRARI,Ferrari,FERRARI,1995,Driver,https://upload.wikimedia.org/wikipedia/commons/thumb/c/c7/Jean_Alesi%2C_GIMS_2019%2C_Le_Grand-Saconnex_%28GIMS0047%29.jpg/330px-Jean_Alesi%2C_GIMS_2019%2C_Le_Grand-Saconnex_%28GIMS0047%29.jpg?utm_source=en.wikipedia.org&utm_campaign=api&utm_content=thumbnail,French,5,1,5,0,,9,17,0,8
Mark Blundell,MCLAREN,McLaren,MCLAREN,1995,Driver,https://upload.wikimedia.org/wikipedia/commons/thumb/3/34/Mark_Blundell_%285399713991%29.jpg/330px-Mark_Blundell_%285399713991%29.jpg?utm_source=en.wikipedia.org&utm_campaign=api&utm_content=thumbnail,British,10,0,0,0,,9,15,0,5
Mika Salo,TYRRELL,Tyrrell,TYRRELL,1995,Driver,https://upload.wikimedia.org/wikipedia/commons/thumb/c/c7/Mika_Salo_Le_Mans_2009_cropped.jpg/330px-Mika_Salo_Le_Mans_2009_cropped.jpg?utm_source=en.wikipedia.org&utm_campaign=api&utm_content=thumbnail,Finnish,15,0,0,0,,9,17,0,5
Aguri Suzuki,LIGIER,Ligier,LIGIER,1995,Driver,https://upload.wikimedia.org/wikipedia/commons/thumb/a/ac/Suzuki_Sepang_25.png/330px-Suzuki_Sepang_25.png?utm_source=en.wikipedia.org&utm_campaign=api&utm_content=thumbnail,Japanese,17,0,0,0,,2,6,0,3
Andrea Montermini,PACIFIC,Pacific,PACIFIC,1995,Driver,https://upload.wikimedia.org/wikipedia/commons/thumb/a/a2/Andrea_Montermini_at_the_2026_Adelaide_Motorsport_Festival_%28028A7639%29.jpg/330px-Andrea_Montermini_at_the_2026_Adelaide_Motorsport_Festival_%28028A7639%29.jpg?utm_source=en.wikipedia.org&utm_campaign=api&utm_content=thumbnail,Italian,,0,0,0,,2,17,0,14
Pedro Diniz,FORTI,Forti,FORTI,1995,Driver,https://upload.wikimedia.org/wikipedia/commons/thumb/1/11/Fazenda_da_Toca_foto_kiko_ferrite_02295_-_Pedro_Paulo_Diniz_%28cropped%29.jpg/330px-Fazenda_da_Toca_foto_kiko_ferrite_02295_-_Pedro_Paulo_Diniz_%28cropped%29.jpg?utm_source=en.wikipedia.org&utm_campaign=api&utm_content=thumbnail,Brazilian,,0,0,0,,4,17,0,9
Gianni Morbidelli,FOOTWORK,Footwork,FOOTWORK,1995,Driver,https://upload.wikimedia.org/wikipedia/commons/thumb/1/16/Gianni_morbidelli_spafrancorchamps2014.JPG/330px-Gianni_morbidelli_spafrancorchamps2014.JPG?utm_source=en.wikipedia.org&utm_campaign=api&utm_content=thumbnail,Italian,14,0,1,0,,3,10,0,4
Taki Inoue,FOOTWORK,Footwork,FOOTWORK,1995,Driver,https://upload.wikimedia.org/wikipedia/commons/thumb/0/09/Taki_Inoue_1995_British_GP.jpg/330px-Taki_Inoue_1995_British_GP.jpg?utm_source=en.wikipedia.org&utm_campaign=api&utm_content=thumbnail,Japanese,,0,0,0,,2,17,0,12
Luca Badoer,MINARDI,Minardi,MINARDI,1995,Driver,https://upload.wikimedia.org/wikipedia/commons/thumb/9/98/Luca_Badoer_2021_%28cropped%29.jpg/330px-Luca_Badoer_2021_%28cropped%29.jpg?utm_source=en.wikipedia.org&utm_campaign=api&utm_content=thumbnail,Italian,,0,0,0,,4,17,0,8
Roberto Moreno,FORTI,Forti,FORTI,1995,Driver,https://upload.wikimedia.org/wikipedia/commons/thumb/f/f4/Roberto_Bud_suite_97.tif/lossy-page1-330px-Roberto_Bud_suite_97.tif.jpg?utm_source=en.wikipedia.org&utm_campaign=api&utm_content=thumbnail,Brazilian,,0,0,0,,0,17,0,13
Karl Wendlinger,SAUBER,Sauber,SAUBER,1995,Driver,https://upload.wikimedia.org/wikipedia/commons/thumb/e/ef/GTS_class_winners_%2810th_overall%29_-_Karl_Wendlinger_-_Chrysler_Viper_GTS-R_-_on_the_podium_at_the_1999_Le_Mans_%2851897678180%29_%28cropped%29.jpg/330px-GTS_class_winners_%2810th_overall%29_-_Karl_Wendlinger_-_Chrysler_Viper_GTS-R_-_on_the_podium_at_the_1999_Le_Mans_%2851897678180%29_%28cropped%29.jpg?utm_source=en.wikipedia.org&utm_campaign=api&utm_content=thumbnail,Austrian,,0,0,0,,1,6,0,4
Damon Hill,WILLIAMS,Williams,WILLIAMS,1995,Driver,https://upload.wikimedia.org/wikipedia/commons/thumb/c/cf/Damon_Hill_at_the_Atlassian_Williams_Racing_Fan_Zone_of_2026_%28028A8241%29.jpg/330px-Damon_Hill_at_the_Atlassian_Williams_Racing_Fan_Zone_of_2026_%28028A8241%29.jpg?utm_source=en.wikipedia.org&utm_campaign=api&utm_content=thumbnail,British,2,4,9,7,,10,17,0,7
Johnny Herbert,BENETTON,Benetton,BENETTON,1995,Driver,https://upload.wikimedia.org/wikipedia/commons/thumb/b/bf/Johnny_Herbert_%2831729263593%29.jpg/330px-Johnny_Herbert_%2831729263593%29.jpg?utm_source=en.wikipedia.org&utm_campaign=api&utm_content=thumbnail,British,4,2,4,0,,13,17,0,4
Bertrand Gachot,PACIFIC,Pacific,PACIFIC,1995,Driver,https://upload.wikimedia.org/wikipedia/commons/thumb/0/08/Bertrand_Gachot_-_1991_US_GP.jpg/330px-Bertrand_Gachot_-_1991_US_GP.jpg?utm_source=en.wikipedia.org&utm_campaign=api&utm_content=thumbnail,Belgian,,0,0,0,,1,11,0,9
Rubens Barrichello,JORDAN,Jordan,JORDAN,1995,Driver,https://upload.wikimedia.org/wikipedia/commons/thumb/a/ae/Rubinho.jpg/330px-Rubinho.jpg?utm_source=en.wikipedia.org&utm_campaign=api&utm_content=thumbnail,Brazilian,11,0,1,0,,6,17,0,9
Jos Verstappen,SIMTEK,Simtek,SIMTEK,1995,Driver,https://upload.wikimedia.org/wikipedia/commons/thumb/b/b9/Jos_Verstappen%2C_2006.jpg/330px-Jos_Verstappen%2C_2006.jpg?utm_source=en.wikipedia.org&utm_campaign=api&utm_content=thumbnail,Dutch,,0,0,0,,0,5,0,4
Ukyo Katayama,TYRRELL,Tyrrell,TYRRELL,1995,Driver,https://upload.wikimedia.org/wikipedia/commons/thumb/d/d7/Ukyo_Katayama_PA166402.jpg/330px-Ukyo_Katayama_PA166402.jpg?utm_source=en.wikipedia.org&utm_campaign=api&utm_content=thumbnail,Japanese,,0,0,0,,3,16,0,12
Eddie Irvine,JORDAN,Jordan,JORDAN,1995,Driver,https://upload.wikimedia.org/wikipedia/commons/e/eb/Eddie_Irvine_after_the_1999_Australian_Grand_Prix.jpg?utm_source=en.wikipedia.org&utm_campaign=api&utm_content=thumbnail_unscaled,British,12,0,1,0,,8,17,0,8
Domenico Schiattarella,SIMTEK,Simtek,SIMTEK,1995,Driver,https://upload.wikimedia.org/wikipedia/commons/thumb/1/18/Simtek_S951_1995.PNG/330px-Simtek_S951_1995.PNG?utm_source=en.wikipedia.org&utm_campaign=api&utm_content=thumbnail,Italian,,0,0,0,,1,5,0,3
Heinz-Harald Frentzen,SAUBER,Sauber,SAUBER,1995,Driver,https://upload.wikimedia.org/wikipedia/commons/thumb/8/8a/Heinz-Harald_Frentzen_a_%28cropped%29.jpg/330px-Heinz-Harald_Frentzen_a_%28cropped%29.jpg?utm_source=en.wikipedia.org&utm_campaign=api&utm_content=thumbnail,German,9,0,1,0,,12,17,0,5
Olivier Panis,LIGIER,Ligier,LIGIER,1995,Driver,https://upload.wikimedia.org/wikipedia/commons/thumb/c/c6/Paris_-_Retromobile_2012_-_Olivier_Panis_-_Fiskens_-_006.jpg/330px-Paris_-_Retromobile_2012_-_Olivier_Panis_-_Fiskens_-_006.jpg?utm_source=en.wikipedia.org&utm_campaign=api&utm_content=thumbnail,French,8,0,1,0,,11,17,0,6
Pierluigi Martini,MINARDI,Minardi,MINARDI,1995,Driver,https://upload.wikimedia.org/wikipedia/commons/thumb/5/58/Pierluigi_Martini_celebrates_on_the_podium_at_the_1999_Le_Mans_%2851889440091%29.jpg/330px-Pierluigi_Martini_celebrates_on_the_podium_at_the_1999_Le_Mans_%2851889440091%29.jpg?utm_source=en.wikipedia.org&utm_campaign=api&utm_content=thumbnail,Italian,,0,0,0,,2,9,0,5
Nigel Mansell,MCLAREN,McLaren,MCLAREN,1995,Driver,https://upload.wikimedia.org/wikipedia/commons/thumb/e/e4/Nigel_Mansell_-_Mexican_Grand_Prix_01_%28cropped%29.jpeg/330px-Nigel_Mansell_-_Mexican_Grand_Prix_01_%28cropped%29.jpeg?utm_source=en.wikipedia.org&utm_campaign=api&utm_content=thumbnail,British,,0,0,0,,1,2,0,1
Martin Brundle,LIGIER,Ligier,LIGIER,1995,Driver,https://upload.wikimedia.org/wikipedia/commons/thumb/3/36/Martin_Brundle_2021_%2851591210921%29_%28cropped%29.jpg/330px-Martin_Brundle_2021_%2851591210921%29_%28cropped%29.jpg?utm_source=en.wikipedia.org&utm_campaign=api&utm_content=thumbnail,British,13,0,1,0,,6,11,0,5
Jean-Christophe Boullion,SAUBER,Sauber,SAUBER,1995,Driver,https://upload.wikimedia.org/wikipedia/commons/thumb/6/69/Jean-Christophe_Boullion_2007_Mil_Milhas_Brasil.jpg/330px-Jean-Christophe_Boullion_2007_Mil_Milhas_Brasil.jpg?utm_source=en.wikipedia.org&utm_campaign=api&utm_content=thumbnail,French,16,0,0,0,,5,11,0,4
Massimiliano Papis,FOOTWORK,Footwork,FOOTWORK,1995,Driver,https://upload.wikimedia.org/wikipedia/commons/thumb/c/c0/Max_Papis_NASCAR_Nationwide_Road_America_2011.jpg/330px-Max_Papis_NASCAR_Nationwide_Road_America_2011.jpg?utm_source=en.wikipedia.org&utm_campaign=api&utm_content=thumbnail,Italian,,0,0,0,,1,7,0,5
Giovanni Lavaggi,PACIFIC,Pacific,PACIFIC,1995,Driver,https://upload.wikimedia.org/wikipedia/commons/thumb/c/cc/Lavaggi_LS1_Spa_2009.JPG/330px-Lavaggi_LS1_Spa_2009.JPG?utm_source=en.wikipedia.org&utm_campaign=api&utm_content=thumbnail,Italian,,0,0,0,,0,4,0,4
Pedro Lamy,MINARDI,Minardi,MINARDI,1995,Driver,https://upload.wikimedia.org/wikipedia/commons/thumb/7/79/Pedro_Lamy_Le_Mans_Series_Interlagos_Novembro_2007.jpg/330px-Pedro_Lamy_Le_Mans_Series_Interlagos_Novembro_2007.jpg?utm_source=en.wikipedia.org&utm_campaign=api&utm_content=thumbnail,Portuguese,18,0,0,0,,4,8,0,2
Jean-Denis Délétraz,PACIFIC,Pacific,PACIFIC,1995,Driver,https://upload.wikimedia.org/wikipedia/commons/thumb/d/da/Jean-Denis_D%C3%A9l%C3%A9traz_-_Le_Mans_2012.JPG/330px-Jean-Denis_D%C3%A9l%C3%A9traz_-_Le_Mans_2012.JPG?utm_source=en.wikipedia.org&utm_campaign=api&utm_content=thumbnail,Swiss,,0,0,0,,0,2,0,1
Gabriele Tarquini,TYRRELL,Tyrrell,TYRRELL,1995,Driver,https://upload.wikimedia.org/wikipedia/commons/thumb/7/71/%E3%81%93%E3%81%86%E3%81%97%E3%81%A6%E3%81%BF%E3%82%8B%E3%81%A8%E3%81%9F%E3%81%A0%E3%81%AE%E7%88%BA%E3%81%95%E3%82%93_%2815506042327%29.jpg/330px-%E3%81%93%E3%81%86%E3%81%97%E3%81%A6%E3%81%BF%E3%82%8B%E3%81%A8%E3%81%9F%E3%81%A0%E3%81%AE%E7%88%BA%E3%81%95%E3%82%93_%2815506042327%29.jpg?utm_source=en.wikipedia.org&utm_campaign=api&utm_content=thumbnail,Italian,,0,0,0,,0,1,0,0
Jan Magnussen,MCLAREN,McLaren,MCLAREN,1995,Driver,https://upload.wikimedia.org/wikipedia/commons/thumb/0/03/Jan_Magnussen_%2837535519996%29_%28cropped%29.jpg/330px-Jan_Magnussen_%2837535519996%29_%28cropped%29.jpg?utm_source=en.wikipedia.org&utm_campaign=api&utm_content=thumbnail,Danish,,0,0,0,,1,1,0,0
Damon Hill,WILLIAMS,Williams,WILLIAMS,1996,Driver,https://upload.wikimedia.org/wikipedia/commons/thumb/c/cf/Damon_Hill_at_the_Atlassian_Williams_Racing_Fan_Zone_of_2026_%28028A8241%29.jpg/330px-Damon_Hill_at_the_Atlassian_Williams_Racing_Fan_Zone_of_2026_%28028A8241%29.jpg?utm_source=en.wikipedia.org&utm_campaign=api&utm_content=thumbnail,British,1,8,10,9,,12,16,1,4
Jacques Villeneuve,WILLIAMS,Williams,WILLIAMS,1996,Driver,https://upload.wikimedia.org/wikipedia/commons/thumb/a/aa/Jacques_Villeneuve_Peugeot_208_T16_Lydden_Hill_2014_006_%28cropped2%29.jpg/330px-Jacques_Villeneuve_Peugeot_208_T16_Lydden_Hill_2014_006_%28cropped2%29.jpg?utm_source=en.wikipedia.org&utm_campaign=api&utm_content=thumbnail,Canadian,2,4,11,3,,12,16,0,3
Eddie Irvine,FERRARI,Ferrari,FERRARI,1996,Driver,https://upload.wikimedia.org/wikipedia/commons/e/eb/Eddie_Irvine_after_the_1999_Australian_Grand_Prix.jpg?utm_source=en.wikipedia.org&utm_campaign=api&utm_content=thumbnail_unscaled,British,10,0,1,0,,6,16,0,10
Gerhard Berger,BENETTON,Benetton,BENETTON,1996,Driver,https://upload.wikimedia.org/wikipedia/commons/thumb/c/c9/Gerhard_Berger_1991USA_%28cropped%29.jpg/330px-Gerhard_Berger_1991USA_%28cropped%29.jpg?utm_source=en.wikipedia.org&utm_campaign=api&utm_content=thumbnail,Austrian,6,0,2,0,,8,16,0,7
Mika Häkkinen,MCLAREN,McLaren,MCLAREN,1996,Driver,https://upload.wikimedia.org/wikipedia/commons/thumb/a/a6/Mika_H%C3%A4kkinen_Champions_for_Charity_2016-07-27.jpg/330px-Mika_H%C3%A4kkinen_Champions_for_Charity_2016-07-27.jpg?utm_source=en.wikipedia.org&utm_campaign=api&utm_content=thumbnail,Finnish,5,0,4,0,,13,16,0,3
Mika Salo,TYRRELL,Tyrrell,TYRRELL,1996,Driver,https://upload.wikimedia.org/wikipedia/commons/thumb/c/c7/Mika_Salo_Le_Mans_2009_cropped.jpg/330px-Mika_Salo_Le_Mans_2009_cropped.jpg?utm_source=en.wikipedia.org&utm_campaign=api&utm_content=thumbnail,Finnish,13,0,0,0,,7,16,0,8
Olivier Panis,LIGIER,Ligier,LIGIER,1996,Driver,https://upload.wikimedia.org/wikipedia/commons/thumb/c/c6/Paris_-_Retromobile_2012_-_Olivier_Panis_-_Fiskens_-_006.jpg/330px-Paris_-_Retromobile_2012_-_Olivier_Panis_-_Fiskens_-_006.jpg?utm_source=en.wikipedia.org&utm_campaign=api&utm_content=thumbnail,French,9,1,1,0,,9,16,0,7
Heinz-Harald Frentzen,SAUBER,Sauber,SAUBER,1996,Driver,https://upload.wikimedia.org/wikipedia/commons/thumb/8/8a/Heinz-Harald_Frentzen_a_%28cropped%29.jpg/330px-Heinz-Harald_Frentzen_a_%28cropped%29.jpg?utm_source=en.wikipedia.org&utm_campaign=api&utm_content=thumbnail,German,12,0,0,0,,7,16,0,9
Ricardo Rosset,FOOTWORK,Footwork,FOOTWORK,1996,Driver,https://upload.wikimedia.org/wikipedia/commons/thumb/3/31/Ricardo_Rosset_Donington.jpg/330px-Ricardo_Rosset_Donington.jpg?utm_source=en.wikipedia.org&utm_campaign=api&utm_content=thumbnail,Brazilian,,0,0,0,,3,16,0,8
Pedro Diniz,LIGIER,Ligier,LIGIER,1996,Driver,https://upload.wikimedia.org/wikipedia/commons/thumb/1/11/Fazenda_da_Toca_foto_kiko_ferrite_02295_-_Pedro_Paulo_Diniz_%28cropped%29.jpg/330px-Fazenda_da_Toca_foto_kiko_ferrite_02295_-_Pedro_Paulo_Diniz_%28cropped%29.jpg?utm_source=en.wikipedia.org&utm_campaign=api&utm_content=thumbnail,Brazilian,15,0,0,0,,6,16,0,10
Ukyo Katayama,TYRRELL,Tyrrell,TYRRELL,1996,Driver,https://upload.wikimedia.org/wikipedia/commons/thumb/d/d7/Ukyo_Katayama_PA166402.jpg/330px-Ukyo_Katayama_PA166402.jpg?utm_source=en.wikipedia.org&utm_campaign=api&utm_content=thumbnail,Japanese,,0,0,0,,4,16,0,10
Pedro Lamy,MINARDI,Minardi,MINARDI,1996,Driver,https://upload.wikimedia.org/wikipedia/commons/thumb/7/79/Pedro_Lamy_Le_Mans_Series_Interlagos_Novembro_2007.jpg/330px-Pedro_Lamy_Le_Mans_Series_Interlagos_Novembro_2007.jpg?utm_source=en.wikipedia.org&utm_campaign=api&utm_content=thumbnail,Portuguese,,0,0,0,,3,16,0,8
Michael Schumacher,FERRARI,Ferrari,FERRARI,1996,Driver,https://upload.wikimedia.org/wikipedia/commons/thumb/c/c2/Michael_Schumacher%2C_September_2005.jpg/330px-Michael_Schumacher%2C_September_2005.jpg?utm_source=en.wikipedia.org&utm_campaign=api&utm_content=thumbnail,German,3,3,8,4,,10,16,0,6
Giancarlo Fisichella,MINARDI,Minardi,MINARDI,1996,Driver,https://upload.wikimedia.org/wikipedia/commons/thumb/e/e2/Giancarlo_Fisichella_2012_WEC_Fuji.jpg/330px-Giancarlo_Fisichella_2012_WEC_Fuji.jpg?utm_source=en.wikipedia.org&utm_campaign=api&utm_content=thumbnail,Italian,,0,0,0,,1,8,0,5
Rubens Barrichello,JORDAN,Jordan,JORDAN,1996,Driver,https://upload.wikimedia.org/wikipedia/commons/thumb/a/ae/Rubinho.jpg/330px-Rubinho.jpg?utm_source=en.wikipedia.org&utm_campaign=api&utm_content=thumbnail,Brazilian,8,0,0,0,,9,16,0,7
David Coulthard,MCLAREN,McLaren,MCLAREN,1996,Driver,https://upload.wikimedia.org/wikipedia/commons/thumb/a/a4/David_Coulthard_at_the_2025_Adelaide_Grand_Final_Parade_-_12.jpg/330px-David_Coulthard_at_the_2025_Adelaide_Grand_Final_Parade_-_12.jpg?utm_source=en.wikipedia.org&utm_campaign=api&utm_content=thumbnail,British,7,0,2,0,,8,16,0,7
Jos Verstappen,FOOTWORK,Footwork,FOOTWORK,1996,Driver,https://upload.wikimedia.org/wikipedia/commons/thumb/b/b9/Jos_Verstappen%2C_2006.jpg/330px-Jos_Verstappen%2C_2006.jpg?utm_source=en.wikipedia.org&utm_campaign=api&utm_content=thumbnail,Dutch,16,0,0,0,,3,16,0,12
Jean Alesi,BENETTON,Benetton,BENETTON,1996,Driver,https://upload.wikimedia.org/wikipedia/commons/thumb/c/c7/Jean_Alesi%2C_GIMS_2019%2C_Le_Grand-Saconnex_%28GIMS0047%29.jpg/330px-Jean_Alesi%2C_GIMS_2019%2C_Le_Grand-Saconnex_%28GIMS0047%29.jpg?utm_source=en.wikipedia.org&utm_campaign=api&utm_content=thumbnail,French,4,0,8,0,,11,16,0,5
Martin Brundle,JORDAN,Jordan,JORDAN,1996,Driver,https://upload.wikimedia.org/wikipedia/commons/thumb/3/36/Martin_Brundle_2021_%2851591210921%29_%28cropped%29.jpg/330px-Martin_Brundle_2021_%2851591210921%29_%28cropped%29.jpg?utm_source=en.wikipedia.org&utm_campaign=api&utm_content=thumbnail,British,11,0,0,0,,8,16,0,7
Johnny Herbert,SAUBER,Sauber,SAUBER,1996,Driver,https://upload.wikimedia.org/wikipedia/commons/thumb/b/bf/Johnny_Herbert_%2831729263593%29.jpg/330px-Johnny_Herbert_%2831729263593%29.jpg?utm_source=en.wikipedia.org&utm_campaign=api&utm_content=thumbnail,British,14,0,1,0,,8,16,0,8
Luca Badoer,FORTI,Forti,FORTI,1996,Driver,https://upload.wikimedia.org/wikipedia/commons/thumb/9/98/Luca_Badoer_2021_%28cropped%29.jpg/330px-Luca_Badoer_2021_%28cropped%29.jpg?utm_source=en.wikipedia.org&utm_campaign=api&utm_content=thumbnail,Italian,,0,0,0,,1,6,0,4
Andrea Montermini,FORTI,Forti,FORTI,1996,Driver,https://upload.wikimedia.org/wikipedia/commons/thumb/a/a2/Andrea_Montermini_at_the_2026_Adelaide_Motorsport_Festival_%28028A7639%29.jpg/330px-Andrea_Montermini_at_the_2026_Adelaide_Motorsport_Festival_%28028A7639%29.jpg?utm_source=en.wikipedia.org&utm_campaign=api&utm_content=thumbnail,Italian,,0,0,0,,1,5,0,4
Tarso Marques,MINARDI,Minardi,MINARDI,1996,Driver,https://upload.wikimedia.org/wikipedia/commons/thumb/c/ce/Tarso_lifestyle_%2834%29.jpg/330px-Tarso_lifestyle_%2834%29.jpg?utm_source=en.wikipedia.org&utm_campaign=api&utm_content=thumbnail,Brazilian,,0,0,0,,0,2,0,2
Giovanni Lavaggi,MINARDI,Minardi,MINARDI,1996,Driver,https://upload.wikimedia.org/wikipedia/commons/thumb/c/cc/Lavaggi_LS1_Spa_2009.JPG/330px-Lavaggi_LS1_Spa_2009.JPG?utm_source=en.wikipedia.org&utm_campaign=api&utm_content=thumbnail,Italian,,0,0,0,,1,3,0,1
David Coulthard,MCLAREN,McLaren,MCLAREN,1997,Driver,https://upload.wikimedia.org/wikipedia/commons/thumb/a/a4/David_Coulthard_at_the_2025_Adelaide_Grand_Final_Parade_-_12.jpg/330px-David_Coulthard_at_the_2025_Adelaide_Grand_Final_Parade_-_12.jpg?utm_source=en.wikipedia.org&utm_campaign=api&utm_content=thumbnail,British,3,2,4,0,,10,17,0,7
Michael Schumacher,FERRARI,Ferrari,FERRARI,1997,Driver,https://upload.wikimedia.org/wikipedia/commons/thumb/c/c2/Michael_Schumacher%2C_September_2005.jpg/330px-Michael_Schumacher%2C_September_2005.jpg?utm_source=en.wikipedia.org&utm_campaign=api&utm_content=thumbnail,German,,5,8,3,,13,17,0,4
Mika Häkkinen,MCLAREN,McLaren,MCLAREN,1997,Driver,https://upload.wikimedia.org/wikipedia/commons/thumb/a/a6/Mika_H%C3%A4kkinen_Champions_for_Charity_2016-07-27.jpg/330px-Mika_H%C3%A4kkinen_Champions_for_Charity_2016-07-27.jpg?utm_source=en.wikipedia.org&utm_campaign=api&utm_content=thumbnail,Finnish,6,1,3,1,,9,17,0,8
Gerhard Berger,BENETTON,Benetton,BENETTON,1997,Driver,https://upload.wikimedia.org/wikipedia/commons/thumb/c/c9/Gerhard_Berger_1991USA_%28cropped%29.jpg/330px-Gerhard_Berger_1991USA_%28cropped%29.jpg?utm_source=en.wikipedia.org&utm_campaign=api&utm_content=thumbnail,Austrian,5,1,2,1,,13,14,0,1
Olivier Panis,PROST,Prost,PROST,1997,Driver,https://upload.wikimedia.org/wikipedia/commons/thumb/c/c6/Paris_-_Retromobile_2012_-_Olivier_Panis_-_Fiskens_-_006.jpg/330px-Paris_-_Retromobile_2012_-_Olivier_Panis_-_Fiskens_-_006.jpg?utm_source=en.wikipedia.org&utm_campaign=api&utm_content=thumbnail,French,9,0,2,0,,7,10,0,2
Nicola Larini,SAUBER,Sauber,SAUBER,1997,Driver,https://upload.wikimedia.org/wikipedia/commons/thumb/6/6d/Nicola_Larini_2006_Curitiba.jpg/330px-Nicola_Larini_2006_Curitiba.jpg?utm_source=en.wikipedia.org&utm_campaign=api&utm_content=thumbnail,Italian,19,0,0,0,,2,5,0,2
Shinji Nakano,PROST,Prost,PROST,1997,Driver,https://upload.wikimedia.org/wikipedia/commons/thumb/4/4d/Shinji_Nakano_2009_Japan.jpg/330px-Shinji_Nakano_2009_Japan.jpg?utm_source=en.wikipedia.org&utm_campaign=api&utm_content=thumbnail,Japanese,18,0,0,0,,5,17,0,9
Heinz-Harald Frentzen,WILLIAMS,Williams,WILLIAMS,1997,Driver,https://upload.wikimedia.org/wikipedia/commons/thumb/8/8a/Heinz-Harald_Frentzen_a_%28cropped%29.jpg/330px-Heinz-Harald_Frentzen_a_%28cropped%29.jpg?utm_source=en.wikipedia.org&utm_campaign=api&utm_content=thumbnail,German,2,1,7,1,,12,17,0,5
Jarno Trulli,MINARDI,Minardi,MINARDI|PROST,1997,Driver,https://upload.wikimedia.org/wikipedia/commons/thumb/3/30/12._Internationale_Sportnacht_Davos_2014_%2815246044859%29_%28cropped%29.jpg/330px-12._Internationale_Sportnacht_Davos_2014_%2815246044859%29_%28cropped%29.jpg?utm_source=en.wikipedia.org&utm_campaign=api&utm_content=thumbnail,Italian,15,0,0,0,,7,14,0,4
Pedro Diniz,ARROWS,Arrows,ARROWS,1997,Driver,https://upload.wikimedia.org/wikipedia/commons/thumb/1/11/Fazenda_da_Toca_foto_kiko_ferrite_02295_-_Pedro_Paulo_Diniz_%28cropped%29.jpg/330px-Fazenda_da_Toca_foto_kiko_ferrite_02295_-_Pedro_Paulo_Diniz_%28cropped%29.jpg?utm_source=en.wikipedia.org&utm_campaign=api&utm_content=thumbnail,Brazilian,16,0,0,0,,4,17,0,11
Rubens Barrichello,STEWART,Stewart,STEWART,1997,Driver,https://upload.wikimedia.org/wikipedia/commons/thumb/a/ae/Rubinho.jpg/330px-Rubinho.jpg?utm_source=en.wikipedia.org&utm_campaign=api&utm_content=thumbnail,Brazilian,13,0,1,0,,1,17,0,14
Mika Salo,TYRRELL,Tyrrell,TYRRELL,1997,Driver,https://upload.wikimedia.org/wikipedia/commons/thumb/c/c7/Mika_Salo_Le_Mans_2009_cropped.jpg/330px-Mika_Salo_Le_Mans_2009_cropped.jpg?utm_source=en.wikipedia.org&utm_campaign=api&utm_content=thumbnail,Finnish,17,0,0,0,,4,17,0,9
Jan Magnussen,STEWART,Stewart,STEWART,1997,Driver,https://upload.wikimedia.org/wikipedia/commons/thumb/0/03/Jan_Magnussen_%2837535519996%29_%28cropped%29.jpg/330px-Jan_Magnussen_%2837535519996%29_%28cropped%29.jpg?utm_source=en.wikipedia.org&utm_campaign=api&utm_content=thumbnail,Danish,,0,0,0,,3,17,0,12
Jean Alesi,BENETTON,Benetton,BENETTON,1997,Driver,https://upload.wikimedia.org/wikipedia/commons/thumb/c/c7/Jean_Alesi%2C_GIMS_2019%2C_Le_Grand-Saconnex_%28GIMS0047%29.jpg/330px-Jean_Alesi%2C_GIMS_2019%2C_Le_Grand-Saconnex_%28GIMS0047%29.jpg?utm_source=en.wikipedia.org&utm_campaign=api&utm_content=thumbnail,French,4,0,5,1,,12,17,0,3
Ukyo Katayama,MINARDI,Minardi,MINARDI,1997,Driver,https://upload.wikimedia.org/wikipedia/commons/thumb/d/d7/Ukyo_Katayama_PA166402.jpg/330px-Ukyo_Katayama_PA166402.jpg?utm_source=en.wikipedia.org&utm_campaign=api&utm_content=thumbnail,Japanese,,0,0,0,,2,17,0,9
Giancarlo Fisichella,JORDAN,Jordan,JORDAN,1997,Driver,https://upload.wikimedia.org/wikipedia/commons/thumb/e/e2/Giancarlo_Fisichella_2012_WEC_Fuji.jpg/330px-Giancarlo_Fisichella_2012_WEC_Fuji.jpg?utm_source=en.wikipedia.org&utm_campaign=api&utm_content=thumbnail,Italian,8,0,2,0,,11,17,0,4
Jos Verstappen,TYRRELL,Tyrrell,TYRRELL,1997,Driver,https://upload.wikimedia.org/wikipedia/commons/thumb/b/b9/Jos_Verstappen%2C_2006.jpg/330px-Jos_Verstappen%2C_2006.jpg?utm_source=en.wikipedia.org&utm_campaign=api&utm_content=thumbnail,Dutch,,0,0,0,,3,17,0,9
Ralf Schumacher,JORDAN,Jordan,JORDAN,1997,Driver,https://upload.wikimedia.org/wikipedia/commons/thumb/d/d1/Ralf_Schumacher%2C_2016.png/330px-Ralf_Schumacher%2C_2016.png?utm_source=en.wikipedia.org&utm_campaign=api&utm_content=thumbnail,German,11,0,1,0,,7,17,0,10
Jacques Villeneuve,WILLIAMS,Williams,WILLIAMS,1997,Driver,https://upload.wikimedia.org/wikipedia/commons/thumb/a/aa/Jacques_Villeneuve_Peugeot_208_T16_Lydden_Hill_2014_006_%28cropped2%29.jpg/330px-Jacques_Villeneuve_Peugeot_208_T16_Lydden_Hill_2014_006_%28cropped2%29.jpg?utm_source=en.wikipedia.org&utm_campaign=api&utm_content=thumbnail,Canadian,1,7,8,10,,11,17,1,6
Eddie Irvine,FERRARI,Ferrari,FERRARI,1997,Driver,https://upload.wikimedia.org/wikipedia/commons/e/eb/Eddie_Irvine_after_the_1999_Australian_Grand_Prix.jpg?utm_source=en.wikipedia.org&utm_campaign=api&utm_content=thumbnail_unscaled,British,7,0,5,0,,9,17,0,6
Johnny Herbert,SAUBER,Sauber,SAUBER,1997,Driver,https://upload.wikimedia.org/wikipedia/commons/thumb/b/bf/Johnny_Herbert_%2831729263593%29.jpg/330px-Johnny_Herbert_%2831729263593%29.jpg?utm_source=en.wikipedia.org&utm_campaign=api&utm_content=thumbnail,British,10,0,1,0,,11,17,0,6
Damon Hill,ARROWS,Arrows,ARROWS,1997,Driver,https://upload.wikimedia.org/wikipedia/commons/thumb/c/cf/Damon_Hill_at_the_Atlassian_Williams_Racing_Fan_Zone_of_2026_%28028A8241%29.jpg/330px-Damon_Hill_at_the_Atlassian_Williams_Racing_Fan_Zone_of_2026_%28028A8241%29.jpg?utm_source=en.wikipedia.org&utm_campaign=api&utm_content=thumbnail,British,12,0,1,0,,6,17,0,7
Gianni Morbidelli,SAUBER,Sauber,SAUBER,1997,Driver,https://upload.wikimedia.org/wikipedia/commons/thumb/1/16/Gianni_morbidelli_spafrancorchamps2014.JPG/330px-Gianni_morbidelli_spafrancorchamps2014.JPG?utm_source=en.wikipedia.org&utm_campaign=api&utm_content=thumbnail,Italian,,0,0,0,,4,8,0,2
Alexander Wurz,BENETTON,Benetton,BENETTON,1997,Driver,https://upload.wikimedia.org/wikipedia/commons/thumb/e/ef/Alexander_Wurz_-_2016_24_Hours_of_Le_Mans_-_Pit_Walk_%28cropped%29.jpg/330px-Alexander_Wurz_-_2016_24_Hours_of_Le_Mans_-_Pit_Walk_%28cropped%29.jpg?utm_source=en.wikipedia.org&utm_campaign=api&utm_content=thumbnail,Austrian,14,0,1,0,,1,3,0,2
Tarso Marques,MINARDI,Minardi,MINARDI,1997,Driver,https://upload.wikimedia.org/wikipedia/commons/thumb/c/ce/Tarso_lifestyle_%2834%29.jpg/330px-Tarso_lifestyle_%2834%29.jpg?utm_source=en.wikipedia.org&utm_campaign=api&utm_content=thumbnail,Brazilian,,0,0,0,,1,10,0,6
Mika Häkkinen,MCLAREN,McLaren,MCLAREN,1998,Driver,https://upload.wikimedia.org/wikipedia/commons/thumb/a/a6/Mika_H%C3%A4kkinen_Champions_for_Charity_2016-07-27.jpg/330px-Mika_H%C3%A4kkinen_Champions_for_Charity_2016-07-27.jpg?utm_source=en.wikipedia.org&utm_campaign=api&utm_content=thumbnail,Finnish,1,8,11,9,,13,16,1,3
David Coulthard,MCLAREN,McLaren,MCLAREN,1998,Driver,https://upload.wikimedia.org/wikipedia/commons/thumb/a/a4/David_Coulthard_at_the_2025_Adelaide_Grand_Final_Parade_-_12.jpg/330px-David_Coulthard_at_the_2025_Adelaide_Grand_Final_Parade_-_12.jpg?utm_source=en.wikipedia.org&utm_campaign=api&utm_content=thumbnail,British,3,1,9,3,,12,16,0,4
Heinz-Harald Frentzen,WILLIAMS,Williams,WILLIAMS,1998,Driver,https://upload.wikimedia.org/wikipedia/commons/thumb/8/8a/Heinz-Harald_Frentzen_a_%28cropped%29.jpg/330px-Heinz-Harald_Frentzen_a_%28cropped%29.jpg?utm_source=en.wikipedia.org&utm_campaign=api&utm_content=thumbnail,German,7,0,1,0,,11,16,0,4
Eddie Irvine,FERRARI,Ferrari,FERRARI,1998,Driver,https://upload.wikimedia.org/wikipedia/commons/e/eb/Eddie_Irvine_after_the_1999_Australian_Grand_Prix.jpg?utm_source=en.wikipedia.org&utm_campaign=api&utm_content=thumbnail_unscaled,British,4,0,8,0,,13,16,0,3
Jacques Villeneuve,WILLIAMS,Williams,WILLIAMS,1998,Driver,https://upload.wikimedia.org/wikipedia/commons/thumb/a/aa/Jacques_Villeneuve_Peugeot_208_T16_Lydden_Hill_2014_006_%28cropped2%29.jpg/330px-Jacques_Villeneuve_Peugeot_208_T16_Lydden_Hill_2014_006_%28cropped2%29.jpg?utm_source=en.wikipedia.org&utm_campaign=api&utm_content=thumbnail,Canadian,5,0,2,0,,13,16,0,3
Johnny Herbert,SAUBER,Sauber,SAUBER,1998,Driver,https://upload.wikimedia.org/wikipedia/commons/thumb/b/bf/Johnny_Herbert_%2831729263593%29.jpg/330px-Johnny_Herbert_%2831729263593%29.jpg?utm_source=en.wikipedia.org&utm_campaign=api&utm_content=thumbnail,British,15,0,0,0,,7,16,0,8
Alexander Wurz,BENETTON,Benetton,BENETTON,1998,Driver,https://upload.wikimedia.org/wikipedia/commons/thumb/e/ef/Alexander_Wurz_-_2016_24_Hours_of_Le_Mans_-_Pit_Walk_%28cropped%29.jpg/330px-Alexander_Wurz_-_2016_24_Hours_of_Le_Mans_-_Pit_Walk_%28cropped%29.jpg?utm_source=en.wikipedia.org&utm_campaign=api&utm_content=thumbnail,Austrian,8,0,0,0,,10,16,0,5
Damon Hill,JORDAN,Jordan,JORDAN,1998,Driver,https://upload.wikimedia.org/wikipedia/commons/thumb/c/cf/Damon_Hill_at_the_Atlassian_Williams_Racing_Fan_Zone_of_2026_%28028A8241%29.jpg/330px-Damon_Hill_at_the_Atlassian_Williams_Racing_Fan_Zone_of_2026_%28028A8241%29.jpg?utm_source=en.wikipedia.org&utm_campaign=api&utm_content=thumbnail,British,6,1,1,0,,11,16,0,5
Olivier Panis,PROST,Prost,PROST,1998,Driver,https://upload.wikimedia.org/wikipedia/commons/thumb/c/c6/Paris_-_Retromobile_2012_-_Olivier_Panis_-_Fiskens_-_006.jpg/330px-Paris_-_Retromobile_2012_-_Olivier_Panis_-_Fiskens_-_006.jpg?utm_source=en.wikipedia.org&utm_campaign=api&utm_content=thumbnail,French,,0,0,0,,1,16,0,7
Giancarlo Fisichella,BENETTON,Benetton,BENETTON,1998,Driver,https://upload.wikimedia.org/wikipedia/commons/thumb/e/e2/Giancarlo_Fisichella_2012_WEC_Fuji.jpg/330px-Giancarlo_Fisichella_2012_WEC_Fuji.jpg?utm_source=en.wikipedia.org&utm_campaign=api&utm_content=thumbnail,Italian,9,0,2,1,,11,16,0,5
Jean Alesi,SAUBER,Sauber,SAUBER,1998,Driver,https://upload.wikimedia.org/wikipedia/commons/thumb/c/c7/Jean_Alesi%2C_GIMS_2019%2C_Le_Grand-Saconnex_%28GIMS0047%29.jpg/330px-Jean_Alesi%2C_GIMS_2019%2C_Le_Grand-Saconnex_%28GIMS0047%29.jpg?utm_source=en.wikipedia.org&utm_campaign=api&utm_content=thumbnail,French,11,0,1,0,,11,16,0,4
Jarno Trulli,PROST,Prost,PROST,1998,Driver,https://upload.wikimedia.org/wikipedia/commons/thumb/3/30/12._Internationale_Sportnacht_Davos_2014_%2815246044859%29_%28cropped%29.jpg/330px-12._Internationale_Sportnacht_Davos_2014_%2815246044859%29_%28cropped%29.jpg?utm_source=en.wikipedia.org&utm_campaign=api&utm_content=thumbnail,Italian,16,0,0,0,,3,16,0,9
Ricardo Rosset,TYRRELL,Tyrrell,TYRRELL,1998,Driver,https://upload.wikimedia.org/wikipedia/commons/thumb/3/31/Ricardo_Rosset_Donington.jpg/330px-Ricardo_Rosset_Donington.jpg?utm_source=en.wikipedia.org&utm_campaign=api&utm_content=thumbnail,Brazilian,,0,0,0,,1,11,0,7
Mika Salo,ARROWS,Arrows,ARROWS,1998,Driver,https://upload.wikimedia.org/wikipedia/commons/thumb/c/c7/Mika_Salo_Le_Mans_2009_cropped.jpg/330px-Mika_Salo_Le_Mans_2009_cropped.jpg?utm_source=en.wikipedia.org&utm_campaign=api&utm_content=thumbnail,Finnish,13,0,0,0,,2,16,0,11
Esteban Tuero,MINARDI,Minardi,MINARDI,1998,Driver,https://upload.wikimedia.org/wikipedia/commons/thumb/b/b6/Esteban_Tuero_2017_%28cropped%29.jpg/330px-Esteban_Tuero_2017_%28cropped%29.jpg?utm_source=en.wikipedia.org&utm_campaign=api&utm_content=thumbnail,Argentine,,0,0,0,,1,16,0,12
Shinji Nakano,MINARDI,Minardi,MINARDI,1998,Driver,https://upload.wikimedia.org/wikipedia/commons/thumb/4/4d/Shinji_Nakano_2009_Japan.jpg/330px-Shinji_Nakano_2009_Japan.jpg?utm_source=en.wikipedia.org&utm_campaign=api&utm_content=thumbnail,Japanese,,0,0,0,,4,16,0,6
Michael Schumacher,FERRARI,Ferrari,FERRARI,1998,Driver,https://upload.wikimedia.org/wikipedia/commons/thumb/c/c2/Michael_Schumacher%2C_September_2005.jpg/330px-Michael_Schumacher%2C_September_2005.jpg?utm_source=en.wikipedia.org&utm_campaign=api&utm_content=thumbnail,German,2,6,11,3,,13,16,0,3
Pedro Diniz,ARROWS,Arrows,ARROWS,1998,Driver,https://upload.wikimedia.org/wikipedia/commons/thumb/1/11/Fazenda_da_Toca_foto_kiko_ferrite_02295_-_Pedro_Paulo_Diniz_%28cropped%29.jpg/330px-Fazenda_da_Toca_foto_kiko_ferrite_02295_-_Pedro_Paulo_Diniz_%28cropped%29.jpg?utm_source=en.wikipedia.org&utm_campaign=api&utm_content=thumbnail,Brazilian,14,0,0,0,,3,16,0,11
Ralf Schumacher,JORDAN,Jordan,JORDAN,1998,Driver,https://upload.wikimedia.org/wikipedia/commons/thumb/d/d1/Ralf_Schumacher%2C_2016.png/330px-Ralf_Schumacher%2C_2016.png?utm_source=en.wikipedia.org&utm_campaign=api&utm_content=thumbnail,German,10,0,2,0,,7,16,0,7
Jan Magnussen,STEWART,Stewart,STEWART,1998,Driver,https://upload.wikimedia.org/wikipedia/commons/thumb/0/03/Jan_Magnussen_%2837535519996%29_%28cropped%29.jpg/330px-Jan_Magnussen_%2837535519996%29_%28cropped%29.jpg?utm_source=en.wikipedia.org&utm_campaign=api&utm_content=thumbnail,Danish,17,0,0,0,,2,7,0,4
Toranosuke Takagi,TYRRELL,Tyrrell,TYRRELL,1998,Driver,https://upload.wikimedia.org/wikipedia/commons/thumb/f/f2/Toranosuke_Takagi_2008_Super_GT.jpg/330px-Toranosuke_Takagi_2008_Super_GT.jpg?utm_source=en.wikipedia.org&utm_campaign=api&utm_content=thumbnail,Japanese,,0,0,0,,2,16,0,8
Rubens Barrichello,STEWART,Stewart,STEWART,1998,Driver,https://upload.wikimedia.org/wikipedia/commons/thumb/a/ae/Rubinho.jpg/330px-Rubinho.jpg?utm_source=en.wikipedia.org&utm_campaign=api&utm_content=thumbnail,Brazilian,12,0,0,0,,5,16,0,10
Jos Verstappen,STEWART,Stewart,STEWART,1998,Driver,https://upload.wikimedia.org/wikipedia/commons/thumb/b/b9/Jos_Verstappen%2C_2006.jpg/330px-Jos_Verstappen%2C_2006.jpg?utm_source=en.wikipedia.org&utm_campaign=api&utm_content=thumbnail,Dutch,,0,0,0,,0,9,0,6
Eddie Irvine,FERRARI,Ferrari,FERRARI,1999,Driver,https://upload.wikimedia.org/wikipedia/commons/e/eb/Eddie_Irvine_after_the_1999_Australian_Grand_Prix.jpg?utm_source=en.wikipedia.org&utm_campaign=api&utm_content=thumbnail_unscaled,British,2,4,9,0,,15,16,0,1
Heinz-Harald Frentzen,JORDAN,Jordan,JORDAN,1999,Driver,https://upload.wikimedia.org/wikipedia/commons/thumb/8/8a/Heinz-Harald_Frentzen_a_%28cropped%29.jpg/330px-Heinz-Harald_Frentzen_a_%28cropped%29.jpg?utm_source=en.wikipedia.org&utm_campaign=api&utm_content=thumbnail,German,3,2,6,1,,12,16,0,3
Ralf Schumacher,WILLIAMS,Williams,WILLIAMS,1999,Driver,https://upload.wikimedia.org/wikipedia/commons/thumb/d/d1/Ralf_Schumacher%2C_2016.png/330px-Ralf_Schumacher%2C_2016.png?utm_source=en.wikipedia.org&utm_campaign=api&utm_content=thumbnail,German,6,0,3,0,,12,16,0,4
Giancarlo Fisichella,BENETTON,Benetton,BENETTON,1999,Driver,https://upload.wikimedia.org/wikipedia/commons/thumb/e/e2/Giancarlo_Fisichella_2012_WEC_Fuji.jpg/330px-Giancarlo_Fisichella_2012_WEC_Fuji.jpg?utm_source=en.wikipedia.org&utm_campaign=api&utm_content=thumbnail,Italian,9,0,1,0,,6,16,0,6
Rubens Barrichello,STEWART,Stewart,STEWART,1999,Driver,https://upload.wikimedia.org/wikipedia/commons/thumb/a/ae/Rubinho.jpg/330px-Rubinho.jpg?utm_source=en.wikipedia.org&utm_campaign=api&utm_content=thumbnail,Brazilian,7,0,3,1,,11,16,0,5
Pedro de la Rosa,ARROWS,Arrows,ARROWS,1999,Driver,https://upload.wikimedia.org/wikipedia/commons/thumb/f/fe/Pedro_de_la_Rosa_2010_Malaysia.jpg/330px-Pedro_de_la_Rosa_2010_Malaysia.jpg?utm_source=en.wikipedia.org&utm_campaign=api&utm_content=thumbnail,Spanish,18,0,0,0,,1,16,0,11
Toranosuke Takagi,ARROWS,Arrows,ARROWS,1999,Driver,https://upload.wikimedia.org/wikipedia/commons/thumb/f/f2/Toranosuke_Takagi_2008_Super_GT.jpg/330px-Toranosuke_Takagi_2008_Super_GT.jpg?utm_source=en.wikipedia.org&utm_campaign=api&utm_content=thumbnail,Japanese,,0,0,0,,2,16,0,12
Michael Schumacher,FERRARI,Ferrari,FERRARI,1999,Driver,https://upload.wikimedia.org/wikipedia/commons/thumb/c/c2/Michael_Schumacher%2C_September_2005.jpg/330px-Michael_Schumacher%2C_September_2005.jpg?utm_source=en.wikipedia.org&utm_campaign=api&utm_content=thumbnail,German,5,2,6,3,,8,10,0,2
Ricardo Zonta,BAR,BAR,BAR,1999,Driver,https://upload.wikimedia.org/wikipedia/commons/thumb/9/97/Ricardo_Zonta_2007_Curitiba.jpg/330px-Ricardo_Zonta_2007_Curitiba.jpg?utm_source=en.wikipedia.org&utm_campaign=api&utm_content=thumbnail,Brazilian,,0,0,0,,2,12,0,7
Luca Badoer,MINARDI,Minardi,MINARDI,1999,Driver,https://upload.wikimedia.org/wikipedia/commons/thumb/9/98/Luca_Badoer_2021_%28cropped%29.jpg/330px-Luca_Badoer_2021_%28cropped%29.jpg?utm_source=en.wikipedia.org&utm_campaign=api&utm_content=thumbnail,Italian,,0,0,0,,4,15,0,9
Alexander Wurz,BENETTON,Benetton,BENETTON,1999,Driver,https://upload.wikimedia.org/wikipedia/commons/thumb/e/ef/Alexander_Wurz_-_2016_24_Hours_of_Le_Mans_-_Pit_Walk_%28cropped%29.jpg/330px-Alexander_Wurz_-_2016_24_Hours_of_Le_Mans_-_Pit_Walk_%28cropped%29.jpg?utm_source=en.wikipedia.org&utm_campaign=api&utm_content=thumbnail,Austrian,13,0,0,0,,9,16,0,6
Pedro Diniz,SAUBER,Sauber,SAUBER,1999,Driver,https://upload.wikimedia.org/wikipedia/commons/thumb/1/11/Fazenda_da_Toca_foto_kiko_ferrite_02295_-_Pedro_Paulo_Diniz_%28cropped%29.jpg/330px-Fazenda_da_Toca_foto_kiko_ferrite_02295_-_Pedro_Paulo_Diniz_%28cropped%29.jpg?utm_source=en.wikipedia.org&utm_campaign=api&utm_content=thumbnail,Brazilian,14,0,0,0,,3,16,0,12
Marc Gené,MINARDI,Minardi,MINARDI,1999,Driver,https://upload.wikimedia.org/wikipedia/commons/thumb/6/61/Marc_Gene_2007_Montjuic.jpg/330px-Marc_Gene_2007_Montjuic.jpg?utm_source=en.wikipedia.org&utm_campaign=api&utm_content=thumbnail,Spanish,17,0,0,0,,6,16,0,6
Jarno Trulli,PROST,Prost,PROST,1999,Driver,https://upload.wikimedia.org/wikipedia/commons/thumb/3/30/12._Internationale_Sportnacht_Davos_2014_%2815246044859%29_%28cropped%29.jpg/330px-12._Internationale_Sportnacht_Davos_2014_%2815246044859%29_%28cropped%29.jpg?utm_source=en.wikipedia.org&utm_campaign=api&utm_content=thumbnail,Italian,11,0,1,0,,7,16,0,8
Olivier Panis,PROST,Prost,PROST,1999,Driver,https://upload.wikimedia.org/wikipedia/commons/thumb/c/c6/Paris_-_Retromobile_2012_-_Olivier_Panis_-_Fiskens_-_006.jpg/330px-Paris_-_Retromobile_2012_-_Olivier_Panis_-_Fiskens_-_006.jpg?utm_source=en.wikipedia.org&utm_campaign=api&utm_content=thumbnail,French,16,0,0,0,,7,16,0,6
Mika Häkkinen,MCLAREN,McLaren,MCLAREN,1999,Driver,https://upload.wikimedia.org/wikipedia/commons/thumb/a/a6/Mika_H%C3%A4kkinen_Champions_for_Charity_2016-07-27.jpg/330px-Mika_H%C3%A4kkinen_Champions_for_Charity_2016-07-27.jpg?utm_source=en.wikipedia.org&utm_campaign=api&utm_content=thumbnail,Finnish,1,5,10,11,,11,16,1,5
Alessandro Zanardi,WILLIAMS,Williams,WILLIAMS,1999,Driver,https://upload.wikimedia.org/wikipedia/commons/thumb/3/36/Alex_Zanardi_%28cropped%29.JPG/330px-Alex_Zanardi_%28cropped%29.JPG?utm_source=en.wikipedia.org&utm_campaign=api&utm_content=thumbnail,Italian,,0,0,0,,4,16,0,10
David Coulthard,MCLAREN,McLaren,MCLAREN,1999,Driver,https://upload.wikimedia.org/wikipedia/commons/thumb/a/a4/David_Coulthard_at_the_2025_Adelaide_Grand_Final_Parade_-_12.jpg/330px-David_Coulthard_at_the_2025_Adelaide_Grand_Final_Parade_-_12.jpg?utm_source=en.wikipedia.org&utm_campaign=api&utm_content=thumbnail,British,4,2,6,0,,9,16,0,7
Jacques Villeneuve,BAR,BAR,BAR,1999,Driver,https://upload.wikimedia.org/wikipedia/commons/thumb/a/aa/Jacques_Villeneuve_Peugeot_208_T16_Lydden_Hill_2014_006_%28cropped2%29.jpg/330px-Jacques_Villeneuve_Peugeot_208_T16_Lydden_Hill_2014_006_%28cropped2%29.jpg?utm_source=en.wikipedia.org&utm_campaign=api&utm_content=thumbnail,Canadian,,0,0,0,,3,16,0,12
Damon Hill,JORDAN,Jordan,JORDAN,1999,Driver,https://upload.wikimedia.org/wikipedia/commons/thumb/c/cf/Damon_Hill_at_the_Atlassian_Williams_Racing_Fan_Zone_of_2026_%28028A8241%29.jpg/330px-Damon_Hill_at_the_Atlassian_Williams_Racing_Fan_Zone_of_2026_%28028A8241%29.jpg?utm_source=en.wikipedia.org&utm_campaign=api&utm_content=thumbnail,British,12,0,0,0,,7,16,0,9
Jean Alesi,SAUBER,Sauber,SAUBER,1999,Driver,https://upload.wikimedia.org/wikipedia/commons/thumb/c/c7/Jean_Alesi%2C_GIMS_2019%2C_Le_Grand-Saconnex_%28GIMS0047%29.jpg/330px-Jean_Alesi%2C_GIMS_2019%2C_Le_Grand-Saconnex_%28GIMS0047%29.jpg?utm_source=en.wikipedia.org&utm_campaign=api&utm_content=thumbnail,French,15,0,0,0,,6,16,0,8
Johnny Herbert,STEWART,Stewart,STEWART,1999,Driver,https://upload.wikimedia.org/wikipedia/commons/thumb/b/bf/Johnny_Herbert_%2831729263593%29.jpg/330px-Johnny_Herbert_%2831729263593%29.jpg?utm_source=en.wikipedia.org&utm_campaign=api&utm_content=thumbnail,British,8,1,1,0,,5,16,0,7
Stéphane Sarrazin,MINARDI,Minardi,MINARDI,1999,Driver,https://upload.wikimedia.org/wikipedia/commons/thumb/f/f0/Stephane_Sarrazin_40.jpg/330px-Stephane_Sarrazin_40.jpg?utm_source=en.wikipedia.org&utm_campaign=api&utm_content=thumbnail,French,,0,0,0,,0,1,0,1
Mika Salo,FERRARI,Ferrari,FERRARI|BAR,1999,Driver,https://upload.wikimedia.org/wikipedia/commons/thumb/c/c7/Mika_Salo_Le_Mans_2009_cropped.jpg/330px-Mika_Salo_Le_Mans_2009_cropped.jpg?utm_source=en.wikipedia.org&utm_campaign=api&utm_content=thumbnail,Finnish,10,0,2,0,,6,9,0,2
Michael Schumacher,FERRARI,Ferrari,FERRARI,2000,Driver,https://upload.wikimedia.org/wikipedia/commons/thumb/c/c2/Michael_Schumacher%2C_September_2005.jpg/330px-Michael_Schumacher%2C_September_2005.jpg?utm_source=en.wikipedia.org&utm_campaign=api&utm_content=thumbnail,German,1,9,12,9,,13,17,1,4
Rubens Barrichello,FERRARI,Ferrari,FERRARI,2000,Driver,https://upload.wikimedia.org/wikipedia/commons/thumb/a/ae/Rubinho.jpg/330px-Rubinho.jpg?utm_source=en.wikipedia.org&utm_campaign=api&utm_content=thumbnail,Brazilian,4,1,9,1,,13,17,0,4
Ralf Schumacher,WILLIAMS,Williams,WILLIAMS,2000,Driver,https://upload.wikimedia.org/wikipedia/commons/thumb/d/d1/Ralf_Schumacher%2C_2016.png/330px-Ralf_Schumacher%2C_2016.png?utm_source=en.wikipedia.org&utm_campaign=api&utm_content=thumbnail,German,5,0,3,0,,9,17,0,7
Jacques Villeneuve,BAR,BAR,BAR,2000,Driver,https://upload.wikimedia.org/wikipedia/commons/thumb/a/aa/Jacques_Villeneuve_Peugeot_208_T16_Lydden_Hill_2014_006_%28cropped2%29.jpg/330px-Jacques_Villeneuve_Peugeot_208_T16_Lydden_Hill_2014_006_%28cropped2%29.jpg?utm_source=en.wikipedia.org&utm_campaign=api&utm_content=thumbnail,Canadian,7,0,0,0,,10,17,0,4
Giancarlo Fisichella,BENETTON,Benetton,BENETTON,2000,Driver,https://upload.wikimedia.org/wikipedia/commons/thumb/e/e2/Giancarlo_Fisichella_2012_WEC_Fuji.jpg/330px-Giancarlo_Fisichella_2012_WEC_Fuji.jpg?utm_source=en.wikipedia.org&utm_campaign=api&utm_content=thumbnail,Italian,6,0,3,0,,9,17,0,5
Ricardo Zonta,BAR,BAR,BAR,2000,Driver,https://upload.wikimedia.org/wikipedia/commons/thumb/9/97/Ricardo_Zonta_2007_Curitiba.jpg/330px-Ricardo_Zonta_2007_Curitiba.jpg?utm_source=en.wikipedia.org&utm_campaign=api&utm_content=thumbnail,Brazilian,14,0,0,0,,7,17,0,7
Alexander Wurz,BENETTON,Benetton,BENETTON,2000,Driver,https://upload.wikimedia.org/wikipedia/commons/thumb/e/ef/Alexander_Wurz_-_2016_24_Hours_of_Le_Mans_-_Pit_Walk_%28cropped%29.jpg/330px-Alexander_Wurz_-_2016_24_Hours_of_Le_Mans_-_Pit_Walk_%28cropped%29.jpg?utm_source=en.wikipedia.org&utm_campaign=api&utm_content=thumbnail,Austrian,15,0,0,0,,9,17,0,5
Marc Gené,MINARDI,Minardi,MINARDI,2000,Driver,https://upload.wikimedia.org/wikipedia/commons/thumb/6/61/Marc_Gene_2007_Montjuic.jpg/330px-Marc_Gene_2007_Montjuic.jpg?utm_source=en.wikipedia.org&utm_campaign=api&utm_content=thumbnail,Spanish,,0,0,0,,3,17,0,7
Nick Heidfeld,PROST,Prost,PROST,2000,Driver,https://upload.wikimedia.org/wikipedia/commons/thumb/2/2c/Nick_Heidfeld_Goodwood_Festival_of_Speed_2019_%2848242681251%29.jpg/330px-Nick_Heidfeld_Goodwood_Festival_of_Speed_2019_%2848242681251%29.jpg?utm_source=en.wikipedia.org&utm_campaign=api&utm_content=thumbnail,German,,0,0,0,,3,16,0,10
Mika Salo,SAUBER,Sauber,SAUBER,2000,Driver,https://upload.wikimedia.org/wikipedia/commons/thumb/c/c7/Mika_Salo_Le_Mans_2009_cropped.jpg/330px-Mika_Salo_Le_Mans_2009_cropped.jpg?utm_source=en.wikipedia.org&utm_campaign=api&utm_content=thumbnail,Finnish,11,0,0,0,,12,17,0,5
Jenson Button,WILLIAMS,Williams,WILLIAMS,2000,Driver,https://upload.wikimedia.org/wikipedia/commons/thumb/0/0c/Jenson_Button_2024_WEC_Fuji.jpg/330px-Jenson_Button_2024_WEC_Fuji.jpg?utm_source=en.wikipedia.org&utm_campaign=api&utm_content=thumbnail,British,8,0,0,0,,9,17,0,6
Pedro Diniz,SAUBER,Sauber,SAUBER,2000,Driver,https://upload.wikimedia.org/wikipedia/commons/thumb/1/11/Fazenda_da_Toca_foto_kiko_ferrite_02295_-_Pedro_Paulo_Diniz_%28cropped%29.jpg/330px-Fazenda_da_Toca_foto_kiko_ferrite_02295_-_Pedro_Paulo_Diniz_%28cropped%29.jpg?utm_source=en.wikipedia.org&utm_campaign=api&utm_content=thumbnail,Brazilian,,0,0,0,,6,17,0,7
Gastón Mazzacane,MINARDI,Minardi,MINARDI,2000,Driver,https://upload.wikimedia.org/wikipedia/commons/thumb/0/01/Gaston_Mazzacane_2018_%28cropped%29.png/330px-Gaston_Mazzacane_2018_%28cropped%29.png?utm_source=en.wikipedia.org&utm_campaign=api&utm_content=thumbnail,Argentine,,0,0,0,,3,17,0,5
Heinz-Harald Frentzen,JORDAN,Jordan,JORDAN,2000,Driver,https://upload.wikimedia.org/wikipedia/commons/thumb/8/8a/Heinz-Harald_Frentzen_a_%28cropped%29.jpg/330px-Heinz-Harald_Frentzen_a_%28cropped%29.jpg?utm_source=en.wikipedia.org&utm_campaign=api&utm_content=thumbnail,German,9,0,2,0,,7,17,0,9
Jarno Trulli,JORDAN,Jordan,JORDAN,2000,Driver,https://upload.wikimedia.org/wikipedia/commons/thumb/3/30/12._Internationale_Sportnacht_Davos_2014_%2815246044859%29_%28cropped%29.jpg/330px-12._Internationale_Sportnacht_Davos_2014_%2815246044859%29_%28cropped%29.jpg?utm_source=en.wikipedia.org&utm_campaign=api&utm_content=thumbnail,Italian,10,0,0,0,,6,17,0,7
Jean Alesi,PROST,Prost,PROST,2000,Driver,https://upload.wikimedia.org/wikipedia/commons/thumb/c/c7/Jean_Alesi%2C_GIMS_2019%2C_Le_Grand-Saconnex_%28GIMS0047%29.jpg/330px-Jean_Alesi%2C_GIMS_2019%2C_Le_Grand-Saconnex_%28GIMS0047%29.jpg?utm_source=en.wikipedia.org&utm_campaign=api&utm_content=thumbnail,French,,0,0,0,,2,17,0,12
Mika Häkkinen,MCLAREN,McLaren,MCLAREN,2000,Driver,https://upload.wikimedia.org/wikipedia/commons/thumb/a/a6/Mika_H%C3%A4kkinen_Champions_for_Charity_2016-07-27.jpg/330px-Mika_H%C3%A4kkinen_Champions_for_Charity_2016-07-27.jpg?utm_source=en.wikipedia.org&utm_campaign=api&utm_content=thumbnail,Finnish,2,4,11,5,,14,17,0,3
Jos Verstappen,ARROWS,Arrows,ARROWS,2000,Driver,https://upload.wikimedia.org/wikipedia/commons/thumb/b/b9/Jos_Verstappen%2C_2006.jpg/330px-Jos_Verstappen%2C_2006.jpg?utm_source=en.wikipedia.org&utm_campaign=api&utm_content=thumbnail,Dutch,12,0,0,0,,4,17,0,10
David Coulthard,MCLAREN,McLaren,MCLAREN,2000,Driver,https://upload.wikimedia.org/wikipedia/commons/thumb/a/a4/David_Coulthard_at_the_2025_Adelaide_Grand_Final_Parade_-_12.jpg/330px-David_Coulthard_at_the_2025_Adelaide_Grand_Final_Parade_-_12.jpg?utm_source=en.wikipedia.org&utm_campaign=api&utm_content=thumbnail,British,3,3,11,2,,14,17,0,3
Pedro de la Rosa,ARROWS,Arrows,ARROWS,2000,Driver,https://upload.wikimedia.org/wikipedia/commons/thumb/f/fe/Pedro_de_la_Rosa_2010_Malaysia.jpg/330px-Pedro_de_la_Rosa_2010_Malaysia.jpg?utm_source=en.wikipedia.org&utm_campaign=api&utm_content=thumbnail,Spanish,16,0,0,0,,3,17,0,11
Eddie Irvine,JAGUAR,Jaguar,JAGUAR,2000,Driver,https://upload.wikimedia.org/wikipedia/commons/e/eb/Eddie_Irvine_after_the_1999_Australian_Grand_Prix.jpg?utm_source=en.wikipedia.org&utm_campaign=api&utm_content=thumbnail_unscaled,British,13,0,0,0,,8,16,0,4
Johnny Herbert,JAGUAR,Jaguar,JAGUAR,2000,Driver,https://upload.wikimedia.org/wikipedia/commons/thumb/b/bf/Johnny_Herbert_%2831729263593%29.jpg/330px-Johnny_Herbert_%2831729263593%29.jpg?utm_source=en.wikipedia.org&utm_campaign=api&utm_content=thumbnail,British,,0,0,0,,5,17,0,8
Luciano Burti,JAGUAR,Jaguar,JAGUAR,2000,Driver,https://upload.wikimedia.org/wikipedia/commons/5/5f/Luciano_Burti_in_2010.jpg?utm_source=en.wikipedia.org&utm_campaign=api&utm_content=thumbnail_unscaled,Brazilian,,0,0,0,,0,1,0,0
Michael Schumacher,FERRARI,Ferrari,FERRARI,2001,Driver,https://upload.wikimedia.org/wikipedia/commons/thumb/c/c2/Michael_Schumacher%2C_September_2005.jpg/330px-Michael_Schumacher%2C_September_2005.jpg?utm_source=en.wikipedia.org&utm_campaign=api&utm_content=thumbnail,German,1,9,14,11,,15,17,1,2
David Coulthard,MCLAREN,McLaren,MCLAREN,2001,Driver,https://upload.wikimedia.org/wikipedia/commons/thumb/a/a4/David_Coulthard_at_the_2025_Adelaide_Grand_Final_Parade_-_12.jpg/330px-David_Coulthard_at_the_2025_Adelaide_Grand_Final_Parade_-_12.jpg?utm_source=en.wikipedia.org&utm_campaign=api&utm_content=thumbnail,British,2,2,10,2,,13,17,0,4
Rubens Barrichello,FERRARI,Ferrari,FERRARI,2001,Driver,https://upload.wikimedia.org/wikipedia/commons/thumb/a/ae/Rubinho.jpg/330px-Rubinho.jpg?utm_source=en.wikipedia.org&utm_campaign=api&utm_content=thumbnail,Brazilian,3,0,10,0,,13,17,0,3
Nick Heidfeld,SAUBER,Sauber,SAUBER,2001,Driver,https://upload.wikimedia.org/wikipedia/commons/thumb/2/2c/Nick_Heidfeld_Goodwood_Festival_of_Speed_2019_%2848242681251%29.jpg/330px-Nick_Heidfeld_Goodwood_Festival_of_Speed_2019_%2848242681251%29.jpg?utm_source=en.wikipedia.org&utm_campaign=api&utm_content=thumbnail,German,8,0,1,0,,10,17,0,6
Heinz-Harald Frentzen,JORDAN,Jordan,JORDAN|PROST,2001,Driver,https://upload.wikimedia.org/wikipedia/commons/thumb/8/8a/Heinz-Harald_Frentzen_a_%28cropped%29.jpg/330px-Heinz-Harald_Frentzen_a_%28cropped%29.jpg?utm_source=en.wikipedia.org&utm_campaign=api&utm_content=thumbnail,German,13,0,0,0,,7,15,0,6
Kimi Räikkönen,SAUBER,Sauber,SAUBER,2001,Driver,https://upload.wikimedia.org/wikipedia/commons/thumb/f/ff/F12019_Schloss_Gabelhofen_%2822%29_%28cropped%29.jpg/330px-F12019_Schloss_Gabelhofen_%2822%29_%28cropped%29.jpg?utm_source=en.wikipedia.org&utm_campaign=api&utm_content=thumbnail,Finnish,10,0,0,0,,10,17,0,7
Olivier Panis,BAR,BAR,BAR,2001,Driver,https://upload.wikimedia.org/wikipedia/commons/thumb/c/c6/Paris_-_Retromobile_2012_-_Olivier_Panis_-_Fiskens_-_006.jpg/330px-Paris_-_Retromobile_2012_-_Olivier_Panis_-_Fiskens_-_006.jpg?utm_source=en.wikipedia.org&utm_campaign=api&utm_content=thumbnail,French,14,0,0,0,,8,17,0,6
Luciano Burti,PROST,Prost,PROST|JAGUAR,2001,Driver,https://upload.wikimedia.org/wikipedia/commons/5/5f/Luciano_Burti_in_2010.jpg?utm_source=en.wikipedia.org&utm_campaign=api&utm_content=thumbnail_unscaled,Brazilian,,0,0,0,,4,14,0,6
Jean Alesi,PROST,Prost,PROST|JORDAN,2001,Driver,https://upload.wikimedia.org/wikipedia/commons/thumb/c/c7/Jean_Alesi%2C_GIMS_2019%2C_Le_Grand-Saconnex_%28GIMS0047%29.jpg/330px-Jean_Alesi%2C_GIMS_2019%2C_Le_Grand-Saconnex_%28GIMS0047%29.jpg?utm_source=en.wikipedia.org&utm_campaign=api&utm_content=thumbnail,French,15,0,0,0,,13,17,0,1
Jos Verstappen,ARROWS,Arrows,ARROWS,2001,Driver,https://upload.wikimedia.org/wikipedia/commons/thumb/b/b9/Jos_Verstappen%2C_2006.jpg/330px-Jos_Verstappen%2C_2006.jpg?utm_source=en.wikipedia.org&utm_campaign=api&utm_content=thumbnail,Dutch,18,0,0,0,,8,17,0,5
Eddie Irvine,JAGUAR,Jaguar,JAGUAR,2001,Driver,https://upload.wikimedia.org/wikipedia/commons/e/eb/Eddie_Irvine_after_the_1999_Australian_Grand_Prix.jpg?utm_source=en.wikipedia.org&utm_campaign=api&utm_content=thumbnail_unscaled,British,12,0,1,0,,5,17,0,11
Fernando Alonso,MINARDI,Minardi,MINARDI,2001,Driver,https://upload.wikimedia.org/wikipedia/commons/thumb/9/97/Alonso-68_%2824710447098%29.jpg/330px-Alonso-68_%2824710447098%29.jpg?utm_source=en.wikipedia.org&utm_campaign=api&utm_content=thumbnail,Spanish,,0,0,0,,1,17,0,8
Giancarlo Fisichella,BENETTON,Benetton,BENETTON,2001,Driver,https://upload.wikimedia.org/wikipedia/commons/thumb/e/e2/Giancarlo_Fisichella_2012_WEC_Fuji.jpg/330px-Giancarlo_Fisichella_2012_WEC_Fuji.jpg?utm_source=en.wikipedia.org&utm_campaign=api&utm_content=thumbnail,Italian,11,0,1,0,,5,17,0,6
Jenson Button,BENETTON,Benetton,BENETTON,2001,Driver,https://upload.wikimedia.org/wikipedia/commons/thumb/0/0c/Jenson_Button_2024_WEC_Fuji.jpg/330px-Jenson_Button_2024_WEC_Fuji.jpg?utm_source=en.wikipedia.org&utm_campaign=api&utm_content=thumbnail,British,17,0,0,0,,5,17,0,6
Juan Pablo Montoya,WILLIAMS,Williams,WILLIAMS,2001,Driver,https://upload.wikimedia.org/wikipedia/commons/thumb/2/2b/DSC1509_%2851683678455%29%28cropped%29.jpg/330px-DSC1509_%2851683678455%29%28cropped%29.jpg?utm_source=en.wikipedia.org&utm_campaign=api&utm_content=thumbnail,Colombian,6,1,4,3,,6,17,0,11
Jarno Trulli,JORDAN,Jordan,JORDAN,2001,Driver,https://upload.wikimedia.org/wikipedia/commons/thumb/3/30/12._Internationale_Sportnacht_Davos_2014_%2815246044859%29_%28cropped%29.jpg/330px-12._Internationale_Sportnacht_Davos_2014_%2815246044859%29_%28cropped%29.jpg?utm_source=en.wikipedia.org&utm_campaign=api&utm_content=thumbnail,Italian,9,0,0,0,,7,17,0,9
Mika Häkkinen,MCLAREN,McLaren,MCLAREN,2001,Driver,https://upload.wikimedia.org/wikipedia/commons/thumb/a/a6/Mika_H%C3%A4kkinen_Champions_for_Charity_2016-07-27.jpg/330px-Mika_H%C3%A4kkinen_Champions_for_Charity_2016-07-27.jpg?utm_source=en.wikipedia.org&utm_campaign=api&utm_content=thumbnail,Finnish,5,2,3,0,,10,17,0,7
Ralf Schumacher,WILLIAMS,Williams,WILLIAMS,2001,Driver,https://upload.wikimedia.org/wikipedia/commons/thumb/d/d1/Ralf_Schumacher%2C_2016.png/330px-Ralf_Schumacher%2C_2016.png?utm_source=en.wikipedia.org&utm_campaign=api&utm_content=thumbnail,German,4,3,5,1,,10,17,0,7
Jacques Villeneuve,BAR,BAR,BAR,2001,Driver,https://upload.wikimedia.org/wikipedia/commons/thumb/a/aa/Jacques_Villeneuve_Peugeot_208_T16_Lydden_Hill_2014_006_%28cropped2%29.jpg/330px-Jacques_Villeneuve_Peugeot_208_T16_Lydden_Hill_2014_006_%28cropped2%29.jpg?utm_source=en.wikipedia.org&utm_campaign=api&utm_content=thumbnail,Canadian,7,0,2,0,,11,17,0,6
Tarso Marques,MINARDI,Minardi,MINARDI,2001,Driver,https://upload.wikimedia.org/wikipedia/commons/thumb/c/ce/Tarso_lifestyle_%2834%29.jpg/330px-Tarso_lifestyle_%2834%29.jpg?utm_source=en.wikipedia.org&utm_campaign=api&utm_content=thumbnail,Brazilian,,0,0,0,,2,13,0,7
Enrique Bernoldi,ARROWS,Arrows,ARROWS,2001,Driver,https://upload.wikimedia.org/wikipedia/commons/thumb/f/f7/Enrique_Bernoldi_2007_Curitiba.jpg/330px-Enrique_Bernoldi_2007_Curitiba.jpg?utm_source=en.wikipedia.org&utm_campaign=api&utm_content=thumbnail,Brazilian,,0,0,0,,3,17,0,10
Gastón Mazzacane,PROST,Prost,PROST,2001,Driver,https://upload.wikimedia.org/wikipedia/commons/thumb/0/01/Gaston_Mazzacane_2018_%28cropped%29.png/330px-Gaston_Mazzacane_2018_%28cropped%29.png?utm_source=en.wikipedia.org&utm_campaign=api&utm_content=thumbnail,Argentine,,0,0,0,,0,4,0,3
Pedro de la Rosa,JAGUAR,Jaguar,JAGUAR,2001,Driver,https://upload.wikimedia.org/wikipedia/commons/thumb/f/fe/Pedro_de_la_Rosa_2010_Malaysia.jpg/330px-Pedro_de_la_Rosa_2010_Malaysia.jpg?utm_source=en.wikipedia.org&utm_campaign=api&utm_content=thumbnail,Spanish,16,0,0,0,,3,13,0,6
Ricardo Zonta,JORDAN,Jordan,JORDAN,2001,Driver,https://upload.wikimedia.org/wikipedia/commons/thumb/9/97/Ricardo_Zonta_2007_Curitiba.jpg/330px-Ricardo_Zonta_2007_Curitiba.jpg?utm_source=en.wikipedia.org&utm_campaign=api&utm_content=thumbnail,Brazilian,,0,0,0,,1,2,0,1
Tomáš Enge,PROST,Prost,PROST,2001,Driver,https://upload.wikimedia.org/wikipedia/commons/thumb/6/6b/Tomas_Enge_2007.jpg/330px-Tomas_Enge_2007.jpg?utm_source=en.wikipedia.org&utm_campaign=api&utm_content=thumbnail,Czech,,0,0,0,,0,3,0,1
Alex Yoong,MINARDI,Minardi,MINARDI,2001,Driver,https://upload.wikimedia.org/wikipedia/commons/thumb/6/69/AlexYoong_0028_%28cropped%29.jpg/330px-AlexYoong_0028_%28cropped%29.jpg?utm_source=en.wikipedia.org&utm_campaign=api&utm_content=thumbnail,Malaysian,,0,0,0,,0,3,0,2
Michael Schumacher,FERRARI,Ferrari,FERRARI,2002,Driver,https://upload.wikimedia.org/wikipedia/commons/thumb/c/c2/Michael_Schumacher%2C_September_2005.jpg/330px-Michael_Schumacher%2C_September_2005.jpg?utm_source=en.wikipedia.org&utm_campaign=api&utm_content=thumbnail,German,1,11,17,7,,17,17,1,0
Juan Pablo Montoya,WILLIAMS,Williams,WILLIAMS,2002,Driver,https://upload.wikimedia.org/wikipedia/commons/thumb/2/2b/DSC1509_%2851683678455%29%28cropped%29.jpg/330px-DSC1509_%2851683678455%29%28cropped%29.jpg?utm_source=en.wikipedia.org&utm_campaign=api&utm_content=thumbnail,Colombian,3,0,7,7,,12,17,0,4
Kimi Räikkönen,MCLAREN,McLaren,MCLAREN,2002,Driver,https://upload.wikimedia.org/wikipedia/commons/thumb/f/ff/F12019_Schloss_Gabelhofen_%2822%29_%28cropped%29.jpg/330px-F12019_Schloss_Gabelhofen_%2822%29_%28cropped%29.jpg?utm_source=en.wikipedia.org&utm_campaign=api&utm_content=thumbnail,Finnish,6,0,4,0,,6,17,0,10
Eddie Irvine,JAGUAR,Jaguar,JAGUAR,2002,Driver,https://upload.wikimedia.org/wikipedia/commons/e/eb/Eddie_Irvine_after_the_1999_Australian_Grand_Prix.jpg?utm_source=en.wikipedia.org&utm_campaign=api&utm_content=thumbnail_unscaled,British,9,0,1,0,,7,17,0,10
Mark Webber,MINARDI,Minardi,MINARDI,2002,Driver,https://upload.wikimedia.org/wikipedia/commons/thumb/1/16/Mark_Webber_at_the_Melbourne_Walk_during_the_2026_Australian_Grand_Prix_%28028A8720%29.jpg/330px-Mark_Webber_at_the_Melbourne_Walk_during_the_2026_Australian_Grand_Prix_%28028A8720%29.jpg?utm_source=en.wikipedia.org&utm_campaign=api&utm_content=thumbnail,Australian,16,0,0,0,,3,17,0,7
Mika Salo,TOYOTA,Toyota,TOYOTA,2002,Driver,https://upload.wikimedia.org/wikipedia/commons/thumb/c/c7/Mika_Salo_Le_Mans_2009_cropped.jpg/330px-Mika_Salo_Le_Mans_2009_cropped.jpg?utm_source=en.wikipedia.org&utm_campaign=api&utm_content=thumbnail,Finnish,17,0,0,0,,7,17,0,6
Alex Yoong,MINARDI,Minardi,MINARDI,2002,Driver,https://upload.wikimedia.org/wikipedia/commons/thumb/6/69/AlexYoong_0028_%28cropped%29.jpg/330px-AlexYoong_0028_%28cropped%29.jpg?utm_source=en.wikipedia.org&utm_campaign=api&utm_content=thumbnail,Malaysian,20,0,0,0,,2,12,0,7
Pedro de la Rosa,JAGUAR,Jaguar,JAGUAR,2002,Driver,https://upload.wikimedia.org/wikipedia/commons/thumb/f/fe/Pedro_de_la_Rosa_2010_Malaysia.jpg/330px-Pedro_de_la_Rosa_2010_Malaysia.jpg?utm_source=en.wikipedia.org&utm_campaign=api&utm_content=thumbnail,Spanish,21,0,0,0,,6,17,0,9
David Coulthard,MCLAREN,McLaren,MCLAREN,2002,Driver,https://upload.wikimedia.org/wikipedia/commons/thumb/a/a4/David_Coulthard_at_the_2025_Adelaide_Grand_Final_Parade_-_12.jpg/330px-David_Coulthard_at_the_2025_Adelaide_Grand_Final_Parade_-_12.jpg?utm_source=en.wikipedia.org&utm_campaign=api&utm_content=thumbnail,British,5,1,6,0,,13,17,0,4
Jacques Villeneuve,BAR,BAR,BAR,2002,Driver,https://upload.wikimedia.org/wikipedia/commons/thumb/a/aa/Jacques_Villeneuve_Peugeot_208_T16_Lydden_Hill_2014_006_%28cropped2%29.jpg/330px-Jacques_Villeneuve_Peugeot_208_T16_Lydden_Hill_2014_006_%28cropped2%29.jpg?utm_source=en.wikipedia.org&utm_campaign=api&utm_content=thumbnail,Canadian,12,0,0,0,,9,17,0,7
Heinz-Harald Frentzen,ARROWS,Arrows,ARROWS|SAUBER,2002,Driver,https://upload.wikimedia.org/wikipedia/commons/thumb/8/8a/Heinz-Harald_Frentzen_a_%28cropped%29.jpg/330px-Heinz-Harald_Frentzen_a_%28cropped%29.jpg?utm_source=en.wikipedia.org&utm_campaign=api&utm_content=thumbnail,German,18,0,0,0,,2,12,0,5
Enrique Bernoldi,ARROWS,Arrows,ARROWS,2002,Driver,https://upload.wikimedia.org/wikipedia/commons/thumb/f/f7/Enrique_Bernoldi_2007_Curitiba.jpg/330px-Enrique_Bernoldi_2007_Curitiba.jpg?utm_source=en.wikipedia.org&utm_campaign=api&utm_content=thumbnail,Brazilian,22,0,0,0,,0,11,0,9
Takuma Sato,JORDAN,Jordan,JORDAN,2002,Driver,https://upload.wikimedia.org/wikipedia/commons/thumb/d/d1/Takuma_Sato_%282021%29.jpg/330px-Takuma_Sato_%282021%29.jpg?utm_source=en.wikipedia.org&utm_campaign=api&utm_content=thumbnail,Japanese,15,0,0,0,,6,17,0,7
Jarno Trulli,RENAULT,Renault,RENAULT,2002,Driver,https://upload.wikimedia.org/wikipedia/commons/thumb/3/30/12._Internationale_Sportnacht_Davos_2014_%2815246044859%29_%28cropped%29.jpg/330px-12._Internationale_Sportnacht_Davos_2014_%2815246044859%29_%28cropped%29.jpg?utm_source=en.wikipedia.org&utm_campaign=api&utm_content=thumbnail,Italian,8,0,0,0,,8,17,0,9
Rubens Barrichello,FERRARI,Ferrari,FERRARI,2002,Driver,https://upload.wikimedia.org/wikipedia/commons/thumb/a/ae/Rubinho.jpg/330px-Rubinho.jpg?utm_source=en.wikipedia.org&utm_campaign=api&utm_content=thumbnail,Brazilian,2,4,10,3,,12,17,0,5
Ralf Schumacher,WILLIAMS,Williams,WILLIAMS,2002,Driver,https://upload.wikimedia.org/wikipedia/commons/thumb/d/d1/Ralf_Schumacher%2C_2016.png/330px-Ralf_Schumacher%2C_2016.png?utm_source=en.wikipedia.org&utm_campaign=api&utm_content=thumbnail,German,4,1,6,0,,12,17,0,2
Giancarlo Fisichella,JORDAN,Jordan,JORDAN,2002,Driver,https://upload.wikimedia.org/wikipedia/commons/thumb/e/e2/Giancarlo_Fisichella_2012_WEC_Fuji.jpg/330px-Giancarlo_Fisichella_2012_WEC_Fuji.jpg?utm_source=en.wikipedia.org&utm_campaign=api&utm_content=thumbnail,Italian,11,0,0,0,,7,17,0,9
Felipe Massa,SAUBER,Sauber,SAUBER,2002,Driver,https://upload.wikimedia.org/wikipedia/commons/thumb/e/e7/Felipe_Massa.jpg/330px-Felipe_Massa.jpg?utm_source=en.wikipedia.org&utm_campaign=api&utm_content=thumbnail,Brazilian,13,0,0,0,,8,16,0,8
Nick Heidfeld,SAUBER,Sauber,SAUBER,2002,Driver,https://upload.wikimedia.org/wikipedia/commons/thumb/2/2c/Nick_Heidfeld_Goodwood_Festival_of_Speed_2019_%2848242681251%29.jpg/330px-Nick_Heidfeld_Goodwood_Festival_of_Speed_2019_%2848242681251%29.jpg?utm_source=en.wikipedia.org&utm_campaign=api&utm_content=thumbnail,German,10,0,0,0,,13,17,0,3
Jenson Button,RENAULT,Renault,RENAULT,2002,Driver,https://upload.wikimedia.org/wikipedia/commons/thumb/0/0c/Jenson_Button_2024_WEC_Fuji.jpg/330px-Jenson_Button_2024_WEC_Fuji.jpg?utm_source=en.wikipedia.org&utm_campaign=api&utm_content=thumbnail,British,7,0,0,0,,9,17,0,5
Olivier Panis,BAR,BAR,BAR,2002,Driver,https://upload.wikimedia.org/wikipedia/commons/thumb/c/c6/Paris_-_Retromobile_2012_-_Olivier_Panis_-_Fiskens_-_006.jpg/330px-Paris_-_Retromobile_2012_-_Olivier_Panis_-_Fiskens_-_006.jpg?utm_source=en.wikipedia.org&utm_campaign=api&utm_content=thumbnail,French,14,0,0,0,,4,17,0,10
Allan McNish,TOYOTA,Toyota,TOYOTA,2002,Driver,https://upload.wikimedia.org/wikipedia/commons/thumb/1/1c/Allan_McNish_-_Three_times_winner_of_Le_Mans_24_Hours_%281998%2C_2008_and_2013%29_%2848688206548%29.jpg/330px-Allan_McNish_-_Three_times_winner_of_Le_Mans_24_Hours_%281998%2C_2008_and_2013%29_%2848688206548%29.jpg?utm_source=en.wikipedia.org&utm_campaign=api&utm_content=thumbnail,British,19,0,0,0,,4,17,0,9
Anthony Davidson,MINARDI,Minardi,MINARDI,2002,Driver,https://upload.wikimedia.org/wikipedia/commons/thumb/7/7f/Anthony_Davidson_Goodwood_Festival_of_Speed_2019_%2848242774922%29.jpg/330px-Anthony_Davidson_Goodwood_Festival_of_Speed_2019_%2848242774922%29.jpg?utm_source=en.wikipedia.org&utm_campaign=api&utm_content=thumbnail,British,,0,0,0,,0,2,0,2
David Coulthard,MCLAREN,McLaren,MCLAREN,2003,Driver,https://upload.wikimedia.org/wikipedia/commons/thumb/a/a4/David_Coulthard_at_the_2025_Adelaide_Grand_Final_Parade_-_12.jpg/330px-David_Coulthard_at_the_2025_Adelaide_Grand_Final_Parade_-_12.jpg?utm_source=en.wikipedia.org&utm_campaign=api&utm_content=thumbnail,British,7,1,3,0,,10,16,0,5
Juan Pablo Montoya,WILLIAMS,Williams,WILLIAMS,2003,Driver,https://upload.wikimedia.org/wikipedia/commons/thumb/2/2b/DSC1509_%2851683678455%29%28cropped%29.jpg/330px-DSC1509_%2851683678455%29%28cropped%29.jpg?utm_source=en.wikipedia.org&utm_campaign=api&utm_content=thumbnail,Colombian,3,2,9,1,,12,16,0,3
Kimi Räikkönen,MCLAREN,McLaren,MCLAREN,2003,Driver,https://upload.wikimedia.org/wikipedia/commons/thumb/f/ff/F12019_Schloss_Gabelhofen_%2822%29_%28cropped%29.jpg/330px-F12019_Schloss_Gabelhofen_%2822%29_%28cropped%29.jpg?utm_source=en.wikipedia.org&utm_campaign=api&utm_content=thumbnail,Finnish,2,1,10,2,,13,16,0,3
Michael Schumacher,FERRARI,Ferrari,FERRARI,2003,Driver,https://upload.wikimedia.org/wikipedia/commons/thumb/c/c2/Michael_Schumacher%2C_September_2005.jpg/330px-Michael_Schumacher%2C_September_2005.jpg?utm_source=en.wikipedia.org&utm_campaign=api&utm_content=thumbnail,German,1,6,8,5,,15,16,1,1
Jarno Trulli,RENAULT,Renault,RENAULT,2003,Driver,https://upload.wikimedia.org/wikipedia/commons/thumb/3/30/12._Internationale_Sportnacht_Davos_2014_%2815246044859%29_%28cropped%29.jpg/330px-12._Internationale_Sportnacht_Davos_2014_%2815246044859%29_%28cropped%29.jpg?utm_source=en.wikipedia.org&utm_campaign=api&utm_content=thumbnail,Italian,8,0,1,0,,10,16,0,5
Heinz-Harald Frentzen,SAUBER,Sauber,SAUBER,2003,Driver,https://upload.wikimedia.org/wikipedia/commons/thumb/8/8a/Heinz-Harald_Frentzen_a_%28cropped%29.jpg/330px-Heinz-Harald_Frentzen_a_%28cropped%29.jpg?utm_source=en.wikipedia.org&utm_campaign=api&utm_content=thumbnail,German,11,0,1,0,,5,16,0,7
Fernando Alonso,RENAULT,Renault,RENAULT,2003,Driver,https://upload.wikimedia.org/wikipedia/commons/thumb/9/97/Alonso-68_%2824710447098%29.jpg/330px-Alonso-68_%2824710447098%29.jpg?utm_source=en.wikipedia.org&utm_campaign=api&utm_content=thumbnail,Spanish,6,1,4,2,,11,16,0,5
Ralf Schumacher,WILLIAMS,Williams,WILLIAMS,2003,Driver,https://upload.wikimedia.org/wikipedia/commons/thumb/d/d1/Ralf_Schumacher%2C_2016.png/330px-Ralf_Schumacher%2C_2016.png?utm_source=en.wikipedia.org&utm_campaign=api&utm_content=thumbnail,German,5,2,3,3,,12,15,0,2
Jacques Villeneuve,BAR,BAR,BAR,2003,Driver,https://upload.wikimedia.org/wikipedia/commons/thumb/a/aa/Jacques_Villeneuve_Peugeot_208_T16_Lydden_Hill_2014_006_%28cropped2%29.jpg/330px-Jacques_Villeneuve_Peugeot_208_T16_Lydden_Hill_2014_006_%28cropped2%29.jpg?utm_source=en.wikipedia.org&utm_campaign=api&utm_content=thumbnail,Canadian,16,0,0,0,,6,15,0,8
Jenson Button,BAR,BAR,BAR,2003,Driver,https://upload.wikimedia.org/wikipedia/commons/thumb/0/0c/Jenson_Button_2024_WEC_Fuji.jpg/330px-Jenson_Button_2024_WEC_Fuji.jpg?utm_source=en.wikipedia.org&utm_campaign=api&utm_content=thumbnail,British,9,0,0,0,,10,16,0,6
Jos Verstappen,MINARDI,Minardi,MINARDI,2003,Driver,https://upload.wikimedia.org/wikipedia/commons/thumb/b/b9/Jos_Verstappen%2C_2006.jpg/330px-Jos_Verstappen%2C_2006.jpg?utm_source=en.wikipedia.org&utm_campaign=api&utm_content=thumbnail,Dutch,22,0,0,0,,2,16,0,6
Giancarlo Fisichella,JORDAN,Jordan,JORDAN,2003,Driver,https://upload.wikimedia.org/wikipedia/commons/thumb/e/e2/Giancarlo_Fisichella_2012_WEC_Fuji.jpg/330px-Giancarlo_Fisichella_2012_WEC_Fuji.jpg?utm_source=en.wikipedia.org&utm_campaign=api&utm_content=thumbnail,Italian,12,1,1,0,,4,16,0,9
Antônio Pizzonia,JAGUAR,Jaguar,JAGUAR,2003,Driver,https://upload.wikimedia.org/wikipedia/commons/thumb/d/d6/Fale_F1_Monza_2004_13.jpg/330px-Fale_F1_Monza_2004_13.jpg?utm_source=en.wikipedia.org&utm_campaign=api&utm_content=thumbnail,Brazilian,21,0,0,0,,4,11,0,6
Olivier Panis,TOYOTA,Toyota,TOYOTA,2003,Driver,https://upload.wikimedia.org/wikipedia/commons/thumb/c/c6/Paris_-_Retromobile_2012_-_Olivier_Panis_-_Fiskens_-_006.jpg/330px-Paris_-_Retromobile_2012_-_Olivier_Panis_-_Fiskens_-_006.jpg?utm_source=en.wikipedia.org&utm_campaign=api&utm_content=thumbnail,French,15,0,0,0,,5,16,0,9
Nick Heidfeld,SAUBER,Sauber,SAUBER,2003,Driver,https://upload.wikimedia.org/wikipedia/commons/thumb/2/2c/Nick_Heidfeld_Goodwood_Festival_of_Speed_2019_%2848242681251%29.jpg/330px-Nick_Heidfeld_Goodwood_Festival_of_Speed_2019_%2848242681251%29.jpg?utm_source=en.wikipedia.org&utm_campaign=api&utm_content=thumbnail,German,14,0,0,0,,9,16,0,4
Justin Wilson,MINARDI,Minardi,MINARDI|JAGUAR,2003,Driver,https://upload.wikimedia.org/wikipedia/commons/thumb/2/2b/Justin_Wilson_2013.jpg/330px-Justin_Wilson_2013.jpg?utm_source=en.wikipedia.org&utm_campaign=api&utm_content=thumbnail,British,20,0,0,0,,1,16,0,9
Mark Webber,JAGUAR,Jaguar,JAGUAR,2003,Driver,https://upload.wikimedia.org/wikipedia/commons/thumb/1/16/Mark_Webber_at_the_Melbourne_Walk_during_the_2026_Australian_Grand_Prix_%28028A8720%29.jpg/330px-Mark_Webber_at_the_Melbourne_Walk_during_the_2026_Australian_Grand_Prix_%28028A8720%29.jpg?utm_source=en.wikipedia.org&utm_campaign=api&utm_content=thumbnail,Australian,10,0,0,0,,8,16,0,5
Cristiano da Matta,TOYOTA,Toyota,TOYOTA,2003,Driver,https://upload.wikimedia.org/wikipedia/commons/thumb/a/a7/Cdmlb06.jpg/330px-Cdmlb06.jpg?utm_source=en.wikipedia.org&utm_campaign=api&utm_content=thumbnail,Brazilian,13,0,0,0,,8,16,0,3
Ralph Firman,JORDAN,Jordan,JORDAN,2003,Driver,https://upload.wikimedia.org/wikipedia/commons/thumb/8/82/Ralph_Firman_2008_Super_GT.jpg/330px-Ralph_Firman_2008_Super_GT.jpg?utm_source=en.wikipedia.org&utm_campaign=api&utm_content=thumbnail,Irish,19,0,0,0,,2,14,0,6
Rubens Barrichello,FERRARI,Ferrari,FERRARI,2003,Driver,https://upload.wikimedia.org/wikipedia/commons/thumb/a/ae/Rubinho.jpg/330px-Rubinho.jpg?utm_source=en.wikipedia.org&utm_campaign=api&utm_content=thumbnail,Brazilian,4,2,8,3,,11,16,0,5
Nicolas Kiesa,MINARDI,Minardi,MINARDI,2003,Driver,https://upload.wikimedia.org/wikipedia/commons/thumb/6/62/Nicolas_kiesa_lemans2006.jpg/330px-Nicolas_kiesa_lemans2006.jpg?utm_source=en.wikipedia.org&utm_campaign=api&utm_content=thumbnail,Danish,23,0,0,0,,0,5,0,0
Zsolt Baumgartner,JORDAN,Jordan,JORDAN,2003,Driver,https://upload.wikimedia.org/wikipedia/commons/thumb/e/e3/ChampCar_2007_Baumgartner.jpg/330px-ChampCar_2007_Baumgartner.jpg?utm_source=en.wikipedia.org&utm_campaign=api&utm_content=thumbnail,Hungarian,24,0,0,0,,0,2,0,1
Marc Gené,WILLIAMS,Williams,WILLIAMS,2003,Driver,https://upload.wikimedia.org/wikipedia/commons/thumb/6/61/Marc_Gene_2007_Montjuic.jpg/330px-Marc_Gene_2007_Montjuic.jpg?utm_source=en.wikipedia.org&utm_campaign=api&utm_content=thumbnail,Spanish,17,0,0,0,,1,1,0,0
Takuma Sato,BAR,BAR,BAR,2003,Driver,https://upload.wikimedia.org/wikipedia/commons/thumb/d/d1/Takuma_Sato_%282021%29.jpg/330px-Takuma_Sato_%282021%29.jpg?utm_source=en.wikipedia.org&utm_campaign=api&utm_content=thumbnail,Japanese,18,0,0,0,,1,1,0,0
Michael Schumacher,FERRARI,Ferrari,FERRARI,2004,Driver,https://upload.wikimedia.org/wikipedia/commons/thumb/c/c2/Michael_Schumacher%2C_September_2005.jpg/330px-Michael_Schumacher%2C_September_2005.jpg?utm_source=en.wikipedia.org&utm_campaign=api&utm_content=thumbnail,German,1,13,15,8,10,16,18,1,1
Rubens Barrichello,FERRARI,Ferrari,FERRARI,2004,Driver,https://upload.wikimedia.org/wikipedia/commons/thumb/a/ae/Rubinho.jpg/330px-Rubinho.jpg?utm_source=en.wikipedia.org&utm_campaign=api&utm_content=thumbnail,Brazilian,2,2,14,4,4,16,18,0,1
Fernando Alonso,RENAULT,Renault,RENAULT,2004,Driver,https://upload.wikimedia.org/wikipedia/commons/thumb/9/97/Alonso-68_%2824710447098%29.jpg/330px-Alonso-68_%2824710447098%29.jpg?utm_source=en.wikipedia.org&utm_campaign=api&utm_content=thumbnail,Spanish,4,0,4,1,0,13,18,0,5
Ralf Schumacher,WILLIAMS,Williams,WILLIAMS,2004,Driver,https://upload.wikimedia.org/wikipedia/commons/thumb/d/d1/Ralf_Schumacher%2C_2016.png/330px-Ralf_Schumacher%2C_2016.png?utm_source=en.wikipedia.org&utm_campaign=api&utm_content=thumbnail,German,9,0,1,1,0,7,12,0,5
Juan Pablo Montoya,WILLIAMS,Williams,WILLIAMS,2004,Driver,https://upload.wikimedia.org/wikipedia/commons/thumb/2/2b/DSC1509_%2851683678455%29%28cropped%29.jpg/330px-DSC1509_%2851683678455%29%28cropped%29.jpg?utm_source=en.wikipedia.org&utm_campaign=api&utm_content=thumbnail,Colombian,5,1,3,0,2,13,18,0,4
Jenson Button,BAR,BAR,BAR,2004,Driver,https://upload.wikimedia.org/wikipedia/commons/thumb/0/0c/Jenson_Button_2024_WEC_Fuji.jpg/330px-Jenson_Button_2024_WEC_Fuji.jpg?utm_source=en.wikipedia.org&utm_campaign=api&utm_content=thumbnail,British,3,0,10,1,0,15,18,0,3
Jarno Trulli,RENAULT,Renault,RENAULT|TOYOTA,2004,Driver,https://upload.wikimedia.org/wikipedia/commons/thumb/3/30/12._Internationale_Sportnacht_Davos_2014_%2815246044859%29_%28cropped%29.jpg/330px-12._Internationale_Sportnacht_Davos_2014_%2815246044859%29_%28cropped%29.jpg?utm_source=en.wikipedia.org&utm_campaign=api&utm_content=thumbnail,Italian,6,1,2,2,0,11,17,0,3
David Coulthard,MCLAREN,McLaren,MCLAREN,2004,Driver,https://upload.wikimedia.org/wikipedia/commons/thumb/a/a4/David_Coulthard_at_the_2025_Adelaide_Grand_Final_Parade_-_12.jpg/330px-David_Coulthard_at_the_2025_Adelaide_Grand_Final_Parade_-_12.jpg?utm_source=en.wikipedia.org&utm_campaign=api&utm_content=thumbnail,British,10,0,0,0,0,12,18,0,4
Takuma Sato,BAR,BAR,BAR,2004,Driver,https://upload.wikimedia.org/wikipedia/commons/thumb/d/d1/Takuma_Sato_%282021%29.jpg/330px-Takuma_Sato_%282021%29.jpg?utm_source=en.wikipedia.org&utm_campaign=api&utm_content=thumbnail,Japanese,8,0,1,0,0,10,18,0,5
Giancarlo Fisichella,SAUBER,Sauber,SAUBER,2004,Driver,https://upload.wikimedia.org/wikipedia/commons/thumb/e/e2/Giancarlo_Fisichella_2012_WEC_Fuji.jpg/330px-Giancarlo_Fisichella_2012_WEC_Fuji.jpg?utm_source=en.wikipedia.org&utm_campaign=api&utm_content=thumbnail,Italian,11,0,0,0,0,14,18,0,1
Christian Klien,JAGUAR,Jaguar,JAGUAR,2004,Driver,https://upload.wikimedia.org/wikipedia/commons/thumb/3/37/Christian_Klien_2.jpg/330px-Christian_Klien_2.jpg?utm_source=en.wikipedia.org&utm_campaign=api&utm_content=thumbnail,Austrian,16,0,0,0,0,4,18,0,4
Cristiano da Matta,TOYOTA,Toyota,TOYOTA,2004,Driver,https://upload.wikimedia.org/wikipedia/commons/thumb/a/a7/Cdmlb06.jpg/330px-Cdmlb06.jpg?utm_source=en.wikipedia.org&utm_campaign=api&utm_content=thumbnail,Brazilian,17,0,0,0,0,3,12,0,5
Olivier Panis,TOYOTA,Toyota,TOYOTA,2004,Driver,https://upload.wikimedia.org/wikipedia/commons/thumb/c/c6/Paris_-_Retromobile_2012_-_Olivier_Panis_-_Fiskens_-_006.jpg/330px-Paris_-_Retromobile_2012_-_Olivier_Panis_-_Fiskens_-_006.jpg?utm_source=en.wikipedia.org&utm_campaign=api&utm_content=thumbnail,French,14,0,0,0,0,4,17,0,4
Giorgio Pantano,JORDAN,Jordan,JORDAN,2004,Driver,https://upload.wikimedia.org/wikipedia/commons/thumb/7/7d/Giorgio_pantano_brandshatch2014.JPG/330px-Giorgio_pantano_brandshatch2014.JPG?utm_source=en.wikipedia.org&utm_campaign=api&utm_content=thumbnail,Italian,24,0,0,0,0,0,14,0,8
Felipe Massa,SAUBER,Sauber,SAUBER,2004,Driver,https://upload.wikimedia.org/wikipedia/commons/thumb/e/e7/Felipe_Massa.jpg/330px-Felipe_Massa.jpg?utm_source=en.wikipedia.org&utm_campaign=api&utm_content=thumbnail,Brazilian,12,0,0,0,0,10,18,0,4
Nick Heidfeld,JORDAN,Jordan,JORDAN,2004,Driver,https://upload.wikimedia.org/wikipedia/commons/thumb/2/2c/Nick_Heidfeld_Goodwood_Festival_of_Speed_2019_%2848242681251%29.jpg/330px-Nick_Heidfeld_Goodwood_Festival_of_Speed_2019_%2848242681251%29.jpg?utm_source=en.wikipedia.org&utm_campaign=api&utm_content=thumbnail,German,18,0,0,0,0,3,18,0,7
Gianmaria Bruni,MINARDI,Minardi,MINARDI,2004,Driver,https://upload.wikimedia.org/wikipedia/commons/thumb/d/db/Gianmaria_Bruni_2012_WEC_Fuji.jpg/330px-Gianmaria_Bruni_2012_WEC_Fuji.jpg?utm_source=en.wikipedia.org&utm_campaign=api&utm_content=thumbnail,Italian,25,0,0,0,0,0,18,0,9
Mark Webber,JAGUAR,Jaguar,JAGUAR,2004,Driver,https://upload.wikimedia.org/wikipedia/commons/thumb/1/16/Mark_Webber_at_the_Melbourne_Walk_during_the_2026_Australian_Grand_Prix_%28028A8720%29.jpg/330px-Mark_Webber_at_the_Melbourne_Walk_during_the_2026_Australian_Grand_Prix_%28028A8720%29.jpg?utm_source=en.wikipedia.org&utm_campaign=api&utm_content=thumbnail,Australian,13,0,0,0,0,8,18,0,8
Zsolt Baumgartner,MINARDI,Minardi,MINARDI,2004,Driver,https://upload.wikimedia.org/wikipedia/commons/thumb/e/e3/ChampCar_2007_Baumgartner.jpg/330px-ChampCar_2007_Baumgartner.jpg?utm_source=en.wikipedia.org&utm_campaign=api&utm_content=thumbnail,Hungarian,20,0,0,0,0,3,18,0,7
Kimi Räikkönen,MCLAREN,McLaren,MCLAREN,2004,Driver,https://upload.wikimedia.org/wikipedia/commons/thumb/f/ff/F12019_Schloss_Gabelhofen_%2822%29_%28cropped%29.jpg/330px-F12019_Schloss_Gabelhofen_%2822%29_%28cropped%29.jpg?utm_source=en.wikipedia.org&utm_campaign=api&utm_content=thumbnail,Finnish,7,1,4,1,2,9,18,0,8
Timo Glock,JORDAN,Jordan,JORDAN,2004,Driver,https://upload.wikimedia.org/wikipedia/commons/thumb/7/75/2025-04-26_Motorsport%2C_DTM%2C_Oschersleben_STP_2988_%28cropped%29.jpg/330px-2025-04-26_Motorsport%2C_DTM%2C_Oschersleben_STP_2988_%28cropped%29.jpg?utm_source=en.wikipedia.org&utm_campaign=api&utm_content=thumbnail,German,19,0,0,0,0,1,4,0,0
Marc Gené,WILLIAMS,Williams,WILLIAMS,2004,Driver,https://upload.wikimedia.org/wikipedia/commons/thumb/6/61/Marc_Gene_2007_Montjuic.jpg/330px-Marc_Gene_2007_Montjuic.jpg?utm_source=en.wikipedia.org&utm_campaign=api&utm_content=thumbnail,Spanish,23,0,0,0,0,1,2,0,0
Antônio Pizzonia,WILLIAMS,Williams,WILLIAMS,2004,Driver,https://upload.wikimedia.org/wikipedia/commons/thumb/d/d6/Fale_F1_Monza_2004_13.jpg/330px-Fale_F1_Monza_2004_13.jpg?utm_source=en.wikipedia.org&utm_campaign=api&utm_content=thumbnail,Brazilian,15,0,0,0,0,3,4,0,1
Ricardo Zonta,TOYOTA,Toyota,TOYOTA,2004,Driver,https://upload.wikimedia.org/wikipedia/commons/thumb/9/97/Ricardo_Zonta_2007_Curitiba.jpg/330px-Ricardo_Zonta_2007_Curitiba.jpg?utm_source=en.wikipedia.org&utm_campaign=api&utm_content=thumbnail,Brazilian,22,0,0,0,0,1,5,0,2
Jacques Villeneuve,RENAULT,Renault,RENAULT,2004,Driver,https://upload.wikimedia.org/wikipedia/commons/thumb/a/aa/Jacques_Villeneuve_Peugeot_208_T16_Lydden_Hill_2014_006_%28cropped2%29.jpg/330px-Jacques_Villeneuve_Peugeot_208_T16_Lydden_Hill_2014_006_%28cropped2%29.jpg?utm_source=en.wikipedia.org&utm_campaign=api&utm_content=thumbnail,Canadian,21,0,0,0,0,2,3,0,0
Giancarlo Fisichella,RENAULT,Renault,RENAULT,2005,Driver,https://upload.wikimedia.org/wikipedia/commons/thumb/e/e2/Giancarlo_Fisichella_2012_WEC_Fuji.jpg/330px-Giancarlo_Fisichella_2012_WEC_Fuji.jpg?utm_source=en.wikipedia.org&utm_campaign=api&utm_content=thumbnail,Italian,5,1,3,1,1,12,19,0,6
Rubens Barrichello,FERRARI,Ferrari,FERRARI,2005,Driver,https://upload.wikimedia.org/wikipedia/commons/thumb/a/ae/Rubinho.jpg/330px-Rubinho.jpg?utm_source=en.wikipedia.org&utm_campaign=api&utm_content=thumbnail,Brazilian,8,0,4,0,0,14,19,0,2
Fernando Alonso,RENAULT,Renault,RENAULT,2005,Driver,https://upload.wikimedia.org/wikipedia/commons/thumb/9/97/Alonso-68_%2824710447098%29.jpg/330px-Alonso-68_%2824710447098%29.jpg?utm_source=en.wikipedia.org&utm_campaign=api&utm_content=thumbnail,Spanish,1,7,15,6,2,16,19,1,2
David Coulthard,RED_BULL,Red Bull,RED_BULL,2005,Driver,https://upload.wikimedia.org/wikipedia/commons/thumb/a/a4/David_Coulthard_at_the_2025_Adelaide_Grand_Final_Parade_-_12.jpg/330px-David_Coulthard_at_the_2025_Adelaide_Grand_Final_Parade_-_12.jpg?utm_source=en.wikipedia.org&utm_campaign=api&utm_content=thumbnail,British,12,0,0,0,0,11,19,0,5
Mark Webber,WILLIAMS,Williams,WILLIAMS,2005,Driver,https://upload.wikimedia.org/wikipedia/commons/thumb/1/16/Mark_Webber_at_the_Melbourne_Walk_during_the_2026_Australian_Grand_Prix_%28028A8720%29.jpg/330px-Mark_Webber_at_the_Melbourne_Walk_during_the_2026_Australian_Grand_Prix_%28028A8720%29.jpg?utm_source=en.wikipedia.org&utm_campaign=api&utm_content=thumbnail,Australian,10,0,1,0,0,10,19,0,6
Juan Pablo Montoya,MCLAREN,McLaren,MCLAREN,2005,Driver,https://upload.wikimedia.org/wikipedia/commons/thumb/2/2b/DSC1509_%2851683678455%29%28cropped%29.jpg/330px-DSC1509_%2851683678455%29%28cropped%29.jpg?utm_source=en.wikipedia.org&utm_campaign=api&utm_content=thumbnail,Colombian,4,3,5,2,1,10,17,0,6
Christian Klien,RED_BULL,Red Bull,RED_BULL,2005,Driver,https://upload.wikimedia.org/wikipedia/commons/thumb/3/37/Christian_Klien_2.jpg/330px-Christian_Klien_2.jpg?utm_source=en.wikipedia.org&utm_campaign=api&utm_content=thumbnail,Austrian,15,0,0,0,0,9,15,0,4
Kimi Räikkönen,MCLAREN,McLaren,MCLAREN,2005,Driver,https://upload.wikimedia.org/wikipedia/commons/thumb/f/ff/F12019_Schloss_Gabelhofen_%2822%29_%28cropped%29.jpg/330px-F12019_Schloss_Gabelhofen_%2822%29_%28cropped%29.jpg?utm_source=en.wikipedia.org&utm_campaign=api&utm_content=thumbnail,Finnish,2,7,12,5,10,15,19,0,3
Jarno Trulli,TOYOTA,Toyota,TOYOTA,2005,Driver,https://upload.wikimedia.org/wikipedia/commons/thumb/3/30/12._Internationale_Sportnacht_Davos_2014_%2815246044859%29_%28cropped%29.jpg/330px-12._Internationale_Sportnacht_Davos_2014_%2815246044859%29_%28cropped%29.jpg?utm_source=en.wikipedia.org&utm_campaign=api&utm_content=thumbnail,Italian,7,0,3,1,0,12,19,0,4
Felipe Massa,SAUBER,Sauber,SAUBER,2005,Driver,https://upload.wikimedia.org/wikipedia/commons/thumb/e/e7/Felipe_Massa.jpg/330px-Felipe_Massa.jpg?utm_source=en.wikipedia.org&utm_campaign=api&utm_content=thumbnail,Brazilian,13,0,0,0,0,12,19,0,3
Jenson Button,BAR,BAR,BAR,2005,Driver,https://upload.wikimedia.org/wikipedia/commons/thumb/0/0c/Jenson_Button_2024_WEC_Fuji.jpg/330px-Jenson_Button_2024_WEC_Fuji.jpg?utm_source=en.wikipedia.org&utm_campaign=api&utm_content=thumbnail,British,9,0,2,1,0,11,17,0,6
Ralf Schumacher,TOYOTA,Toyota,TOYOTA,2005,Driver,https://upload.wikimedia.org/wikipedia/commons/thumb/d/d1/Ralf_Schumacher%2C_2016.png/330px-Ralf_Schumacher%2C_2016.png?utm_source=en.wikipedia.org&utm_campaign=api&utm_content=thumbnail,German,6,0,2,1,1,15,18,0,1
Jacques Villeneuve,SAUBER,Sauber,SAUBER,2005,Driver,https://upload.wikimedia.org/wikipedia/commons/thumb/a/aa/Jacques_Villeneuve_Peugeot_208_T16_Lydden_Hill_2014_006_%28cropped2%29.jpg/330px-Jacques_Villeneuve_Peugeot_208_T16_Lydden_Hill_2014_006_%28cropped2%29.jpg?utm_source=en.wikipedia.org&utm_campaign=api&utm_content=thumbnail,Canadian,14,0,0,0,0,5,19,0,4
Takuma Sato,BAR,BAR,BAR,2005,Driver,https://upload.wikimedia.org/wikipedia/commons/thumb/d/d1/Takuma_Sato_%282021%29.jpg/330px-Takuma_Sato_%282021%29.jpg?utm_source=en.wikipedia.org&utm_campaign=api&utm_content=thumbnail,Japanese,23,0,0,0,0,3,16,0,8
Narain Karthikeyan,JORDAN,Jordan,JORDAN,2005,Driver,https://upload.wikimedia.org/wikipedia/commons/thumb/a/a6/Narain_Karthikeyan_2011_Malaysia2.jpg/330px-Narain_Karthikeyan_2011_Malaysia2.jpg?utm_source=en.wikipedia.org&utm_campaign=api&utm_content=thumbnail,Indian,18,0,0,0,0,1,19,0,5
Tiago Monteiro,JORDAN,Jordan,JORDAN,2005,Driver,https://upload.wikimedia.org/wikipedia/commons/thumb/e/ec/Tiago_monteiro_spafrancorchamps2014_%28cropped%29.JPG/330px-Tiago_monteiro_spafrancorchamps2014_%28cropped%29.JPG?utm_source=en.wikipedia.org&utm_campaign=api&utm_content=thumbnail,Portuguese,16,0,1,0,0,4,19,0,1
Patrick Friesacher,MINARDI,Minardi,MINARDI,2005,Driver,https://upload.wikimedia.org/wikipedia/commons/thumb/2/26/Patrick_Friesacher.jpg/330px-Patrick_Friesacher.jpg?utm_source=en.wikipedia.org&utm_campaign=api&utm_content=thumbnail,Austrian,21,0,0,0,0,1,11,0,6
Michael Schumacher,FERRARI,Ferrari,FERRARI,2005,Driver,https://upload.wikimedia.org/wikipedia/commons/thumb/c/c2/Michael_Schumacher%2C_September_2005.jpg/330px-Michael_Schumacher%2C_September_2005.jpg?utm_source=en.wikipedia.org&utm_campaign=api&utm_content=thumbnail,German,3,1,5,1,3,13,19,0,6
Nick Heidfeld,WILLIAMS,Williams,WILLIAMS,2005,Driver,https://upload.wikimedia.org/wikipedia/commons/thumb/2/2c/Nick_Heidfeld_Goodwood_Festival_of_Speed_2019_%2848242681251%29.jpg/330px-Nick_Heidfeld_Goodwood_Festival_of_Speed_2019_%2848242681251%29.jpg?utm_source=en.wikipedia.org&utm_campaign=api&utm_content=thumbnail,German,11,0,3,1,0,6,14,0,5
Christijan Albers,MINARDI,Minardi,MINARDI,2005,Driver,https://upload.wikimedia.org/wikipedia/commons/thumb/0/04/Christijan_Albers_2006_%28cropped%29.JPG/330px-Christijan_Albers_2006_%28cropped%29.JPG?utm_source=en.wikipedia.org&utm_campaign=api&utm_content=thumbnail,Dutch,19,0,0,0,0,1,19,0,6
Anthony Davidson,BAR,BAR,BAR,2005,Driver,https://upload.wikimedia.org/wikipedia/commons/thumb/7/7f/Anthony_Davidson_Goodwood_Festival_of_Speed_2019_%2848242774922%29.jpg/330px-Anthony_Davidson_Goodwood_Festival_of_Speed_2019_%2848242774922%29.jpg?utm_source=en.wikipedia.org&utm_campaign=api&utm_content=thumbnail,British,,0,0,0,0,0,1,0,1
Pedro de la Rosa,MCLAREN,McLaren,MCLAREN,2005,Driver,https://upload.wikimedia.org/wikipedia/commons/thumb/f/fe/Pedro_de_la_Rosa_2010_Malaysia.jpg/330px-Pedro_de_la_Rosa_2010_Malaysia.jpg?utm_source=en.wikipedia.org&utm_campaign=api&utm_content=thumbnail,Spanish,20,0,0,0,1,1,1,0,0
Alexander Wurz,MCLAREN,McLaren,MCLAREN,2005,Driver,https://upload.wikimedia.org/wikipedia/commons/thumb/e/ef/Alexander_Wurz_-_2016_24_Hours_of_Le_Mans_-_Pit_Walk_%28cropped%29.jpg/330px-Alexander_Wurz_-_2016_24_Hours_of_Le_Mans_-_Pit_Walk_%28cropped%29.jpg?utm_source=en.wikipedia.org&utm_campaign=api&utm_content=thumbnail,Austrian,17,0,1,0,0,1,1,0,0
Vitantonio Liuzzi,RED_BULL,Red Bull,RED_BULL,2005,Driver,https://upload.wikimedia.org/wikipedia/commons/thumb/0/01/Vitantonio_Liuzzi_2011_Malaysia.jpg/330px-Vitantonio_Liuzzi_2011_Malaysia.jpg?utm_source=en.wikipedia.org&utm_campaign=api&utm_content=thumbnail,Italian,24,0,0,0,0,2,4,0,2
Ricardo Zonta,TOYOTA,Toyota,TOYOTA,2005,Driver,https://upload.wikimedia.org/wikipedia/commons/thumb/9/97/Ricardo_Zonta_2007_Curitiba.jpg/330px-Ricardo_Zonta_2007_Curitiba.jpg?utm_source=en.wikipedia.org&utm_campaign=api&utm_content=thumbnail,Brazilian,,0,0,0,0,0,1,0,1
Robert Doornbos,MINARDI,Minardi,MINARDI,2005,Driver,https://upload.wikimedia.org/wikipedia/commons/thumb/4/42/Robert_Doornbos_-_Red_Bull_Racing.jpg/330px-Robert_Doornbos_-_Red_Bull_Racing.jpg?utm_source=en.wikipedia.org&utm_campaign=api&utm_content=thumbnail,Dutch,25,0,0,0,0,0,8,0,2
Antônio Pizzonia,WILLIAMS,Williams,WILLIAMS,2005,Driver,https://upload.wikimedia.org/wikipedia/commons/thumb/d/d6/Fale_F1_Monza_2004_13.jpg/330px-Fale_F1_Monza_2004_13.jpg?utm_source=en.wikipedia.org&utm_campaign=api&utm_content=thumbnail,Brazilian,22,0,0,0,0,1,5,0,2
Fernando Alonso,RENAULT,Renault,RENAULT,2006,Driver,https://upload.wikimedia.org/wikipedia/commons/thumb/9/97/Alonso-68_%2824710447098%29.jpg/330px-Alonso-68_%2824710447098%29.jpg?utm_source=en.wikipedia.org&utm_campaign=api&utm_content=thumbnail,Spanish,1,7,14,6,5,16,18,1,2
Michael Schumacher,FERRARI,Ferrari,FERRARI,2006,Driver,https://upload.wikimedia.org/wikipedia/commons/thumb/c/c2/Michael_Schumacher%2C_September_2005.jpg/330px-Michael_Schumacher%2C_September_2005.jpg?utm_source=en.wikipedia.org&utm_campaign=api&utm_content=thumbnail,German,2,7,12,4,7,16,18,0,2
Kimi Räikkönen,MCLAREN,McLaren,MCLAREN,2006,Driver,https://upload.wikimedia.org/wikipedia/commons/thumb/f/ff/F12019_Schloss_Gabelhofen_%2822%29_%28cropped%29.jpg/330px-F12019_Schloss_Gabelhofen_%2822%29_%28cropped%29.jpg?utm_source=en.wikipedia.org&utm_campaign=api&utm_content=thumbnail,Finnish,5,0,6,3,3,12,18,0,6
Jenson Button,HONDA,Honda,HONDA,2006,Driver,https://upload.wikimedia.org/wikipedia/commons/thumb/0/0c/Jenson_Button_2024_WEC_Fuji.jpg/330px-Jenson_Button_2024_WEC_Fuji.jpg?utm_source=en.wikipedia.org&utm_campaign=api&utm_content=thumbnail,British,6,1,3,1,0,13,18,0,4
Juan Pablo Montoya,MCLAREN,McLaren,MCLAREN,2006,Driver,https://upload.wikimedia.org/wikipedia/commons/thumb/2/2b/DSC1509_%2851683678455%29%28cropped%29.jpg/330px-DSC1509_%2851683678455%29%28cropped%29.jpg?utm_source=en.wikipedia.org&utm_campaign=api&utm_content=thumbnail,Colombian,8,0,2,0,0,5,10,0,5
Mark Webber,WILLIAMS,Williams,WILLIAMS,2006,Driver,https://upload.wikimedia.org/wikipedia/commons/thumb/1/16/Mark_Webber_at_the_Melbourne_Walk_during_the_2026_Australian_Grand_Prix_%28028A8720%29.jpg/330px-Mark_Webber_at_the_Melbourne_Walk_during_the_2026_Australian_Grand_Prix_%28028A8720%29.jpg?utm_source=en.wikipedia.org&utm_campaign=api&utm_content=thumbnail,Australian,14,0,0,0,0,6,18,0,11
Nico Rosberg,WILLIAMS,Williams,WILLIAMS,2006,Driver,https://upload.wikimedia.org/wikipedia/commons/thumb/3/31/Nico_Rosberg_2016.jpg/330px-Nico_Rosberg_2016.jpg?utm_source=en.wikipedia.org&utm_campaign=api&utm_content=thumbnail,German,17,0,0,0,1,5,18,0,9
Christian Klien,RED_BULL,Red Bull,RED_BULL,2006,Driver,https://upload.wikimedia.org/wikipedia/commons/thumb/3/37/Christian_Klien_2.jpg/330px-Christian_Klien_2.jpg?utm_source=en.wikipedia.org&utm_campaign=api&utm_content=thumbnail,Austrian,18,0,0,0,0,2,15,0,7
Felipe Massa,FERRARI,Ferrari,FERRARI,2006,Driver,https://upload.wikimedia.org/wikipedia/commons/thumb/e/e7/Felipe_Massa.jpg/330px-Felipe_Massa.jpg?utm_source=en.wikipedia.org&utm_campaign=api&utm_content=thumbnail,Brazilian,3,2,7,3,2,16,18,0,2
David Coulthard,RED_BULL,Red Bull,RED_BULL,2006,Driver,https://upload.wikimedia.org/wikipedia/commons/thumb/a/a4/David_Coulthard_at_the_2025_Adelaide_Grand_Final_Parade_-_12.jpg/330px-David_Coulthard_at_the_2025_Adelaide_Grand_Final_Parade_-_12.jpg?utm_source=en.wikipedia.org&utm_campaign=api&utm_content=thumbnail,British,13,0,1,0,0,8,18,0,5
Vitantonio Liuzzi,TORO_ROSSO,Toro Rosso,TORO_ROSSO,2006,Driver,https://upload.wikimedia.org/wikipedia/commons/thumb/0/01/Vitantonio_Liuzzi_2011_Malaysia.jpg/330px-Vitantonio_Liuzzi_2011_Malaysia.jpg?utm_source=en.wikipedia.org&utm_campaign=api&utm_content=thumbnail,Italian,19,0,0,0,0,4,18,0,4
Nick Heidfeld,BMW_SAUBER,BMW Sauber,BMW_SAUBER,2006,Driver,https://upload.wikimedia.org/wikipedia/commons/thumb/2/2c/Nick_Heidfeld_Goodwood_Festival_of_Speed_2019_%2848242681251%29.jpg/330px-Nick_Heidfeld_Goodwood_Festival_of_Speed_2019_%2848242681251%29.jpg?utm_source=en.wikipedia.org&utm_campaign=api&utm_content=thumbnail,German,9,0,1,0,0,11,18,0,3
Scott Speed,TORO_ROSSO,Toro Rosso,TORO_ROSSO,2006,Driver,https://upload.wikimedia.org/wikipedia/commons/thumb/9/90/Scott_Speed_at_the_2025_Adelaide_Grand_Final_-_04.jpg/330px-Scott_Speed_at_the_2025_Adelaide_Grand_Final_-_04.jpg?utm_source=en.wikipedia.org&utm_campaign=api&utm_content=thumbnail,American,20,0,0,0,0,3,18,0,4
Ralf Schumacher,TOYOTA,Toyota,TOYOTA,2006,Driver,https://upload.wikimedia.org/wikipedia/commons/thumb/d/d1/Ralf_Schumacher%2C_2016.png/330px-Ralf_Schumacher%2C_2016.png?utm_source=en.wikipedia.org&utm_campaign=api&utm_content=thumbnail,German,10,0,1,0,0,9,18,0,7
Rubens Barrichello,HONDA,Honda,HONDA,2006,Driver,https://upload.wikimedia.org/wikipedia/commons/thumb/a/ae/Rubinho.jpg/330px-Rubinho.jpg?utm_source=en.wikipedia.org&utm_campaign=api&utm_content=thumbnail,Brazilian,7,0,0,0,0,13,18,0,3
Jarno Trulli,TOYOTA,Toyota,TOYOTA,2006,Driver,https://upload.wikimedia.org/wikipedia/commons/thumb/3/30/12._Internationale_Sportnacht_Davos_2014_%2815246044859%29_%28cropped%29.jpg/330px-12._Internationale_Sportnacht_Davos_2014_%2815246044859%29_%28cropped%29.jpg?utm_source=en.wikipedia.org&utm_campaign=api&utm_content=thumbnail,Italian,12,0,0,0,0,9,18,0,5
Tiago Monteiro,MF1,MF1,MF1|SPYKER_MF1,2006,Driver,https://upload.wikimedia.org/wikipedia/commons/thumb/e/ec/Tiago_monteiro_spafrancorchamps2014_%28cropped%29.JPG/330px-Tiago_monteiro_spafrancorchamps2014_%28cropped%29.JPG?utm_source=en.wikipedia.org&utm_campaign=api&utm_content=thumbnail,Portuguese,21,0,0,0,0,1,18,0,7
Takuma Sato,SUPER_AGURI,Super Aguri,SUPER_AGURI,2006,Driver,https://upload.wikimedia.org/wikipedia/commons/thumb/d/d1/Takuma_Sato_%282021%29.jpg/330px-Takuma_Sato_%282021%29.jpg?utm_source=en.wikipedia.org&utm_campaign=api&utm_content=thumbnail,Japanese,23,0,0,0,0,1,18,0,8
Yuji Ide,SUPER_AGURI,Super Aguri,SUPER_AGURI,2006,Driver,https://upload.wikimedia.org/wikipedia/commons/thumb/9/90/Yuji_Ide_2010_Super_GT_Fuji_400km.jpg/330px-Yuji_Ide_2010_Super_GT_Fuji_400km.jpg?utm_source=en.wikipedia.org&utm_campaign=api&utm_content=thumbnail,Japanese,25,0,0,0,0,0,4,0,3
Jacques Villeneuve,BMW_SAUBER,BMW Sauber,BMW_SAUBER,2006,Driver,https://upload.wikimedia.org/wikipedia/commons/thumb/a/aa/Jacques_Villeneuve_Peugeot_208_T16_Lydden_Hill_2014_006_%28cropped2%29.jpg/330px-Jacques_Villeneuve_Peugeot_208_T16_Lydden_Hill_2014_006_%28cropped2%29.jpg?utm_source=en.wikipedia.org&utm_campaign=api&utm_content=thumbnail,Canadian,15,0,0,0,0,4,12,0,4
Giancarlo Fisichella,RENAULT,Renault,RENAULT,2006,Driver,https://upload.wikimedia.org/wikipedia/commons/thumb/e/e2/Giancarlo_Fisichella_2012_WEC_Fuji.jpg/330px-Giancarlo_Fisichella_2012_WEC_Fuji.jpg?utm_source=en.wikipedia.org&utm_campaign=api&utm_content=thumbnail,Italian,4,1,5,1,0,16,18,0,2
Christijan Albers,MF1,MF1,MF1|SPYKER_MF1,2006,Driver,https://upload.wikimedia.org/wikipedia/commons/thumb/0/04/Christijan_Albers_2006_%28cropped%29.JPG/330px-Christijan_Albers_2006_%28cropped%29.JPG?utm_source=en.wikipedia.org&utm_campaign=api&utm_content=thumbnail,Dutch,22,0,0,0,0,1,18,0,8
Franck Montagny,SUPER_AGURI,Super Aguri,SUPER_AGURI,2006,Driver,https://upload.wikimedia.org/wikipedia/commons/thumb/a/a9/Franck_Montagny_Le_Mans_drivers_parade_2011_crop.jpg/330px-Franck_Montagny_Le_Mans_drivers_parade_2011_crop.jpg?utm_source=en.wikipedia.org&utm_campaign=api&utm_content=thumbnail,French,27,0,0,0,0,0,7,0,4
Pedro de la Rosa,MCLAREN,McLaren,MCLAREN,2006,Driver,https://upload.wikimedia.org/wikipedia/commons/thumb/f/fe/Pedro_de_la_Rosa_2010_Malaysia.jpg/330px-Pedro_de_la_Rosa_2010_Malaysia.jpg?utm_source=en.wikipedia.org&utm_campaign=api&utm_content=thumbnail,Spanish,11,0,1,0,0,5,8,0,2
Sakon Yamamoto,SUPER_AGURI,Super Aguri,SUPER_AGURI,2006,Driver,https://upload.wikimedia.org/wikipedia/commons/6/69/Sakon_Yamamoto_20220818.jpg?utm_source=en.wikipedia.org&utm_campaign=api&utm_content=thumbnail_unscaled,Japanese,26,0,0,0,0,0,7,0,4
Robert Kubica,BMW_SAUBER,BMW Sauber,BMW_SAUBER,2006,Driver,https://upload.wikimedia.org/wikipedia/commons/thumb/7/7b/Robert_Kubica_at_Monza_2023.jpg/330px-Robert_Kubica_at_Monza_2023.jpg?utm_source=en.wikipedia.org&utm_campaign=api&utm_content=thumbnail,Polish,16,0,1,0,0,3,6,0,1
Robert Doornbos,RED_BULL,Red Bull,RED_BULL,2006,Driver,https://upload.wikimedia.org/wikipedia/commons/thumb/4/42/Robert_Doornbos_-_Red_Bull_Racing.jpg/330px-Robert_Doornbos_-_Red_Bull_Racing.jpg?utm_source=en.wikipedia.org&utm_campaign=api&utm_content=thumbnail,Dutch,24,0,0,0,0,0,3,0,0
Kimi Räikkönen,FERRARI,Ferrari,FERRARI,2007,Driver,https://upload.wikimedia.org/wikipedia/commons/thumb/f/ff/F12019_Schloss_Gabelhofen_%2822%29_%28cropped%29.jpg/330px-F12019_Schloss_Gabelhofen_%2822%29_%28cropped%29.jpg?utm_source=en.wikipedia.org&utm_campaign=api&utm_content=thumbnail,Finnish,1,6,12,3,6,15,17,1,2
Fernando Alonso,MCLAREN,McLaren,MCLAREN,2007,Driver,https://upload.wikimedia.org/wikipedia/commons/thumb/9/97/Alonso-68_%2824710447098%29.jpg/330px-Alonso-68_%2824710447098%29.jpg?utm_source=en.wikipedia.org&utm_campaign=api&utm_content=thumbnail,Spanish,3,4,12,2,3,16,17,0,1
Lewis Hamilton,MCLAREN,McLaren,MCLAREN,2007,Driver,https://upload.wikimedia.org/wikipedia/commons/thumb/d/d3/Prime_Minister_Keir_Starmer_meets_Sir_Lewis_Hamilton_%2854566928382%29_%28cropped%29.jpg/330px-Prime_Minister_Keir_Starmer_meets_Sir_Lewis_Hamilton_%2854566928382%29_%28cropped%29.jpg?utm_source=en.wikipedia.org&utm_campaign=api&utm_content=thumbnail,British,2,4,12,6,2,16,17,0,1
Nick Heidfeld,BMW_SAUBER,BMW Sauber,BMW_SAUBER,2007,Driver,https://upload.wikimedia.org/wikipedia/commons/thumb/2/2c/Nick_Heidfeld_Goodwood_Festival_of_Speed_2019_%2848242681251%29.jpg/330px-Nick_Heidfeld_Goodwood_Festival_of_Speed_2019_%2848242681251%29.jpg?utm_source=en.wikipedia.org&utm_campaign=api&utm_content=thumbnail,German,5,0,2,0,0,14,17,0,2
Giancarlo Fisichella,RENAULT,Renault,RENAULT,2007,Driver,https://upload.wikimedia.org/wikipedia/commons/thumb/e/e2/Giancarlo_Fisichella_2012_WEC_Fuji.jpg/330px-Giancarlo_Fisichella_2012_WEC_Fuji.jpg?utm_source=en.wikipedia.org&utm_campaign=api&utm_content=thumbnail,Italian,8,0,0,0,0,11,17,0,3
Felipe Massa,FERRARI,Ferrari,FERRARI,2007,Driver,https://upload.wikimedia.org/wikipedia/commons/thumb/e/e7/Felipe_Massa.jpg/330px-Felipe_Massa.jpg?utm_source=en.wikipedia.org&utm_campaign=api&utm_content=thumbnail,Brazilian,4,3,10,6,6,14,17,0,2
Nico Rosberg,WILLIAMS,Williams,WILLIAMS,2007,Driver,https://upload.wikimedia.org/wikipedia/commons/thumb/3/31/Nico_Rosberg_2016.jpg/330px-Nico_Rosberg_2016.jpg?utm_source=en.wikipedia.org&utm_campaign=api&utm_content=thumbnail,German,9,0,0,0,0,10,17,0,3
Ralf Schumacher,TOYOTA,Toyota,TOYOTA,2007,Driver,https://upload.wikimedia.org/wikipedia/commons/thumb/d/d1/Ralf_Schumacher%2C_2016.png/330px-Ralf_Schumacher%2C_2016.png?utm_source=en.wikipedia.org&utm_campaign=api&utm_content=thumbnail,German,16,0,0,0,0,5,17,0,6
Jarno Trulli,TOYOTA,Toyota,TOYOTA,2007,Driver,https://upload.wikimedia.org/wikipedia/commons/thumb/3/30/12._Internationale_Sportnacht_Davos_2014_%2815246044859%29_%28cropped%29.jpg/330px-12._Internationale_Sportnacht_Davos_2014_%2815246044859%29_%28cropped%29.jpg?utm_source=en.wikipedia.org&utm_campaign=api&utm_content=thumbnail,Italian,13,0,0,0,0,6,17,0,4
Heikki Kovalainen,RENAULT,Renault,RENAULT,2007,Driver,https://upload.wikimedia.org/wikipedia/commons/thumb/2/29/Effect_20190609_091716.jpg/330px-Effect_20190609_091716.jpg?utm_source=en.wikipedia.org&utm_campaign=api&utm_content=thumbnail,Finnish,7,0,1,0,0,14,17,0,1
Rubens Barrichello,HONDA,Honda,HONDA,2007,Driver,https://upload.wikimedia.org/wikipedia/commons/thumb/a/ae/Rubinho.jpg/330px-Rubinho.jpg?utm_source=en.wikipedia.org&utm_campaign=api&utm_content=thumbnail,Brazilian,20,0,0,0,0,5,17,0,2
Takuma Sato,SUPER_AGURI,Super Aguri,SUPER_AGURI,2007,Driver,https://upload.wikimedia.org/wikipedia/commons/thumb/d/d1/Takuma_Sato_%282021%29.jpg/330px-Takuma_Sato_%282021%29.jpg?utm_source=en.wikipedia.org&utm_campaign=api&utm_content=thumbnail,Japanese,17,0,0,0,0,2,17,0,3
Mark Webber,RED_BULL,Red Bull,RED_BULL,2007,Driver,https://upload.wikimedia.org/wikipedia/commons/thumb/1/16/Mark_Webber_at_the_Melbourne_Walk_during_the_2026_Australian_Grand_Prix_%28028A8720%29.jpg/330px-Mark_Webber_at_the_Melbourne_Walk_during_the_2026_Australian_Grand_Prix_%28028A8720%29.jpg?utm_source=en.wikipedia.org&utm_campaign=api&utm_content=thumbnail,Australian,12,0,1,0,0,8,17,0,7
Vitantonio Liuzzi,TORO_ROSSO,Toro Rosso,TORO_ROSSO,2007,Driver,https://upload.wikimedia.org/wikipedia/commons/thumb/0/01/Vitantonio_Liuzzi_2011_Malaysia.jpg/330px-Vitantonio_Liuzzi_2011_Malaysia.jpg?utm_source=en.wikipedia.org&utm_campaign=api&utm_content=thumbnail,Italian,18,0,0,0,0,2,17,0,7
Jenson Button,HONDA,Honda,HONDA,2007,Driver,https://upload.wikimedia.org/wikipedia/commons/thumb/0/0c/Jenson_Button_2024_WEC_Fuji.jpg/330px-Jenson_Button_2024_WEC_Fuji.jpg?utm_source=en.wikipedia.org&utm_campaign=api&utm_content=thumbnail,British,15,0,0,0,0,4,17,0,6
Anthony Davidson,SUPER_AGURI,Super Aguri,SUPER_AGURI,2007,Driver,https://upload.wikimedia.org/wikipedia/commons/thumb/7/7f/Anthony_Davidson_Goodwood_Festival_of_Speed_2019_%2848242774922%29.jpg/330px-Anthony_Davidson_Goodwood_Festival_of_Speed_2019_%2848242774922%29.jpg?utm_source=en.wikipedia.org&utm_campaign=api&utm_content=thumbnail,British,23,0,0,0,0,0,17,0,5
Adrian Sutil,SPYKER,Spyker,SPYKER,2007,Driver,https://upload.wikimedia.org/wikipedia/commons/thumb/e/e4/Adrian_Sutil.jpg/330px-Adrian_Sutil.jpg?utm_source=en.wikipedia.org&utm_campaign=api&utm_content=thumbnail,German,19,0,0,0,0,1,17,0,7
Alexander Wurz,WILLIAMS,Williams,WILLIAMS,2007,Driver,https://upload.wikimedia.org/wikipedia/commons/thumb/e/ef/Alexander_Wurz_-_2016_24_Hours_of_Le_Mans_-_Pit_Walk_%28cropped%29.jpg/330px-Alexander_Wurz_-_2016_24_Hours_of_Le_Mans_-_Pit_Walk_%28cropped%29.jpg?utm_source=en.wikipedia.org&utm_campaign=api&utm_content=thumbnail,Austrian,11,0,1,0,0,5,16,0,4
David Coulthard,RED_BULL,Red Bull,RED_BULL,2007,Driver,https://upload.wikimedia.org/wikipedia/commons/thumb/a/a4/David_Coulthard_at_the_2025_Adelaide_Grand_Final_Parade_-_12.jpg/330px-David_Coulthard_at_the_2025_Adelaide_Grand_Final_Parade_-_12.jpg?utm_source=en.wikipedia.org&utm_campaign=api&utm_content=thumbnail,British,10,0,0,0,0,6,17,0,7
Robert Kubica,BMW_SAUBER,BMW Sauber,BMW_SAUBER,2007,Driver,https://upload.wikimedia.org/wikipedia/commons/thumb/7/7b/Robert_Kubica_at_Monza_2023.jpg/330px-Robert_Kubica_at_Monza_2023.jpg?utm_source=en.wikipedia.org&utm_campaign=api&utm_content=thumbnail,Polish,6,0,0,0,0,12,16,0,3
Scott Speed,TORO_ROSSO,Toro Rosso,TORO_ROSSO,2007,Driver,https://upload.wikimedia.org/wikipedia/commons/thumb/9/90/Scott_Speed_at_the_2025_Adelaide_Grand_Final_-_04.jpg/330px-Scott_Speed_at_the_2025_Adelaide_Grand_Final_-_04.jpg?utm_source=en.wikipedia.org&utm_campaign=api&utm_content=thumbnail,American,21,0,0,0,0,1,10,0,7
Christijan Albers,SPYKER,Spyker,SPYKER,2007,Driver,https://upload.wikimedia.org/wikipedia/commons/thumb/0/04/Christijan_Albers_2006_%28cropped%29.JPG/330px-Christijan_Albers_2006_%28cropped%29.JPG?utm_source=en.wikipedia.org&utm_campaign=api&utm_content=thumbnail,Dutch,25,0,0,0,0,0,9,0,4
Sebastian Vettel,TORO_ROSSO,Toro Rosso,TORO_ROSSO|BMW_SAUBER,2007,Driver,https://upload.wikimedia.org/wikipedia/commons/thumb/2/2f/Sebastian_Vettel_2011_Sebastian_Vettel_in_Yokohama.jpg/330px-Sebastian_Vettel_2011_Sebastian_Vettel_in_Yokohama.jpg?utm_source=en.wikipedia.org&utm_campaign=api&utm_content=thumbnail,German,14,0,0,0,0,2,8,0,3
Markus Winkelhock,SPYKER,Spyker,SPYKER,2007,Driver,https://upload.wikimedia.org/wikipedia/commons/thumb/a/ab/Markus_winkelhock_brandshatch2014.JPG/330px-Markus_winkelhock_brandshatch2014.JPG?utm_source=en.wikipedia.org&utm_campaign=api&utm_content=thumbnail,German,,0,0,0,0,0,1,0,1
Sakon Yamamoto,SPYKER,Spyker,SPYKER,2007,Driver,https://upload.wikimedia.org/wikipedia/commons/6/69/Sakon_Yamamoto_20220818.jpg?utm_source=en.wikipedia.org&utm_campaign=api&utm_content=thumbnail_unscaled,Japanese,24,0,0,0,0,0,7,0,2
Kazuki Nakajima,WILLIAMS,Williams,WILLIAMS,2007,Driver,https://upload.wikimedia.org/wikipedia/commons/thumb/b/bc/Kazuki_Nakajima_2012_WEC_Fuji_%28cropped%29.jpg/330px-Kazuki_Nakajima_2012_WEC_Fuji_%28cropped%29.jpg?utm_source=en.wikipedia.org&utm_campaign=api&utm_content=thumbnail,Japanese,22,0,0,0,0,1,1,0,0
Lewis Hamilton,MCLAREN,McLaren,MCLAREN,2008,Driver,https://upload.wikimedia.org/wikipedia/commons/thumb/d/d3/Prime_Minister_Keir_Starmer_meets_Sir_Lewis_Hamilton_%2854566928382%29_%28cropped%29.jpg/330px-Prime_Minister_Keir_Starmer_meets_Sir_Lewis_Hamilton_%2854566928382%29_%28cropped%29.jpg?utm_source=en.wikipedia.org&utm_campaign=api&utm_content=thumbnail,British,1,5,10,7,1,15,18,1,1
Nick Heidfeld,BMW_SAUBER,BMW Sauber,BMW_SAUBER,2008,Driver,https://upload.wikimedia.org/wikipedia/commons/thumb/2/2c/Nick_Heidfeld_Goodwood_Festival_of_Speed_2019_%2848242681251%29.jpg/330px-Nick_Heidfeld_Goodwood_Festival_of_Speed_2019_%2848242681251%29.jpg?utm_source=en.wikipedia.org&utm_campaign=api&utm_content=thumbnail,German,6,0,4,0,2,16,18,0,0
Nico Rosberg,WILLIAMS,Williams,WILLIAMS,2008,Driver,https://upload.wikimedia.org/wikipedia/commons/thumb/3/31/Nico_Rosberg_2016.jpg/330px-Nico_Rosberg_2016.jpg?utm_source=en.wikipedia.org&utm_campaign=api&utm_content=thumbnail,German,13,0,2,0,0,8,18,0,2
Fernando Alonso,RENAULT,Renault,RENAULT,2008,Driver,https://upload.wikimedia.org/wikipedia/commons/thumb/9/97/Alonso-68_%2824710447098%29.jpg/330px-Alonso-68_%2824710447098%29.jpg?utm_source=en.wikipedia.org&utm_campaign=api&utm_content=thumbnail,Spanish,5,2,3,0,0,14,18,0,3
Heikki Kovalainen,MCLAREN,McLaren,MCLAREN,2008,Driver,https://upload.wikimedia.org/wikipedia/commons/thumb/2/29/Effect_20190609_091716.jpg/330px-Effect_20190609_091716.jpg?utm_source=en.wikipedia.org&utm_campaign=api&utm_content=thumbnail,Finnish,7,1,3,1,2,14,18,0,3
Kazuki Nakajima,WILLIAMS,Williams,WILLIAMS,2008,Driver,https://upload.wikimedia.org/wikipedia/commons/thumb/b/bc/Kazuki_Nakajima_2012_WEC_Fuji_%28cropped%29.jpg/330px-Kazuki_Nakajima_2012_WEC_Fuji_%28cropped%29.jpg?utm_source=en.wikipedia.org&utm_campaign=api&utm_content=thumbnail,Japanese,15,0,0,0,0,5,18,0,2
Sébastien Bourdais,TORO_ROSSO,Toro Rosso,TORO_ROSSO,2008,Driver,https://upload.wikimedia.org/wikipedia/commons/thumb/4/40/Sebastien_Bourdais_in_2021_%2851221641988%29_%28cropped%29.jpg/330px-Sebastien_Bourdais_in_2021_%2851221641988%29_%28cropped%29.jpg?utm_source=en.wikipedia.org&utm_campaign=api&utm_content=thumbnail,French,17,0,0,0,0,4,18,0,4
Kimi Räikkönen,FERRARI,Ferrari,FERRARI,2008,Driver,https://upload.wikimedia.org/wikipedia/commons/thumb/f/ff/F12019_Schloss_Gabelhofen_%2822%29_%28cropped%29.jpg/330px-F12019_Schloss_Gabelhofen_%2822%29_%28cropped%29.jpg?utm_source=en.wikipedia.org&utm_campaign=api&utm_content=thumbnail,Finnish,3,2,9,2,10,14,18,0,2
Robert Kubica,BMW_SAUBER,BMW Sauber,BMW_SAUBER,2008,Driver,https://upload.wikimedia.org/wikipedia/commons/thumb/7/7b/Robert_Kubica_at_Monza_2023.jpg/330px-Robert_Kubica_at_Monza_2023.jpg?utm_source=en.wikipedia.org&utm_campaign=api&utm_content=thumbnail,Polish,4,1,7,1,0,14,18,0,2
Timo Glock,TOYOTA,Toyota,TOYOTA,2008,Driver,https://upload.wikimedia.org/wikipedia/commons/thumb/7/75/2025-04-26_Motorsport%2C_DTM%2C_Oschersleben_STP_2988_%28cropped%29.jpg/330px-2025-04-26_Motorsport%2C_DTM%2C_Oschersleben_STP_2988_%28cropped%29.jpg?utm_source=en.wikipedia.org&utm_campaign=api&utm_content=thumbnail,German,10,0,1,0,0,8,18,0,4
Takuma Sato,SUPER_AGURI,Super Aguri,SUPER_AGURI,2008,Driver,https://upload.wikimedia.org/wikipedia/commons/thumb/d/d1/Takuma_Sato_%282021%29.jpg/330px-Takuma_Sato_%282021%29.jpg?utm_source=en.wikipedia.org&utm_campaign=api&utm_content=thumbnail,Japanese,21,0,0,0,0,0,4,0,1
Nelson Piquet Jr.,RENAULT,Renault,RENAULT,2008,Driver,https://upload.wikimedia.org/wikipedia/commons/thumb/a/a5/Nelson_Piquet_Jr._2021.jpg/330px-Nelson_Piquet_Jr._2021.jpg?utm_source=en.wikipedia.org&utm_campaign=api&utm_content=thumbnail,Brazilian,12,0,1,0,0,6,18,0,9
Felipe Massa,FERRARI,Ferrari,FERRARI,2008,Driver,https://upload.wikimedia.org/wikipedia/commons/thumb/e/e7/Felipe_Massa.jpg/330px-Felipe_Massa.jpg?utm_source=en.wikipedia.org&utm_campaign=api&utm_content=thumbnail,Brazilian,2,6,10,6,3,13,18,0,2
David Coulthard,RED_BULL,Red Bull,RED_BULL,2008,Driver,https://upload.wikimedia.org/wikipedia/commons/thumb/a/a4/David_Coulthard_at_the_2025_Adelaide_Grand_Final_Parade_-_12.jpg/330px-David_Coulthard_at_the_2025_Adelaide_Grand_Final_Parade_-_12.jpg?utm_source=en.wikipedia.org&utm_campaign=api&utm_content=thumbnail,British,16,0,1,0,0,6,18,0,5
Jarno Trulli,TOYOTA,Toyota,TOYOTA,2008,Driver,https://upload.wikimedia.org/wikipedia/commons/thumb/3/30/12._Internationale_Sportnacht_Davos_2014_%2815246044859%29_%28cropped%29.jpg/330px-12._Internationale_Sportnacht_Davos_2014_%2815246044859%29_%28cropped%29.jpg?utm_source=en.wikipedia.org&utm_campaign=api&utm_content=thumbnail,Italian,9,0,1,0,0,12,18,0,3
Adrian Sutil,FORCE_INDIA,Force India,FORCE_INDIA,2008,Driver,https://upload.wikimedia.org/wikipedia/commons/thumb/e/e4/Adrian_Sutil.jpg/330px-Adrian_Sutil.jpg?utm_source=en.wikipedia.org&utm_campaign=api&utm_content=thumbnail,German,20,0,0,0,0,0,18,0,11
Mark Webber,RED_BULL,Red Bull,RED_BULL,2008,Driver,https://upload.wikimedia.org/wikipedia/commons/thumb/1/16/Mark_Webber_at_the_Melbourne_Walk_during_the_2026_Australian_Grand_Prix_%28028A8720%29.jpg/330px-Mark_Webber_at_the_Melbourne_Walk_during_the_2026_Australian_Grand_Prix_%28028A8720%29.jpg?utm_source=en.wikipedia.org&utm_campaign=api&utm_content=thumbnail,Australian,11,0,0,0,0,12,18,0,3
Jenson Button,HONDA,Honda,HONDA,2008,Driver,https://upload.wikimedia.org/wikipedia/commons/thumb/0/0c/Jenson_Button_2024_WEC_Fuji.jpg/330px-Jenson_Button_2024_WEC_Fuji.jpg?utm_source=en.wikipedia.org&utm_campaign=api&utm_content=thumbnail,British,18,0,0,0,0,3,18,0,4
Anthony Davidson,SUPER_AGURI,Super Aguri,SUPER_AGURI,2008,Driver,https://upload.wikimedia.org/wikipedia/commons/thumb/7/7f/Anthony_Davidson_Goodwood_Festival_of_Speed_2019_%2848242774922%29.jpg/330px-Anthony_Davidson_Goodwood_Festival_of_Speed_2019_%2848242774922%29.jpg?utm_source=en.wikipedia.org&utm_campaign=api&utm_content=thumbnail,British,22,0,0,0,0,0,4,0,2
Sebastian Vettel,TORO_ROSSO,Toro Rosso,TORO_ROSSO,2008,Driver,https://upload.wikimedia.org/wikipedia/commons/thumb/2/2f/Sebastian_Vettel_2011_Sebastian_Vettel_in_Yokohama.jpg/330px-Sebastian_Vettel_2011_Sebastian_Vettel_in_Yokohama.jpg?utm_source=en.wikipedia.org&utm_campaign=api&utm_content=thumbnail,German,8,1,1,1,0,10,18,0,6
Giancarlo Fisichella,FORCE_INDIA,Force India,FORCE_INDIA,2008,Driver,https://upload.wikimedia.org/wikipedia/commons/thumb/e/e2/Giancarlo_Fisichella_2012_WEC_Fuji.jpg/330px-Giancarlo_Fisichella_2012_WEC_Fuji.jpg?utm_source=en.wikipedia.org&utm_campaign=api&utm_content=thumbnail,Italian,19,0,0,0,0,1,18,0,7
Rubens Barrichello,HONDA,Honda,HONDA,2008,Driver,https://upload.wikimedia.org/wikipedia/commons/thumb/a/ae/Rubinho.jpg/330px-Rubinho.jpg?utm_source=en.wikipedia.org&utm_campaign=api&utm_content=thumbnail,Brazilian,14,0,1,0,0,3,18,0,5
Jenson Button,BRAWN,Brawn,BRAWN,2009,Driver,https://upload.wikimedia.org/wikipedia/commons/thumb/0/0c/Jenson_Button_2024_WEC_Fuji.jpg/330px-Jenson_Button_2024_WEC_Fuji.jpg?utm_source=en.wikipedia.org&utm_campaign=api&utm_content=thumbnail,British,1,6,9,4,2,16,17,1,1
Rubens Barrichello,BRAWN,Brawn,BRAWN,2009,Driver,https://upload.wikimedia.org/wikipedia/commons/thumb/a/ae/Rubinho.jpg/330px-Rubinho.jpg?utm_source=en.wikipedia.org&utm_campaign=api&utm_content=thumbnail,Brazilian,3,2,6,1,2,16,17,0,1
Jarno Trulli,TOYOTA,Toyota,TOYOTA,2009,Driver,https://upload.wikimedia.org/wikipedia/commons/thumb/3/30/12._Internationale_Sportnacht_Davos_2014_%2815246044859%29_%28cropped%29.jpg/330px-12._Internationale_Sportnacht_Davos_2014_%2815246044859%29_%28cropped%29.jpg?utm_source=en.wikipedia.org&utm_campaign=api&utm_content=thumbnail,Italian,8,0,3,1,1,8,17,0,4
Timo Glock,TOYOTA,Toyota,TOYOTA,2009,Driver,https://upload.wikimedia.org/wikipedia/commons/thumb/7/75/2025-04-26_Motorsport%2C_DTM%2C_Oschersleben_STP_2988_%28cropped%29.jpg/330px-2025-04-26_Motorsport%2C_DTM%2C_Oschersleben_STP_2988_%28cropped%29.jpg?utm_source=en.wikipedia.org&utm_campaign=api&utm_content=thumbnail,German,10,0,2,0,1,12,15,0,1
Fernando Alonso,RENAULT,Renault,RENAULT,2009,Driver,https://upload.wikimedia.org/wikipedia/commons/thumb/9/97/Alonso-68_%2824710447098%29.jpg/330px-Alonso-68_%2824710447098%29.jpg?utm_source=en.wikipedia.org&utm_campaign=api&utm_content=thumbnail,Spanish,9,0,1,1,2,11,17,0,3
Nico Rosberg,WILLIAMS,Williams,WILLIAMS,2009,Driver,https://upload.wikimedia.org/wikipedia/commons/thumb/3/31/Nico_Rosberg_2016.jpg/330px-Nico_Rosberg_2016.jpg?utm_source=en.wikipedia.org&utm_campaign=api&utm_content=thumbnail,German,7,0,0,0,1,13,17,0,1
Sébastien Buemi,TORO_ROSSO,Toro Rosso,TORO_ROSSO,2009,Driver,https://upload.wikimedia.org/wikipedia/commons/thumb/0/05/Ryo_Hirakawa%2C_Brendon_Hartley_%26_Sebastien_Buemi_take_the_podium_for_2nd_in_Hypercar_at_the_2023_Le_Mans_%2853468554280%29_%28cropped%29.jpg/330px-Ryo_Hirakawa%2C_Brendon_Hartley_%26_Sebastien_Buemi_take_the_podium_for_2nd_in_Hypercar_at_the_2023_Le_Mans_%2853468554280%29_%28cropped%29.jpg?utm_source=en.wikipedia.org&utm_campaign=api&utm_content=thumbnail,Swiss,16,0,0,0,0,4,17,0,5
Sébastien Bourdais,TORO_ROSSO,Toro Rosso,TORO_ROSSO,2009,Driver,https://upload.wikimedia.org/wikipedia/commons/thumb/4/40/Sebastien_Bourdais_in_2021_%2851221641988%29_%28cropped%29.jpg/330px-Sebastien_Bourdais_in_2021_%2851221641988%29_%28cropped%29.jpg?utm_source=en.wikipedia.org&utm_campaign=api&utm_content=thumbnail,French,19,0,0,0,0,3,9,0,3
Adrian Sutil,FORCE_INDIA,Force India,FORCE_INDIA,2009,Driver,https://upload.wikimedia.org/wikipedia/commons/thumb/e/e4/Adrian_Sutil.jpg/330px-Adrian_Sutil.jpg?utm_source=en.wikipedia.org&utm_campaign=api&utm_content=thumbnail,German,17,0,0,0,1,3,17,0,4
Nick Heidfeld,BMW_SAUBER,BMW Sauber,BMW_SAUBER,2009,Driver,https://upload.wikimedia.org/wikipedia/commons/thumb/2/2c/Nick_Heidfeld_Goodwood_Festival_of_Speed_2019_%2848242681251%29.jpg/330px-Nick_Heidfeld_Goodwood_Festival_of_Speed_2019_%2848242681251%29.jpg?utm_source=en.wikipedia.org&utm_campaign=api&utm_content=thumbnail,German,13,0,1,0,0,8,17,0,2
Giancarlo Fisichella,FORCE_INDIA,Force India,FORCE_INDIA|FERRARI,2009,Driver,https://upload.wikimedia.org/wikipedia/commons/thumb/e/e2/Giancarlo_Fisichella_2012_WEC_Fuji.jpg/330px-Giancarlo_Fisichella_2012_WEC_Fuji.jpg?utm_source=en.wikipedia.org&utm_campaign=api&utm_content=thumbnail,Italian,15,0,1,1,0,4,17,0,1
Mark Webber,RED_BULL,Red Bull,RED_BULL,2009,Driver,https://upload.wikimedia.org/wikipedia/commons/thumb/1/16/Mark_Webber_at_the_Melbourne_Walk_during_the_2026_Australian_Grand_Prix_%28028A8720%29.jpg/330px-Mark_Webber_at_the_Melbourne_Walk_during_the_2026_Australian_Grand_Prix_%28028A8720%29.jpg?utm_source=en.wikipedia.org&utm_campaign=api&utm_content=thumbnail,Australian,4,2,8,1,3,12,17,0,2
Sebastian Vettel,RED_BULL,Red Bull,RED_BULL,2009,Driver,https://upload.wikimedia.org/wikipedia/commons/thumb/2/2f/Sebastian_Vettel_2011_Sebastian_Vettel_in_Yokohama.jpg/330px-Sebastian_Vettel_2011_Sebastian_Vettel_in_Yokohama.jpg?utm_source=en.wikipedia.org&utm_campaign=api&utm_content=thumbnail,German,2,4,8,4,3,12,17,0,3
Robert Kubica,BMW_SAUBER,BMW Sauber,BMW_SAUBER,2009,Driver,https://upload.wikimedia.org/wikipedia/commons/thumb/7/7b/Robert_Kubica_at_Monza_2023.jpg/330px-Robert_Kubica_at_Monza_2023.jpg?utm_source=en.wikipedia.org&utm_campaign=api&utm_content=thumbnail,Polish,14,0,1,0,0,7,17,0,3
Kimi Räikkönen,FERRARI,Ferrari,FERRARI,2009,Driver,https://upload.wikimedia.org/wikipedia/commons/thumb/f/ff/F12019_Schloss_Gabelhofen_%2822%29_%28cropped%29.jpg/330px-F12019_Schloss_Gabelhofen_%2822%29_%28cropped%29.jpg?utm_source=en.wikipedia.org&utm_campaign=api&utm_content=thumbnail,Finnish,6,1,5,0,0,12,17,0,2
Felipe Massa,FERRARI,Ferrari,FERRARI,2009,Driver,https://upload.wikimedia.org/wikipedia/commons/thumb/e/e7/Felipe_Massa.jpg/330px-Felipe_Massa.jpg?utm_source=en.wikipedia.org&utm_campaign=api&utm_content=thumbnail,Brazilian,11,0,1,0,1,6,10,0,3
Nelson Piquet Jr.,RENAULT,Renault,RENAULT,2009,Driver,https://upload.wikimedia.org/wikipedia/commons/thumb/a/a5/Nelson_Piquet_Jr._2021.jpg/330px-Nelson_Piquet_Jr._2021.jpg?utm_source=en.wikipedia.org&utm_campaign=api&utm_content=thumbnail,Brazilian,21,0,0,0,0,1,10,0,2
Kazuki Nakajima,WILLIAMS,Williams,WILLIAMS,2009,Driver,https://upload.wikimedia.org/wikipedia/commons/thumb/b/bc/Kazuki_Nakajima_2012_WEC_Fuji_%28cropped%29.jpg/330px-Kazuki_Nakajima_2012_WEC_Fuji_%28cropped%29.jpg?utm_source=en.wikipedia.org&utm_campaign=api&utm_content=thumbnail,Japanese,20,0,0,0,0,3,17,0,4
Heikki Kovalainen,MCLAREN,McLaren,MCLAREN,2009,Driver,https://upload.wikimedia.org/wikipedia/commons/thumb/2/29/Effect_20190609_091716.jpg/330px-Effect_20190609_091716.jpg?utm_source=en.wikipedia.org&utm_campaign=api&utm_content=thumbnail,Finnish,12,0,0,0,0,8,17,0,5
Lewis Hamilton,MCLAREN,McLaren,MCLAREN,2009,Driver,https://upload.wikimedia.org/wikipedia/commons/thumb/d/d3/Prime_Minister_Keir_Starmer_meets_Sir_Lewis_Hamilton_%2854566928382%29_%28cropped%29.jpg/330px-Prime_Minister_Keir_Starmer_meets_Sir_Lewis_Hamilton_%2854566928382%29_%28cropped%29.jpg?utm_source=en.wikipedia.org&utm_campaign=api&utm_content=thumbnail,British,5,2,5,4,0,9,17,0,3
Jaime Alguersuari,TORO_ROSSO,Toro Rosso,TORO_ROSSO,2009,Driver,https://upload.wikimedia.org/wikipedia/commons/thumb/e/ed/Jaime_Alguersuari.jpg/330px-Jaime_Alguersuari.jpg?utm_source=en.wikipedia.org&utm_campaign=api&utm_content=thumbnail,Spanish,24,0,0,0,0,0,8,0,5
Romain Grosjean,RENAULT,Renault,RENAULT,2009,Driver,https://upload.wikimedia.org/wikipedia/commons/thumb/5/58/Grosjean_at_2024_Chevrolet_Detroit_Grand_Prix.jpg/330px-Grosjean_at_2024_Chevrolet_Detroit_Grand_Prix.jpg?utm_source=en.wikipedia.org&utm_campaign=api&utm_content=thumbnail,French,23,0,0,0,0,0,7,0,2
Luca Badoer,FERRARI,Ferrari,FERRARI,2009,Driver,https://upload.wikimedia.org/wikipedia/commons/thumb/9/98/Luca_Badoer_2021_%28cropped%29.jpg/330px-Luca_Badoer_2021_%28cropped%29.jpg?utm_source=en.wikipedia.org&utm_campaign=api&utm_content=thumbnail,Italian,25,0,0,0,0,0,2,0,0
Vitantonio Liuzzi,FORCE_INDIA,Force India,FORCE_INDIA,2009,Driver,https://upload.wikimedia.org/wikipedia/commons/thumb/0/01/Vitantonio_Liuzzi_2011_Malaysia.jpg/330px-Vitantonio_Liuzzi_2011_Malaysia.jpg?utm_source=en.wikipedia.org&utm_campaign=api&utm_content=thumbnail,Italian,22,0,0,0,0,0,5,0,1
Kamui Kobayashi,TOYOTA,Toyota,TOYOTA,2009,Driver,https://upload.wikimedia.org/wikipedia/commons/thumb/4/4f/Kamui_Kobayashi_2024_WEC_Fuji_2.jpg/330px-Kamui_Kobayashi_2024_WEC_Fuji_2.jpg?utm_source=en.wikipedia.org&utm_campaign=api&utm_content=thumbnail,Japanese,18,0,0,0,0,2,2,0,0
Fernando Alonso,FERRARI,Ferrari,FERRARI,2010,Driver,https://upload.wikimedia.org/wikipedia/commons/thumb/9/97/Alonso-68_%2824710447098%29.jpg/330px-Alonso-68_%2824710447098%29.jpg?utm_source=en.wikipedia.org&utm_campaign=api&utm_content=thumbnail,Spanish,2,5,10,2,5,16,19,0,1
Felipe Massa,FERRARI,Ferrari,FERRARI,2010,Driver,https://upload.wikimedia.org/wikipedia/commons/thumb/e/e7/Felipe_Massa.jpg/330px-Felipe_Massa.jpg?utm_source=en.wikipedia.org&utm_campaign=api&utm_content=thumbnail,Brazilian,6,0,5,0,0,14,19,0,1
Lewis Hamilton,MCLAREN,McLaren,MCLAREN,2010,Driver,https://upload.wikimedia.org/wikipedia/commons/thumb/d/d3/Prime_Minister_Keir_Starmer_meets_Sir_Lewis_Hamilton_%2854566928382%29_%28cropped%29.jpg/330px-Prime_Minister_Keir_Starmer_meets_Sir_Lewis_Hamilton_%2854566928382%29_%28cropped%29.jpg?utm_source=en.wikipedia.org&utm_campaign=api&utm_content=thumbnail,British,4,3,9,1,5,15,19,0,3
Sebastian Vettel,RED_BULL,Red Bull,RED_BULL,2010,Driver,https://upload.wikimedia.org/wikipedia/commons/thumb/2/2f/Sebastian_Vettel_2011_Sebastian_Vettel_in_Yokohama.jpg/330px-Sebastian_Vettel_2011_Sebastian_Vettel_in_Yokohama.jpg?utm_source=en.wikipedia.org&utm_campaign=api&utm_content=thumbnail,German,1,5,10,10,3,15,19,1,3
Nico Rosberg,MERCEDES,Mercedes,MERCEDES,2010,Driver,https://upload.wikimedia.org/wikipedia/commons/thumb/3/31/Nico_Rosberg_2016.jpg/330px-Nico_Rosberg_2016.jpg?utm_source=en.wikipedia.org&utm_campaign=api&utm_content=thumbnail,German,7,0,3,0,0,15,19,0,3
Michael Schumacher,MERCEDES,Mercedes,MERCEDES,2010,Driver,https://upload.wikimedia.org/wikipedia/commons/thumb/c/c2/Michael_Schumacher%2C_September_2005.jpg/330px-Michael_Schumacher%2C_September_2005.jpg?utm_source=en.wikipedia.org&utm_campaign=api&utm_content=thumbnail,German,9,0,0,0,0,12,19,0,2
Jenson Button,MCLAREN,McLaren,MCLAREN,2010,Driver,https://upload.wikimedia.org/wikipedia/commons/thumb/0/0c/Jenson_Button_2024_WEC_Fuji.jpg/330px-Jenson_Button_2024_WEC_Fuji.jpg?utm_source=en.wikipedia.org&utm_campaign=api&utm_content=thumbnail,British,5,2,7,0,1,16,19,0,2
Mark Webber,RED_BULL,Red Bull,RED_BULL,2010,Driver,https://upload.wikimedia.org/wikipedia/commons/thumb/1/16/Mark_Webber_at_the_Melbourne_Walk_during_the_2026_Australian_Grand_Prix_%28028A8720%29.jpg/330px-Mark_Webber_at_the_Melbourne_Walk_during_the_2026_Australian_Grand_Prix_%28028A8720%29.jpg?utm_source=en.wikipedia.org&utm_campaign=api&utm_content=thumbnail,Australian,3,4,10,5,3,17,19,0,2
Vitantonio Liuzzi,FORCE_INDIA,Force India,FORCE_INDIA,2010,Driver,https://upload.wikimedia.org/wikipedia/commons/thumb/0/01/Vitantonio_Liuzzi_2011_Malaysia.jpg/330px-Vitantonio_Liuzzi_2011_Malaysia.jpg?utm_source=en.wikipedia.org&utm_campaign=api&utm_content=thumbnail,Italian,15,0,0,0,0,6,19,0,6
Rubens Barrichello,WILLIAMS,Williams,WILLIAMS,2010,Driver,https://upload.wikimedia.org/wikipedia/commons/thumb/a/ae/Rubinho.jpg/330px-Rubinho.jpg?utm_source=en.wikipedia.org&utm_campaign=api&utm_content=thumbnail,Brazilian,10,0,0,0,0,10,19,0,2
Robert Kubica,RENAULT,Renault,RENAULT,2010,Driver,https://upload.wikimedia.org/wikipedia/commons/thumb/7/7b/Robert_Kubica_at_Monza_2023.jpg/330px-Robert_Kubica_at_Monza_2023.jpg?utm_source=en.wikipedia.org&utm_campaign=api&utm_content=thumbnail,Polish,8,0,3,0,1,15,19,0,3
Adrian Sutil,FORCE_INDIA,Force India,FORCE_INDIA,2010,Driver,https://upload.wikimedia.org/wikipedia/commons/thumb/e/e4/Adrian_Sutil.jpg/330px-Adrian_Sutil.jpg?utm_source=en.wikipedia.org&utm_campaign=api&utm_content=thumbnail,German,11,0,0,0,0,9,19,0,4
Jaime Alguersuari,TORO_ROSSO,Toro Rosso,TORO_ROSSO,2010,Driver,https://upload.wikimedia.org/wikipedia/commons/thumb/e/ed/Jaime_Alguersuari.jpg/330px-Jaime_Alguersuari.jpg?utm_source=en.wikipedia.org&utm_campaign=api&utm_content=thumbnail,Spanish,19,0,0,0,0,3,19,0,2
Nico Hülkenberg,WILLIAMS,Williams,WILLIAMS,2010,Driver,https://upload.wikimedia.org/wikipedia/commons/thumb/d/de/2019_Formula_One_tests_Barcelona%2C_Hulkenberg_%2840287128313%29.jpg/330px-2019_Formula_One_tests_Barcelona%2C_Hulkenberg_%2840287128313%29.jpg?utm_source=en.wikipedia.org&utm_campaign=api&utm_content=thumbnail,German,14,0,0,1,0,7,19,0,4
Heikki Kovalainen,LOTUS_RACING,Lotus,LOTUS_RACING,2010,Driver,https://upload.wikimedia.org/wikipedia/commons/thumb/2/29/Effect_20190609_091716.jpg/330px-Effect_20190609_091716.jpg?utm_source=en.wikipedia.org&utm_campaign=api&utm_content=thumbnail,Finnish,20,0,0,0,0,0,19,0,6
Sébastien Buemi,TORO_ROSSO,Toro Rosso,TORO_ROSSO,2010,Driver,https://upload.wikimedia.org/wikipedia/commons/thumb/0/05/Ryo_Hirakawa%2C_Brendon_Hartley_%26_Sebastien_Buemi_take_the_podium_for_2nd_in_Hypercar_at_the_2023_Le_Mans_%2853468554280%29_%28cropped%29.jpg/330px-Ryo_Hirakawa%2C_Brendon_Hartley_%26_Sebastien_Buemi_take_the_podium_for_2nd_in_Hypercar_at_the_2023_Le_Mans_%2853468554280%29_%28cropped%29.jpg?utm_source=en.wikipedia.org&utm_campaign=api&utm_content=thumbnail,Swiss,16,0,0,0,0,4,19,0,5
Jarno Trulli,LOTUS_RACING,Lotus,LOTUS_RACING,2010,Driver,https://upload.wikimedia.org/wikipedia/commons/thumb/3/30/12._Internationale_Sportnacht_Davos_2014_%2815246044859%29_%28cropped%29.jpg/330px-12._Internationale_Sportnacht_Davos_2014_%2815246044859%29_%28cropped%29.jpg?utm_source=en.wikipedia.org&utm_campaign=api&utm_content=thumbnail,Italian,21,0,0,0,0,0,19,0,8
Pedro de la Rosa,SAUBER,Sauber,SAUBER,2010,Driver,https://upload.wikimedia.org/wikipedia/commons/thumb/f/fe/Pedro_de_la_Rosa_2010_Malaysia.jpg/330px-Pedro_de_la_Rosa_2010_Malaysia.jpg?utm_source=en.wikipedia.org&utm_campaign=api&utm_content=thumbnail,Spanish,17,0,0,0,0,1,14,0,7
Bruno Senna,HRT,HRT,HRT,2010,Driver,https://upload.wikimedia.org/wikipedia/commons/thumb/9/9c/Senna_by_United_Autosports_team_04.jpg/330px-Senna_by_United_Autosports_team_04.jpg?utm_source=en.wikipedia.org&utm_campaign=api&utm_content=thumbnail,Brazilian,23,0,0,0,0,0,18,0,9
Timo Glock,VIRGIN,Virgin,VIRGIN,2010,Driver,https://upload.wikimedia.org/wikipedia/commons/thumb/7/75/2025-04-26_Motorsport%2C_DTM%2C_Oschersleben_STP_2988_%28cropped%29.jpg/330px-2025-04-26_Motorsport%2C_DTM%2C_Oschersleben_STP_2988_%28cropped%29.jpg?utm_source=en.wikipedia.org&utm_campaign=api&utm_content=thumbnail,German,25,0,0,0,0,0,19,0,9
Vitaly Petrov,RENAULT,Renault,RENAULT,2010,Driver,https://upload.wikimedia.org/wikipedia/commons/thumb/0/00/Vitaly_Petrov_2010_Malaysia_%28cropped%29.jpg/330px-Vitaly_Petrov_2010_Malaysia_%28cropped%29.jpg?utm_source=en.wikipedia.org&utm_campaign=api&utm_content=thumbnail,Russian,13,0,0,0,1,5,19,0,5
Kamui Kobayashi,SAUBER,Sauber,SAUBER,2010,Driver,https://upload.wikimedia.org/wikipedia/commons/thumb/4/4f/Kamui_Kobayashi_2024_WEC_Fuji_2.jpg/330px-Kamui_Kobayashi_2024_WEC_Fuji_2.jpg?utm_source=en.wikipedia.org&utm_campaign=api&utm_content=thumbnail,Japanese,12,0,0,0,0,8,19,0,8
Lucas di Grassi,VIRGIN,Virgin,VIRGIN,2010,Driver,https://upload.wikimedia.org/wikipedia/commons/thumb/e/e0/2023-04-23_Motorsport%2C_ABB_FIA_Formula_E_World_Championship%2C_Berlin_E-Prix_2023_1DX_1765_by_Stepro.jpg/330px-2023-04-23_Motorsport%2C_ABB_FIA_Formula_E_World_Championship%2C_Berlin_E-Prix_2023_1DX_1765_by_Stepro.jpg?utm_source=en.wikipedia.org&utm_campaign=api&utm_content=thumbnail,Brazilian,24,0,0,0,0,0,19,0,9
Karun Chandhok,HRT,HRT,HRT,2010,Driver,https://upload.wikimedia.org/wikipedia/commons/thumb/3/32/Karun_Chandhok_Goodwood_Festival_of_Speed_2019_%2848242680701%29.jpg/330px-Karun_Chandhok_Goodwood_Festival_of_Speed_2019_%2848242680701%29.jpg?utm_source=en.wikipedia.org&utm_campaign=api&utm_content=thumbnail,Indian,22,0,0,0,0,0,10,0,2
Sakon Yamamoto,HRT,HRT,HRT,2010,Driver,https://upload.wikimedia.org/wikipedia/commons/6/69/Sakon_Yamamoto_20220818.jpg?utm_source=en.wikipedia.org&utm_campaign=api&utm_content=thumbnail_unscaled,Japanese,26,0,0,0,0,0,7,0,1
Nick Heidfeld,SAUBER,Sauber,SAUBER,2010,Driver,https://upload.wikimedia.org/wikipedia/commons/thumb/2/2c/Nick_Heidfeld_Goodwood_Festival_of_Speed_2019_%2848242681251%29.jpg/330px-Nick_Heidfeld_Goodwood_Festival_of_Speed_2019_%2848242681251%29.jpg?utm_source=en.wikipedia.org&utm_campaign=api&utm_content=thumbnail,German,18,0,0,0,0,2,5,0,1
Christian Klien,HRT,HRT,HRT,2010,Driver,https://upload.wikimedia.org/wikipedia/commons/thumb/3/37/Christian_Klien_2.jpg/330px-Christian_Klien_2.jpg?utm_source=en.wikipedia.org&utm_campaign=api&utm_content=thumbnail,Austrian,27,0,0,0,0,0,3,0,1
Sebastian Vettel,RED_BULL,Red Bull,RED_BULL,2011,Driver,https://upload.wikimedia.org/wikipedia/commons/thumb/2/2f/Sebastian_Vettel_2011_Sebastian_Vettel_in_Yokohama.jpg/330px-Sebastian_Vettel_2011_Sebastian_Vettel_in_Yokohama.jpg?utm_source=en.wikipedia.org&utm_campaign=api&utm_content=thumbnail,German,1,11,17,15,3,18,19,1,1
Lewis Hamilton,MCLAREN,McLaren,MCLAREN,2011,Driver,https://upload.wikimedia.org/wikipedia/commons/thumb/d/d3/Prime_Minister_Keir_Starmer_meets_Sir_Lewis_Hamilton_%2854566928382%29_%28cropped%29.jpg/330px-Prime_Minister_Keir_Starmer_meets_Sir_Lewis_Hamilton_%2854566928382%29_%28cropped%29.jpg?utm_source=en.wikipedia.org&utm_campaign=api&utm_content=thumbnail,British,5,3,6,1,3,16,19,0,3
Vitaly Petrov,RENAULT,Renault,RENAULT,2011,Driver,https://upload.wikimedia.org/wikipedia/commons/thumb/0/00/Vitaly_Petrov_2010_Malaysia_%28cropped%29.jpg/330px-Vitaly_Petrov_2010_Malaysia_%28cropped%29.jpg?utm_source=en.wikipedia.org&utm_campaign=api&utm_content=thumbnail,Russian,10,0,1,0,0,8,19,0,3
Fernando Alonso,FERRARI,Ferrari,FERRARI,2011,Driver,https://upload.wikimedia.org/wikipedia/commons/thumb/9/97/Alonso-68_%2824710447098%29.jpg/330px-Alonso-68_%2824710447098%29.jpg?utm_source=en.wikipedia.org&utm_campaign=api&utm_content=thumbnail,Spanish,4,1,10,0,1,18,19,0,1
Mark Webber,RED_BULL,Red Bull,RED_BULL,2011,Driver,https://upload.wikimedia.org/wikipedia/commons/thumb/1/16/Mark_Webber_at_the_Melbourne_Walk_during_the_2026_Australian_Grand_Prix_%28028A8720%29.jpg/330px-Mark_Webber_at_the_Melbourne_Walk_during_the_2026_Australian_Grand_Prix_%28028A8720%29.jpg?utm_source=en.wikipedia.org&utm_campaign=api&utm_content=thumbnail,Australian,3,1,10,3,7,18,19,0,1
Jenson Button,MCLAREN,McLaren,MCLAREN,2011,Driver,https://upload.wikimedia.org/wikipedia/commons/thumb/0/0c/Jenson_Button_2024_WEC_Fuji.jpg/330px-Jenson_Button_2024_WEC_Fuji.jpg?utm_source=en.wikipedia.org&utm_campaign=api&utm_content=thumbnail,British,2,3,12,0,3,17,19,0,2
Felipe Massa,FERRARI,Ferrari,FERRARI,2011,Driver,https://upload.wikimedia.org/wikipedia/commons/thumb/e/e7/Felipe_Massa.jpg/330px-Felipe_Massa.jpg?utm_source=en.wikipedia.org&utm_campaign=api&utm_content=thumbnail,Brazilian,6,0,0,0,2,15,19,0,3
Sébastien Buemi,TORO_ROSSO,Toro Rosso,TORO_ROSSO,2011,Driver,https://upload.wikimedia.org/wikipedia/commons/thumb/0/05/Ryo_Hirakawa%2C_Brendon_Hartley_%26_Sebastien_Buemi_take_the_podium_for_2nd_in_Hypercar_at_the_2023_Le_Mans_%2853468554280%29_%28cropped%29.jpg/330px-Ryo_Hirakawa%2C_Brendon_Hartley_%26_Sebastien_Buemi_take_the_podium_for_2nd_in_Hypercar_at_the_2023_Le_Mans_%2853468554280%29_%28cropped%29.jpg?utm_source=en.wikipedia.org&utm_campaign=api&utm_content=thumbnail,Swiss,15,0,0,0,0,7,19,0,5
Adrian Sutil,FORCE_INDIA,Force India,FORCE_INDIA,2011,Driver,https://upload.wikimedia.org/wikipedia/commons/thumb/e/e4/Adrian_Sutil.jpg/330px-Adrian_Sutil.jpg?utm_source=en.wikipedia.org&utm_campaign=api&utm_content=thumbnail,German,9,0,0,0,0,9,19,0,2
Paul di Resta,FORCE_INDIA,Force India,FORCE_INDIA,2011,Driver,https://upload.wikimedia.org/wikipedia/commons/thumb/e/e8/Paul_di_Resta_2022_%28cropped%29.jpg/330px-Paul_di_Resta_2022_%28cropped%29.jpg?utm_source=en.wikipedia.org&utm_campaign=api&utm_content=thumbnail,British,13,0,0,0,0,8,19,0,1
Jaime Alguersuari,TORO_ROSSO,Toro Rosso,TORO_ROSSO,2011,Driver,https://upload.wikimedia.org/wikipedia/commons/thumb/e/ed/Jaime_Alguersuari.jpg/330px-Jaime_Alguersuari.jpg?utm_source=en.wikipedia.org&utm_campaign=api&utm_content=thumbnail,Spanish,14,0,0,0,0,7,19,0,3
Nick Heidfeld,RENAULT,Renault,RENAULT,2011,Driver,https://upload.wikimedia.org/wikipedia/commons/thumb/2/2c/Nick_Heidfeld_Goodwood_Festival_of_Speed_2019_%2848242681251%29.jpg/330px-Nick_Heidfeld_Goodwood_Festival_of_Speed_2019_%2848242681251%29.jpg?utm_source=en.wikipedia.org&utm_campaign=api&utm_content=thumbnail,German,11,0,1,0,0,6,11,0,3
Jarno Trulli,LOTUS_RACING,Lotus,LOTUS_RACING,2011,Driver,https://upload.wikimedia.org/wikipedia/commons/thumb/3/30/12._Internationale_Sportnacht_Davos_2014_%2815246044859%29_%28cropped%29.jpg/330px-12._Internationale_Sportnacht_Davos_2014_%2815246044859%29_%28cropped%29.jpg?utm_source=en.wikipedia.org&utm_campaign=api&utm_content=thumbnail,Italian,21,0,0,0,0,0,18,0,4
Jérôme d'Ambrosio,VIRGIN,Virgin,VIRGIN,2011,Driver,https://upload.wikimedia.org/wikipedia/commons/thumb/4/41/DAmbrosioBerlin_%28cropped%29.jpg/330px-DAmbrosioBerlin_%28cropped%29.jpg?utm_source=en.wikipedia.org&utm_campaign=api&utm_content=thumbnail,Belgian,24,0,0,0,0,0,19,0,3
Timo Glock,VIRGIN,Virgin,VIRGIN,2011,Driver,https://upload.wikimedia.org/wikipedia/commons/thumb/7/75/2025-04-26_Motorsport%2C_DTM%2C_Oschersleben_STP_2988_%28cropped%29.jpg/330px-2025-04-26_Motorsport%2C_DTM%2C_Oschersleben_STP_2988_%28cropped%29.jpg?utm_source=en.wikipedia.org&utm_campaign=api&utm_content=thumbnail,German,25,0,0,0,0,0,19,0,6
Rubens Barrichello,WILLIAMS,Williams,WILLIAMS,2011,Driver,https://upload.wikimedia.org/wikipedia/commons/thumb/a/ae/Rubinho.jpg/330px-Rubinho.jpg?utm_source=en.wikipedia.org&utm_campaign=api&utm_content=thumbnail,Brazilian,17,0,0,0,0,2,19,0,3
Nico Rosberg,MERCEDES,Mercedes,MERCEDES,2011,Driver,https://upload.wikimedia.org/wikipedia/commons/thumb/3/31/Nico_Rosberg_2016.jpg/330px-Nico_Rosberg_2016.jpg?utm_source=en.wikipedia.org&utm_campaign=api&utm_content=thumbnail,German,7,0,0,0,0,14,19,0,2
Heikki Kovalainen,LOTUS_RACING,Lotus,LOTUS_RACING,2011,Driver,https://upload.wikimedia.org/wikipedia/commons/thumb/2/29/Effect_20190609_091716.jpg/330px-Effect_20190609_091716.jpg?utm_source=en.wikipedia.org&utm_campaign=api&utm_content=thumbnail,Finnish,22,0,0,0,0,0,19,0,5
Michael Schumacher,MERCEDES,Mercedes,MERCEDES,2011,Driver,https://upload.wikimedia.org/wikipedia/commons/thumb/c/c2/Michael_Schumacher%2C_September_2005.jpg/330px-Michael_Schumacher%2C_September_2005.jpg?utm_source=en.wikipedia.org&utm_campaign=api&utm_content=thumbnail,German,8,0,0,0,0,11,19,0,5
Pastor Maldonado,WILLIAMS,Williams,WILLIAMS,2011,Driver,https://upload.wikimedia.org/wikipedia/commons/thumb/0/00/Pastor_Maldonado_2015_Malaysia.jpg/330px-Pastor_Maldonado_2015_Malaysia.jpg?utm_source=en.wikipedia.org&utm_campaign=api&utm_content=thumbnail,Venezuelan,19,0,0,0,0,1,19,0,6
Kamui Kobayashi,SAUBER,Sauber,SAUBER,2011,Driver,https://upload.wikimedia.org/wikipedia/commons/thumb/4/4f/Kamui_Kobayashi_2024_WEC_Fuji_2.jpg/330px-Kamui_Kobayashi_2024_WEC_Fuji_2.jpg?utm_source=en.wikipedia.org&utm_campaign=api&utm_content=thumbnail,Japanese,12,0,0,0,0,9,19,0,4
Sergio Pérez,SAUBER,Sauber,SAUBER,2011,Driver,https://upload.wikimedia.org/wikipedia/commons/thumb/7/7a/Sergio_P%C3%A9rez_2019_%28cropped%29.jpg/330px-Sergio_P%C3%A9rez_2019_%28cropped%29.jpg?utm_source=en.wikipedia.org&utm_campaign=api&utm_content=thumbnail,Mexican,16,0,0,0,0,5,18,0,5
Vitantonio Liuzzi,HRT,HRT,HRT,2011,Driver,https://upload.wikimedia.org/wikipedia/commons/thumb/0/01/Vitantonio_Liuzzi_2011_Malaysia.jpg/330px-Vitantonio_Liuzzi_2011_Malaysia.jpg?utm_source=en.wikipedia.org&utm_campaign=api&utm_content=thumbnail,Italian,23,0,0,0,0,0,17,0,5
Narain Karthikeyan,HRT,HRT,HRT,2011,Driver,https://upload.wikimedia.org/wikipedia/commons/thumb/a/a6/Narain_Karthikeyan_2011_Malaysia2.jpg/330px-Narain_Karthikeyan_2011_Malaysia2.jpg?utm_source=en.wikipedia.org&utm_campaign=api&utm_content=thumbnail,Indian,26,0,0,0,0,0,8,0,1
Pedro de la Rosa,SAUBER,Sauber,SAUBER,2011,Driver,https://upload.wikimedia.org/wikipedia/commons/thumb/f/fe/Pedro_de_la_Rosa_2010_Malaysia.jpg/330px-Pedro_de_la_Rosa_2010_Malaysia.jpg?utm_source=en.wikipedia.org&utm_campaign=api&utm_content=thumbnail,Spanish,20,0,0,0,0,0,1,0,0
Daniel Ricciardo,HRT,HRT,HRT,2011,Driver,https://upload.wikimedia.org/wikipedia/commons/thumb/c/c0/Daniel_Ricciardo_January_2024.jpg/330px-Daniel_Ricciardo_January_2024.jpg?utm_source=en.wikipedia.org&utm_campaign=api&utm_content=thumbnail,Australian,27,0,0,0,0,0,11,0,3
Karun Chandhok,LOTUS_RACING,Lotus,LOTUS_RACING,2011,Driver,https://upload.wikimedia.org/wikipedia/commons/thumb/3/32/Karun_Chandhok_Goodwood_Festival_of_Speed_2019_%2848242680701%29.jpg/330px-Karun_Chandhok_Goodwood_Festival_of_Speed_2019_%2848242680701%29.jpg?utm_source=en.wikipedia.org&utm_campaign=api&utm_content=thumbnail,Indian,28,0,0,0,0,0,1,0,0
Bruno Senna,RENAULT,Renault,RENAULT,2011,Driver,https://upload.wikimedia.org/wikipedia/commons/thumb/9/9c/Senna_by_United_Autosports_team_04.jpg/330px-Senna_by_United_Autosports_team_04.jpg?utm_source=en.wikipedia.org&utm_campaign=api&utm_content=thumbnail,Brazilian,18,0,0,0,0,1,8,0,0
Jenson Button,MCLAREN,McLaren,MCLAREN,2012,Driver,https://upload.wikimedia.org/wikipedia/commons/thumb/0/0c/Jenson_Button_2024_WEC_Fuji.jpg/330px-Jenson_Button_2024_WEC_Fuji.jpg?utm_source=en.wikipedia.org&utm_campaign=api&utm_content=thumbnail,British,5,3,6,1,2,14,20,0,2
Sebastian Vettel,RED_BULL,Red Bull,RED_BULL,2012,Driver,https://upload.wikimedia.org/wikipedia/commons/thumb/2/2f/Sebastian_Vettel_2011_Sebastian_Vettel_in_Yokohama.jpg/330px-Sebastian_Vettel_2011_Sebastian_Vettel_in_Yokohama.jpg?utm_source=en.wikipedia.org&utm_campaign=api&utm_content=thumbnail,German,1,5,10,6,6,17,20,1,1
Lewis Hamilton,MCLAREN,McLaren,MCLAREN,2012,Driver,https://upload.wikimedia.org/wikipedia/commons/thumb/d/d3/Prime_Minister_Keir_Starmer_meets_Sir_Lewis_Hamilton_%2854566928382%29_%28cropped%29.jpg/330px-Prime_Minister_Keir_Starmer_meets_Sir_Lewis_Hamilton_%2854566928382%29_%28cropped%29.jpg?utm_source=en.wikipedia.org&utm_campaign=api&utm_content=thumbnail,British,4,4,7,7,1,14,20,0,5
Mark Webber,RED_BULL,Red Bull,RED_BULL,2012,Driver,https://upload.wikimedia.org/wikipedia/commons/thumb/1/16/Mark_Webber_at_the_Melbourne_Walk_during_the_2026_Australian_Grand_Prix_%28028A8720%29.jpg/330px-Mark_Webber_at_the_Melbourne_Walk_during_the_2026_Australian_Grand_Prix_%28028A8720%29.jpg?utm_source=en.wikipedia.org&utm_campaign=api&utm_content=thumbnail,Australian,6,2,4,2,1,15,20,0,2
Fernando Alonso,FERRARI,Ferrari,FERRARI,2012,Driver,https://upload.wikimedia.org/wikipedia/commons/thumb/9/97/Alonso-68_%2824710447098%29.jpg/330px-Alonso-68_%2824710447098%29.jpg?utm_source=en.wikipedia.org&utm_campaign=api&utm_content=thumbnail,Spanish,2,3,13,2,0,18,20,0,2
Kamui Kobayashi,SAUBER,Sauber,SAUBER,2012,Driver,https://upload.wikimedia.org/wikipedia/commons/thumb/4/4f/Kamui_Kobayashi_2024_WEC_Fuji_2.jpg/330px-Kamui_Kobayashi_2024_WEC_Fuji_2.jpg?utm_source=en.wikipedia.org&utm_campaign=api&utm_content=thumbnail,Japanese,12,0,1,0,1,9,20,0,4
Kimi Räikkönen,LOTUS_F1,Lotus F1,LOTUS_F1,2012,Driver,https://upload.wikimedia.org/wikipedia/commons/thumb/f/ff/F12019_Schloss_Gabelhofen_%2822%29_%28cropped%29.jpg/330px-F12019_Schloss_Gabelhofen_%2822%29_%28cropped%29.jpg?utm_source=en.wikipedia.org&utm_campaign=api&utm_content=thumbnail,Finnish,3,1,7,0,2,19,20,0,0
Sergio Pérez,SAUBER,Sauber,SAUBER,2012,Driver,https://upload.wikimedia.org/wikipedia/commons/thumb/7/7a/Sergio_P%C3%A9rez_2019_%28cropped%29.jpg/330px-Sergio_P%C3%A9rez_2019_%28cropped%29.jpg?utm_source=en.wikipedia.org&utm_campaign=api&utm_content=thumbnail,Mexican,10,0,3,0,1,7,20,0,6
Daniel Ricciardo,TORO_ROSSO,Toro Rosso,TORO_ROSSO,2012,Driver,https://upload.wikimedia.org/wikipedia/commons/thumb/c/c0/Daniel_Ricciardo_January_2024.jpg/330px-Daniel_Ricciardo_January_2024.jpg?utm_source=en.wikipedia.org&utm_campaign=api&utm_content=thumbnail,Australian,18,0,0,0,0,6,20,0,1
Paul di Resta,FORCE_INDIA,Force India,FORCE_INDIA,2012,Driver,https://upload.wikimedia.org/wikipedia/commons/thumb/e/e8/Paul_di_Resta_2022_%28cropped%29.jpg/330px-Paul_di_Resta_2022_%28cropped%29.jpg?utm_source=en.wikipedia.org&utm_campaign=api&utm_content=thumbnail,British,14,0,0,0,0,9,20,0,1
Jean-Éric Vergne,TORO_ROSSO,Toro Rosso,TORO_ROSSO,2012,Driver,https://upload.wikimedia.org/wikipedia/commons/thumb/7/70/Jean-Eric_Vergne_2024_WEC_Fuji.jpg/330px-Jean-Eric_Vergne_2024_WEC_Fuji.jpg?utm_source=en.wikipedia.org&utm_campaign=api&utm_content=thumbnail,French,17,0,0,0,0,4,20,0,4
Nico Rosberg,MERCEDES,Mercedes,MERCEDES,2012,Driver,https://upload.wikimedia.org/wikipedia/commons/thumb/3/31/Nico_Rosberg_2016.jpg/330px-Nico_Rosberg_2016.jpg?utm_source=en.wikipedia.org&utm_campaign=api&utm_content=thumbnail,German,9,1,2,1,2,10,20,0,3
Pastor Maldonado,WILLIAMS,Williams,WILLIAMS,2012,Driver,https://upload.wikimedia.org/wikipedia/commons/thumb/0/00/Pastor_Maldonado_2015_Malaysia.jpg/330px-Pastor_Maldonado_2015_Malaysia.jpg?utm_source=en.wikipedia.org&utm_campaign=api&utm_content=thumbnail,Venezuelan,15,1,1,1,0,5,20,0,5
Timo Glock,MARUSSIA,Marussia,MARUSSIA,2012,Driver,https://upload.wikimedia.org/wikipedia/commons/thumb/7/75/2025-04-26_Motorsport%2C_DTM%2C_Oschersleben_STP_2988_%28cropped%29.jpg/330px-2025-04-26_Motorsport%2C_DTM%2C_Oschersleben_STP_2988_%28cropped%29.jpg?utm_source=en.wikipedia.org&utm_campaign=api&utm_content=thumbnail,German,20,0,0,0,0,0,20,0,1
Charles Pic,MARUSSIA,Marussia,MARUSSIA,2012,Driver,https://upload.wikimedia.org/wikipedia/commons/thumb/e/ef/Charles_Pic_Moscow_2013.jpg/330px-Charles_Pic_Moscow_2013.jpg?utm_source=en.wikipedia.org&utm_campaign=api&utm_content=thumbnail,French,21,0,0,0,0,0,20,0,5
Bruno Senna,WILLIAMS,Williams,WILLIAMS,2012,Driver,https://upload.wikimedia.org/wikipedia/commons/thumb/9/9c/Senna_by_United_Autosports_team_04.jpg/330px-Senna_by_United_Autosports_team_04.jpg?utm_source=en.wikipedia.org&utm_campaign=api&utm_content=thumbnail,Brazilian,16,0,0,0,1,10,20,0,2
Felipe Massa,FERRARI,Ferrari,FERRARI,2012,Driver,https://upload.wikimedia.org/wikipedia/commons/thumb/e/e7/Felipe_Massa.jpg/330px-Felipe_Massa.jpg?utm_source=en.wikipedia.org&utm_campaign=api&utm_content=thumbnail,Brazilian,7,0,2,0,0,14,20,0,1
Heikki Kovalainen,CATERHAM,Caterham,CATERHAM,2012,Driver,https://upload.wikimedia.org/wikipedia/commons/thumb/2/29/Effect_20190609_091716.jpg/330px-Effect_20190609_091716.jpg?utm_source=en.wikipedia.org&utm_campaign=api&utm_content=thumbnail,Finnish,22,0,0,0,0,0,20,0,1
Vitaly Petrov,CATERHAM,Caterham,CATERHAM,2012,Driver,https://upload.wikimedia.org/wikipedia/commons/thumb/0/00/Vitaly_Petrov_2010_Malaysia_%28cropped%29.jpg/330px-Vitaly_Petrov_2010_Malaysia_%28cropped%29.jpg?utm_source=en.wikipedia.org&utm_campaign=api&utm_content=thumbnail,Russian,19,0,0,0,0,0,20,0,3
Michael Schumacher,MERCEDES,Mercedes,MERCEDES,2012,Driver,https://upload.wikimedia.org/wikipedia/commons/thumb/c/c2/Michael_Schumacher%2C_September_2005.jpg/330px-Michael_Schumacher%2C_September_2005.jpg?utm_source=en.wikipedia.org&utm_campaign=api&utm_content=thumbnail,German,13,0,1,0,1,8,20,0,7
Romain Grosjean,LOTUS_F1,Lotus F1,LOTUS_F1,2012,Driver,https://upload.wikimedia.org/wikipedia/commons/thumb/5/58/Grosjean_at_2024_Chevrolet_Detroit_Grand_Prix.jpg/330px-Grosjean_at_2024_Chevrolet_Detroit_Grand_Prix.jpg?utm_source=en.wikipedia.org&utm_campaign=api&utm_content=thumbnail,French,8,0,3,0,1,10,19,0,7
Nico Hülkenberg,FORCE_INDIA,Force India,FORCE_INDIA,2012,Driver,https://upload.wikimedia.org/wikipedia/commons/thumb/d/de/2019_Formula_One_tests_Barcelona%2C_Hulkenberg_%2840287128313%29.jpg/330px-2019_Formula_One_tests_Barcelona%2C_Hulkenberg_%2840287128313%29.jpg?utm_source=en.wikipedia.org&utm_campaign=api&utm_content=thumbnail,German,11,0,0,0,1,11,20,0,2
Narain Karthikeyan,HRT,HRT,HRT,2012,Driver,https://upload.wikimedia.org/wikipedia/commons/thumb/a/a6/Narain_Karthikeyan_2011_Malaysia2.jpg/330px-Narain_Karthikeyan_2011_Malaysia2.jpg?utm_source=en.wikipedia.org&utm_campaign=api&utm_content=thumbnail,Indian,24,0,0,0,0,0,19,0,7
Pedro de la Rosa,HRT,HRT,HRT,2012,Driver,https://upload.wikimedia.org/wikipedia/commons/thumb/f/fe/Pedro_de_la_Rosa_2010_Malaysia.jpg/330px-Pedro_de_la_Rosa_2010_Malaysia.jpg?utm_source=en.wikipedia.org&utm_campaign=api&utm_content=thumbnail,Spanish,25,0,0,0,0,0,19,0,4
Jérôme d'Ambrosio,LOTUS_F1,Lotus F1,LOTUS_F1,2012,Driver,https://upload.wikimedia.org/wikipedia/commons/thumb/4/41/DAmbrosioBerlin_%28cropped%29.jpg/330px-DAmbrosioBerlin_%28cropped%29.jpg?utm_source=en.wikipedia.org&utm_campaign=api&utm_content=thumbnail,Belgian,23,0,0,0,0,0,1,0,0
Kimi Räikkönen,LOTUS_F1,Lotus F1,LOTUS_F1,2013,Driver,https://upload.wikimedia.org/wikipedia/commons/thumb/f/ff/F12019_Schloss_Gabelhofen_%2822%29_%28cropped%29.jpg/330px-F12019_Schloss_Gabelhofen_%2822%29_%28cropped%29.jpg?utm_source=en.wikipedia.org&utm_campaign=api&utm_content=thumbnail,Finnish,5,1,8,0,2,14,17,0,2
Fernando Alonso,FERRARI,Ferrari,FERRARI,2013,Driver,https://upload.wikimedia.org/wikipedia/commons/thumb/9/97/Alonso-68_%2824710447098%29.jpg/330px-Alonso-68_%2824710447098%29.jpg?utm_source=en.wikipedia.org&utm_campaign=api&utm_content=thumbnail,Spanish,2,2,9,0,2,17,19,0,1
Sebastian Vettel,RED_BULL,Red Bull,RED_BULL,2013,Driver,https://upload.wikimedia.org/wikipedia/commons/thumb/2/2f/Sebastian_Vettel_2011_Sebastian_Vettel_in_Yokohama.jpg/330px-Sebastian_Vettel_2011_Sebastian_Vettel_in_Yokohama.jpg?utm_source=en.wikipedia.org&utm_campaign=api&utm_content=thumbnail,German,1,13,16,9,7,18,19,1,1
Felipe Massa,FERRARI,Ferrari,FERRARI,2013,Driver,https://upload.wikimedia.org/wikipedia/commons/thumb/e/e7/Felipe_Massa.jpg/330px-Felipe_Massa.jpg?utm_source=en.wikipedia.org&utm_campaign=api&utm_content=thumbnail,Brazilian,8,0,1,0,0,15,19,0,2
Lewis Hamilton,MERCEDES,Mercedes,MERCEDES,2013,Driver,https://upload.wikimedia.org/wikipedia/commons/thumb/d/d3/Prime_Minister_Keir_Starmer_meets_Sir_Lewis_Hamilton_%2854566928382%29_%28cropped%29.jpg/330px-Prime_Minister_Keir_Starmer_meets_Sir_Lewis_Hamilton_%2854566928382%29_%28cropped%29.jpg?utm_source=en.wikipedia.org&utm_campaign=api&utm_content=thumbnail,British,4,1,5,5,1,17,19,0,1
Mark Webber,RED_BULL,Red Bull,RED_BULL,2013,Driver,https://upload.wikimedia.org/wikipedia/commons/thumb/1/16/Mark_Webber_at_the_Melbourne_Walk_during_the_2026_Australian_Grand_Prix_%28028A8720%29.jpg/330px-Mark_Webber_at_the_Melbourne_Walk_during_the_2026_Australian_Grand_Prix_%28028A8720%29.jpg?utm_source=en.wikipedia.org&utm_campaign=api&utm_content=thumbnail,Australian,3,0,8,2,5,15,19,0,3
Adrian Sutil,FORCE_INDIA,Force India,FORCE_INDIA,2013,Driver,https://upload.wikimedia.org/wikipedia/commons/thumb/e/e4/Adrian_Sutil.jpg/330px-Adrian_Sutil.jpg?utm_source=en.wikipedia.org&utm_campaign=api&utm_content=thumbnail,German,13,0,0,0,0,8,19,0,4
Paul di Resta,FORCE_INDIA,Force India,FORCE_INDIA,2013,Driver,https://upload.wikimedia.org/wikipedia/commons/thumb/e/e8/Paul_di_Resta_2022_%28cropped%29.jpg/330px-Paul_di_Resta_2022_%28cropped%29.jpg?utm_source=en.wikipedia.org&utm_campaign=api&utm_content=thumbnail,British,12,0,0,0,0,9,19,0,4
Jenson Button,MCLAREN,McLaren,MCLAREN,2013,Driver,https://upload.wikimedia.org/wikipedia/commons/thumb/0/0c/Jenson_Button_2024_WEC_Fuji.jpg/330px-Jenson_Button_2024_WEC_Fuji.jpg?utm_source=en.wikipedia.org&utm_campaign=api&utm_content=thumbnail,British,9,0,0,0,0,14,19,0,0
Romain Grosjean,LOTUS_F1,Lotus F1,LOTUS_F1,2013,Driver,https://upload.wikimedia.org/wikipedia/commons/thumb/5/58/Grosjean_at_2024_Chevrolet_Detroit_Grand_Prix.jpg/330px-Grosjean_at_2024_Chevrolet_Detroit_Grand_Prix.jpg?utm_source=en.wikipedia.org&utm_campaign=api&utm_content=thumbnail,French,7,0,6,0,0,13,19,0,3
Sergio Pérez,MCLAREN,McLaren,MCLAREN,2013,Driver,https://upload.wikimedia.org/wikipedia/commons/thumb/7/7a/Sergio_P%C3%A9rez_2019_%28cropped%29.jpg/330px-Sergio_P%C3%A9rez_2019_%28cropped%29.jpg?utm_source=en.wikipedia.org&utm_campaign=api&utm_content=thumbnail,Mexican,11,0,0,0,1,11,19,0,0
Jean-Éric Vergne,TORO_ROSSO,Toro Rosso,TORO_ROSSO,2013,Driver,https://upload.wikimedia.org/wikipedia/commons/thumb/7/70/Jean-Eric_Vergne_2024_WEC_Fuji.jpg/330px-Jean-Eric_Vergne_2024_WEC_Fuji.jpg?utm_source=en.wikipedia.org&utm_campaign=api&utm_content=thumbnail,French,15,0,0,0,0,3,19,0,4
Esteban Gutiérrez,SAUBER,Sauber,SAUBER,2013,Driver,https://upload.wikimedia.org/wikipedia/commons/thumb/d/df/Esteban_Guti%C3%A9rrez_en_el_Gran_Premio_de_Italia_2019_%28cropped%29.jpg/330px-Esteban_Guti%C3%A9rrez_en_el_Gran_Premio_de_Italia_2019_%28cropped%29.jpg?utm_source=en.wikipedia.org&utm_campaign=api&utm_content=thumbnail,Mexican,16,0,0,0,1,1,19,0,2
Valtteri Bottas,WILLIAMS,Williams,WILLIAMS,2013,Driver,https://upload.wikimedia.org/wikipedia/commons/thumb/2/20/Valtteri_Bottas_at_the_2026_Adelaide_Motorsport_Festival_%28028A7556%29.jpg/330px-Valtteri_Bottas_at_the_2026_Adelaide_Motorsport_Festival_%28028A7556%29.jpg?utm_source=en.wikipedia.org&utm_campaign=api&utm_content=thumbnail,Finnish,17,0,0,0,0,1,19,0,2
Jules Bianchi,MARUSSIA,Marussia,MARUSSIA,2013,Driver,https://upload.wikimedia.org/wikipedia/commons/thumb/0/03/Jules_Bianchi_2012-1.JPG/330px-Jules_Bianchi_2012-1.JPG?utm_source=en.wikipedia.org&utm_campaign=api&utm_content=thumbnail,French,19,0,0,0,0,0,19,0,3
Charles Pic,CATERHAM,Caterham,CATERHAM,2013,Driver,https://upload.wikimedia.org/wikipedia/commons/thumb/e/ef/Charles_Pic_Moscow_2013.jpg/330px-Charles_Pic_Moscow_2013.jpg?utm_source=en.wikipedia.org&utm_campaign=api&utm_content=thumbnail,French,20,0,0,0,0,0,19,0,4
Max Chilton,MARUSSIA,Marussia,MARUSSIA,2013,Driver,https://upload.wikimedia.org/wikipedia/commons/thumb/f/f8/Max_Chilton_2.jpg/330px-Max_Chilton_2.jpg?utm_source=en.wikipedia.org&utm_campaign=api&utm_content=thumbnail,British,23,0,0,0,0,0,19,0,0
Giedo van der Garde,CATERHAM,Caterham,CATERHAM,2013,Driver,https://upload.wikimedia.org/wikipedia/commons/thumb/b/b7/Giedo_van_der_Garde.jpg/330px-Giedo_van_der_Garde.jpg?utm_source=en.wikipedia.org&utm_campaign=api&utm_content=thumbnail,Dutch,21,0,0,0,0,0,19,0,3
Daniel Ricciardo,TORO_ROSSO,Toro Rosso,TORO_ROSSO,2013,Driver,https://upload.wikimedia.org/wikipedia/commons/thumb/c/c0/Daniel_Ricciardo_January_2024.jpg/330px-Daniel_Ricciardo_January_2024.jpg?utm_source=en.wikipedia.org&utm_campaign=api&utm_content=thumbnail,Australian,14,0,0,0,0,7,19,0,3
Nico Rosberg,MERCEDES,Mercedes,MERCEDES,2013,Driver,https://upload.wikimedia.org/wikipedia/commons/thumb/3/31/Nico_Rosberg_2016.jpg/330px-Nico_Rosberg_2016.jpg?utm_source=en.wikipedia.org&utm_campaign=api&utm_content=thumbnail,German,6,2,4,3,0,16,19,0,2
Pastor Maldonado,WILLIAMS,Williams,WILLIAMS,2013,Driver,https://upload.wikimedia.org/wikipedia/commons/thumb/0/00/Pastor_Maldonado_2015_Malaysia.jpg/330px-Pastor_Maldonado_2015_Malaysia.jpg?utm_source=en.wikipedia.org&utm_campaign=api&utm_content=thumbnail,Venezuelan,18,0,0,0,0,1,19,0,3
Nico Hülkenberg,SAUBER,Sauber,SAUBER,2013,Driver,https://upload.wikimedia.org/wikipedia/commons/thumb/d/de/2019_Formula_One_tests_Barcelona%2C_Hulkenberg_%2840287128313%29.jpg/330px-2019_Formula_One_tests_Barcelona%2C_Hulkenberg_%2840287128313%29.jpg?utm_source=en.wikipedia.org&utm_campaign=api&utm_content=thumbnail,German,10,0,0,0,0,10,19,0,2
Heikki Kovalainen,LOTUS_F1,Lotus F1,LOTUS_F1,2013,Driver,https://upload.wikimedia.org/wikipedia/commons/thumb/2/29/Effect_20190609_091716.jpg/330px-Effect_20190609_091716.jpg?utm_source=en.wikipedia.org&utm_campaign=api&utm_content=thumbnail,Finnish,22,0,0,0,0,0,2,0,0
Nico Rosberg,MERCEDES,Mercedes,MERCEDES,2014,Driver,https://upload.wikimedia.org/wikipedia/commons/thumb/3/31/Nico_Rosberg_2016.jpg/330px-Nico_Rosberg_2016.jpg?utm_source=en.wikipedia.org&utm_campaign=api&utm_content=thumbnail,German,2,5,15,11,5,16,19,0,2
Kevin Magnussen,MCLAREN,McLaren,MCLAREN,2014,Driver,https://upload.wikimedia.org/wikipedia/commons/thumb/6/63/Kevin_Magnussen%2C_2019_Formula_One_Tests_Barcelona_%28cropped%29.jpg/330px-Kevin_Magnussen%2C_2019_Formula_One_Tests_Barcelona_%28cropped%29.jpg?utm_source=en.wikipedia.org&utm_campaign=api&utm_content=thumbnail,Danish,11,0,1,0,0,12,19,0,1
Jenson Button,MCLAREN,McLaren,MCLAREN,2014,Driver,https://upload.wikimedia.org/wikipedia/commons/thumb/0/0c/Jenson_Button_2024_WEC_Fuji.jpg/330px-Jenson_Button_2024_WEC_Fuji.jpg?utm_source=en.wikipedia.org&utm_campaign=api&utm_content=thumbnail,British,8,0,1,0,0,13,19,0,1
Fernando Alonso,FERRARI,Ferrari,FERRARI,2014,Driver,https://upload.wikimedia.org/wikipedia/commons/thumb/9/97/Alonso-68_%2824710447098%29.jpg/330px-Alonso-68_%2824710447098%29.jpg?utm_source=en.wikipedia.org&utm_campaign=api&utm_content=thumbnail,Spanish,6,0,2,0,0,17,19,0,2
Valtteri Bottas,WILLIAMS,Williams,WILLIAMS,2014,Driver,https://upload.wikimedia.org/wikipedia/commons/thumb/2/20/Valtteri_Bottas_at_the_2026_Adelaide_Motorsport_Festival_%28028A7556%29.jpg/330px-Valtteri_Bottas_at_the_2026_Adelaide_Motorsport_Festival_%28028A7556%29.jpg?utm_source=en.wikipedia.org&utm_campaign=api&utm_content=thumbnail,Finnish,4,0,6,0,1,17,19,0,1
Nico Hülkenberg,FORCE_INDIA,Force India,FORCE_INDIA,2014,Driver,https://upload.wikimedia.org/wikipedia/commons/thumb/d/de/2019_Formula_One_tests_Barcelona%2C_Hulkenberg_%2840287128313%29.jpg/330px-2019_Formula_One_tests_Barcelona%2C_Hulkenberg_%2840287128313%29.jpg?utm_source=en.wikipedia.org&utm_campaign=api&utm_content=thumbnail,German,9,0,0,0,0,15,19,0,2
Kimi Räikkönen,FERRARI,Ferrari,FERRARI,2014,Driver,https://upload.wikimedia.org/wikipedia/commons/thumb/f/ff/F12019_Schloss_Gabelhofen_%2822%29_%28cropped%29.jpg/330px-F12019_Schloss_Gabelhofen_%2822%29_%28cropped%29.jpg?utm_source=en.wikipedia.org&utm_campaign=api&utm_content=thumbnail,Finnish,12,0,0,0,1,13,19,0,1
Jean-Éric Vergne,TORO_ROSSO,Toro Rosso,TORO_ROSSO,2014,Driver,https://upload.wikimedia.org/wikipedia/commons/thumb/7/70/Jean-Eric_Vergne_2024_WEC_Fuji.jpg/330px-Jean-Eric_Vergne_2024_WEC_Fuji.jpg?utm_source=en.wikipedia.org&utm_campaign=api&utm_content=thumbnail,French,13,0,0,0,0,7,19,0,5
Daniil Kvyat,TORO_ROSSO,Toro Rosso,TORO_ROSSO,2014,Driver,https://upload.wikimedia.org/wikipedia/commons/thumb/0/09/Daniil_Kvyat_2024_Suzuka_A2RL_%28cropped%29.jpg/330px-Daniil_Kvyat_2024_Suzuka_A2RL_%28cropped%29.jpg?utm_source=en.wikipedia.org&utm_campaign=api&utm_content=thumbnail,Russian,15,0,0,0,0,5,19,0,5
Sergio Pérez,FORCE_INDIA,Force India,FORCE_INDIA,2014,Driver,https://upload.wikimedia.org/wikipedia/commons/thumb/7/7a/Sergio_P%C3%A9rez_2019_%28cropped%29.jpg/330px-Sergio_P%C3%A9rez_2019_%28cropped%29.jpg?utm_source=en.wikipedia.org&utm_campaign=api&utm_content=thumbnail,Mexican,10,0,1,0,1,12,19,0,4
Adrian Sutil,SAUBER,Sauber,SAUBER,2014,Driver,https://upload.wikimedia.org/wikipedia/commons/thumb/e/e4/Adrian_Sutil.jpg/330px-Adrian_Sutil.jpg?utm_source=en.wikipedia.org&utm_campaign=api&utm_content=thumbnail,German,18,0,0,0,0,0,19,0,7
Esteban Gutiérrez,SAUBER,Sauber,SAUBER,2014,Driver,https://upload.wikimedia.org/wikipedia/commons/thumb/d/df/Esteban_Guti%C3%A9rrez_en_el_Gran_Premio_de_Italia_2019_%28cropped%29.jpg/330px-Esteban_Guti%C3%A9rrez_en_el_Gran_Premio_de_Italia_2019_%28cropped%29.jpg?utm_source=en.wikipedia.org&utm_campaign=api&utm_content=thumbnail,Mexican,20,0,0,0,0,0,19,0,6
Max Chilton,MARUSSIA,Marussia,MARUSSIA,2014,Driver,https://upload.wikimedia.org/wikipedia/commons/thumb/f/f8/Max_Chilton_2.jpg/330px-Max_Chilton_2.jpg?utm_source=en.wikipedia.org&utm_campaign=api&utm_content=thumbnail,British,21,0,0,0,0,0,16,0,3
Jules Bianchi,MARUSSIA,Marussia,MARUSSIA,2014,Driver,https://upload.wikimedia.org/wikipedia/commons/thumb/0/03/Jules_Bianchi_2012-1.JPG/330px-Jules_Bianchi_2012-1.JPG?utm_source=en.wikipedia.org&utm_campaign=api&utm_content=thumbnail,French,17,0,0,0,0,1,15,0,3
Romain Grosjean,LOTUS_F1,Lotus F1,LOTUS_F1,2014,Driver,https://upload.wikimedia.org/wikipedia/commons/thumb/5/58/Grosjean_at_2024_Chevrolet_Detroit_Grand_Prix.jpg/330px-Grosjean_at_2024_Chevrolet_Detroit_Grand_Prix.jpg?utm_source=en.wikipedia.org&utm_campaign=api&utm_content=thumbnail,French,14,0,0,0,0,2,19,0,6
Pastor Maldonado,LOTUS_F1,Lotus F1,LOTUS_F1,2014,Driver,https://upload.wikimedia.org/wikipedia/commons/thumb/0/00/Pastor_Maldonado_2015_Malaysia.jpg/330px-Pastor_Maldonado_2015_Malaysia.jpg?utm_source=en.wikipedia.org&utm_campaign=api&utm_content=thumbnail,Venezuelan,16,0,0,0,0,1,19,0,6
Marcus Ericsson,CATERHAM,Caterham,CATERHAM,2014,Driver,https://upload.wikimedia.org/wikipedia/commons/thumb/8/87/Marcus_Ericsson_in_2023.jpg/330px-Marcus_Ericsson_in_2023.jpg?utm_source=en.wikipedia.org&utm_campaign=api&utm_content=thumbnail,Swedish,19,0,0,0,0,0,16,0,5
Sebastian Vettel,RED_BULL,Red Bull,RED_BULL,2014,Driver,https://upload.wikimedia.org/wikipedia/commons/thumb/2/2f/Sebastian_Vettel_2011_Sebastian_Vettel_in_Yokohama.jpg/330px-Sebastian_Vettel_2011_Sebastian_Vettel_in_Yokohama.jpg?utm_source=en.wikipedia.org&utm_campaign=api&utm_content=thumbnail,German,5,0,4,0,2,16,19,0,3
Lewis Hamilton,MERCEDES,Mercedes,MERCEDES,2014,Driver,https://upload.wikimedia.org/wikipedia/commons/thumb/d/d3/Prime_Minister_Keir_Starmer_meets_Sir_Lewis_Hamilton_%2854566928382%29_%28cropped%29.jpg/330px-Prime_Minister_Keir_Starmer_meets_Sir_Lewis_Hamilton_%2854566928382%29_%28cropped%29.jpg?utm_source=en.wikipedia.org&utm_campaign=api&utm_content=thumbnail,British,1,11,16,7,7,16,19,1,3
Felipe Massa,WILLIAMS,Williams,WILLIAMS,2014,Driver,https://upload.wikimedia.org/wikipedia/commons/thumb/e/e7/Felipe_Massa.jpg/330px-Felipe_Massa.jpg?utm_source=en.wikipedia.org&utm_campaign=api&utm_content=thumbnail,Brazilian,7,0,3,1,1,11,19,0,3
Kamui Kobayashi,CATERHAM,Caterham,CATERHAM,2014,Driver,https://upload.wikimedia.org/wikipedia/commons/thumb/4/4f/Kamui_Kobayashi_2024_WEC_Fuji_2.jpg/330px-Kamui_Kobayashi_2024_WEC_Fuji_2.jpg?utm_source=en.wikipedia.org&utm_campaign=api&utm_content=thumbnail,Japanese,22,0,0,0,0,0,16,0,7
Daniel Ricciardo,RED_BULL,Red Bull,RED_BULL,2014,Driver,https://upload.wikimedia.org/wikipedia/commons/thumb/c/c0/Daniel_Ricciardo_January_2024.jpg/330px-Daniel_Ricciardo_January_2024.jpg?utm_source=en.wikipedia.org&utm_campaign=api&utm_content=thumbnail,Australian,3,3,8,0,1,16,19,0,3
André Lotterer,CATERHAM,Caterham,CATERHAM,2014,Driver,https://upload.wikimedia.org/wikipedia/commons/thumb/b/b0/Andre_Lotterer_2024_WEC_Fuji_2.jpg/330px-Andre_Lotterer_2024_WEC_Fuji_2.jpg?utm_source=en.wikipedia.org&utm_campaign=api&utm_content=thumbnail,German,,0,0,0,0,0,1,0,1
Will Stevens,CATERHAM,Caterham,CATERHAM,2014,Driver,https://upload.wikimedia.org/wikipedia/commons/thumb/c/c5/Will_Stevens_2017.jpg/330px-Will_Stevens_2017.jpg?utm_source=en.wikipedia.org&utm_campaign=api&utm_content=thumbnail,British,23,0,0,0,0,0,1,0,0
Lewis Hamilton,MERCEDES,Mercedes,MERCEDES,2015,Driver,https://upload.wikimedia.org/wikipedia/commons/thumb/d/d3/Prime_Minister_Keir_Starmer_meets_Sir_Lewis_Hamilton_%2854566928382%29_%28cropped%29.jpg/330px-Prime_Minister_Keir_Starmer_meets_Sir_Lewis_Hamilton_%2854566928382%29_%28cropped%29.jpg?utm_source=en.wikipedia.org&utm_campaign=api&utm_content=thumbnail,British,1,10,17,11,8,18,19,1,1
Nico Rosberg,MERCEDES,Mercedes,MERCEDES,2015,Driver,https://upload.wikimedia.org/wikipedia/commons/thumb/3/31/Nico_Rosberg_2016.jpg/330px-Nico_Rosberg_2016.jpg?utm_source=en.wikipedia.org&utm_campaign=api&utm_content=thumbnail,German,2,6,15,7,5,17,19,0,1
Sebastian Vettel,FERRARI,Ferrari,FERRARI,2015,Driver,https://upload.wikimedia.org/wikipedia/commons/thumb/2/2f/Sebastian_Vettel_2011_Sebastian_Vettel_in_Yokohama.jpg/330px-Sebastian_Vettel_2011_Sebastian_Vettel_in_Yokohama.jpg?utm_source=en.wikipedia.org&utm_campaign=api&utm_content=thumbnail,German,3,3,13,1,1,17,19,0,1
Felipe Massa,WILLIAMS,Williams,WILLIAMS,2015,Driver,https://upload.wikimedia.org/wikipedia/commons/thumb/e/e7/Felipe_Massa.jpg/330px-Felipe_Massa.jpg?utm_source=en.wikipedia.org&utm_campaign=api&utm_content=thumbnail,Brazilian,6,0,2,0,0,13,19,0,3
Felipe Nasr,SAUBER,Sauber,SAUBER,2015,Driver,https://upload.wikimedia.org/wikipedia/commons/thumb/c/c8/Piloto_Felipe_Nasr_fala_%C3%A0_imprensa_ap%C3%B3s_encontro_com_Temer_%2828412246304%29_%28cropped%29.jpg/330px-Piloto_Felipe_Nasr_fala_%C3%A0_imprensa_ap%C3%B3s_encontro_com_Temer_%2828412246304%29_%28cropped%29.jpg?utm_source=en.wikipedia.org&utm_campaign=api&utm_content=thumbnail,Brazilian,13,0,0,0,0,6,19,0,3
Daniel Ricciardo,RED_BULL,Red Bull,RED_BULL,2015,Driver,https://upload.wikimedia.org/wikipedia/commons/thumb/c/c0/Daniel_Ricciardo_January_2024.jpg/330px-Daniel_Ricciardo_January_2024.jpg?utm_source=en.wikipedia.org&utm_campaign=api&utm_content=thumbnail,Australian,8,0,2,0,3,13,19,0,2
Nico Hülkenberg,FORCE_INDIA,Force India,FORCE_INDIA,2015,Driver,https://upload.wikimedia.org/wikipedia/commons/thumb/d/de/2019_Formula_One_tests_Barcelona%2C_Hulkenberg_%2840287128313%29.jpg/330px-2019_Formula_One_tests_Barcelona%2C_Hulkenberg_%2840287128313%29.jpg?utm_source=en.wikipedia.org&utm_campaign=api&utm_content=thumbnail,German,10,0,0,0,0,9,19,0,6
Marcus Ericsson,SAUBER,Sauber,SAUBER,2015,Driver,https://upload.wikimedia.org/wikipedia/commons/thumb/8/87/Marcus_Ericsson_in_2023.jpg/330px-Marcus_Ericsson_in_2023.jpg?utm_source=en.wikipedia.org&utm_campaign=api&utm_content=thumbnail,Swedish,18,0,0,0,0,5,19,0,3
Sergio Pérez,FORCE_INDIA,Force India,FORCE_INDIA,2015,Driver,https://upload.wikimedia.org/wikipedia/commons/thumb/7/7a/Sergio_P%C3%A9rez_2019_%28cropped%29.jpg/330px-Sergio_P%C3%A9rez_2019_%28cropped%29.jpg?utm_source=en.wikipedia.org&utm_campaign=api&utm_content=thumbnail,Mexican,9,0,1,0,0,12,19,0,1
Jenson Button,MCLAREN,McLaren,MCLAREN,2015,Driver,https://upload.wikimedia.org/wikipedia/commons/thumb/0/0c/Jenson_Button_2024_WEC_Fuji.jpg/330px-Jenson_Button_2024_WEC_Fuji.jpg?utm_source=en.wikipedia.org&utm_campaign=api&utm_content=thumbnail,British,16,0,0,0,0,4,19,0,6
Kimi Räikkönen,FERRARI,Ferrari,FERRARI,2015,Driver,https://upload.wikimedia.org/wikipedia/commons/thumb/f/ff/F12019_Schloss_Gabelhofen_%2822%29_%28cropped%29.jpg/330px-F12019_Schloss_Gabelhofen_%2822%29_%28cropped%29.jpg?utm_source=en.wikipedia.org&utm_campaign=api&utm_content=thumbnail,Finnish,4,0,3,0,2,14,19,0,5
Max Verstappen,TORO_ROSSO,Toro Rosso,TORO_ROSSO,2015,Driver,https://upload.wikimedia.org/wikipedia/commons/thumb/5/52/2024-08-25_Motorsport%2C_Formel_1%2C_Gro%C3%9Fer_Preis_der_Niederlande_2024_STP_3973_by_Stepro_%28medium_crop%29.jpg/330px-2024-08-25_Motorsport%2C_Formel_1%2C_Gro%C3%9Fer_Preis_der_Niederlande_2024_STP_3973_by_Stepro_%28medium_crop%29.jpg?utm_source=en.wikipedia.org&utm_campaign=api&utm_content=thumbnail,Dutch,12,0,0,0,0,10,19,0,4
Romain Grosjean,LOTUS_F1,Lotus F1,LOTUS_F1,2015,Driver,https://upload.wikimedia.org/wikipedia/commons/thumb/5/58/Grosjean_at_2024_Chevrolet_Detroit_Grand_Prix.jpg/330px-Grosjean_at_2024_Chevrolet_Detroit_Grand_Prix.jpg?utm_source=en.wikipedia.org&utm_campaign=api&utm_content=thumbnail,French,11,0,1,0,0,10,19,0,6
Pastor Maldonado,LOTUS_F1,Lotus F1,LOTUS_F1,2015,Driver,https://upload.wikimedia.org/wikipedia/commons/thumb/0/00/Pastor_Maldonado_2015_Malaysia.jpg/330px-Pastor_Maldonado_2015_Malaysia.jpg?utm_source=en.wikipedia.org&utm_campaign=api&utm_content=thumbnail,Venezuelan,14,0,0,0,0,6,19,0,9
Daniil Kvyat,RED_BULL,Red Bull,RED_BULL,2015,Driver,https://upload.wikimedia.org/wikipedia/commons/thumb/0/09/Daniil_Kvyat_2024_Suzuka_A2RL_%28cropped%29.jpg/330px-Daniil_Kvyat_2024_Suzuka_A2RL_%28cropped%29.jpg?utm_source=en.wikipedia.org&utm_campaign=api&utm_content=thumbnail,Russian,7,0,1,0,0,14,19,0,3
Kevin Magnussen,MCLAREN,McLaren,MCLAREN,2015,Driver,https://upload.wikimedia.org/wikipedia/commons/thumb/6/63/Kevin_Magnussen%2C_2019_Formula_One_Tests_Barcelona_%28cropped%29.jpg/330px-Kevin_Magnussen%2C_2019_Formula_One_Tests_Barcelona_%28cropped%29.jpg?utm_source=en.wikipedia.org&utm_campaign=api&utm_content=thumbnail,Danish,,0,0,0,0,0,1,0,1
Valtteri Bottas,WILLIAMS,Williams,WILLIAMS,2015,Driver,https://upload.wikimedia.org/wikipedia/commons/thumb/2/20/Valtteri_Bottas_at_the_2026_Adelaide_Motorsport_Festival_%28028A7556%29.jpg/330px-Valtteri_Bottas_at_the_2026_Adelaide_Motorsport_Festival_%28028A7556%29.jpg?utm_source=en.wikipedia.org&utm_campaign=api&utm_content=thumbnail,Finnish,5,0,2,0,0,13,19,0,2
Roberto Merhi,MANOR,Manor Marussia,MANOR,2015,Driver,https://upload.wikimedia.org/wikipedia/commons/thumb/a/ad/Merhi_Sepang_25.jpg/330px-Merhi_Sepang_25.jpg?utm_source=en.wikipedia.org&utm_campaign=api&utm_content=thumbnail,Spanish,19,0,0,0,0,0,13,0,1
Fernando Alonso,MCLAREN,McLaren,MCLAREN,2015,Driver,https://upload.wikimedia.org/wikipedia/commons/thumb/9/97/Alonso-68_%2824710447098%29.jpg/330px-Alonso-68_%2824710447098%29.jpg?utm_source=en.wikipedia.org&utm_campaign=api&utm_content=thumbnail,Spanish,17,0,0,0,0,2,18,0,7
Will Stevens,MANOR,Manor Marussia,MANOR,2015,Driver,https://upload.wikimedia.org/wikipedia/commons/thumb/c/c5/Will_Stevens_2017.jpg/330px-Will_Stevens_2017.jpg?utm_source=en.wikipedia.org&utm_campaign=api&utm_content=thumbnail,British,21,0,0,0,0,0,18,0,3
Alexander Rossi,MANOR,Manor Marussia,MANOR,2015,Driver,https://upload.wikimedia.org/wikipedia/commons/thumb/d/d4/Alexander_Rossi_2026_%28cropped%29.jpg/330px-Alexander_Rossi_2026_%28cropped%29.jpg?utm_source=en.wikipedia.org&utm_campaign=api&utm_content=thumbnail,American,20,0,0,0,0,0,5,0,0
Nico Rosberg,MERCEDES,Mercedes,MERCEDES,2016,Driver,https://upload.wikimedia.org/wikipedia/commons/thumb/3/31/Nico_Rosberg_2016.jpg/330px-Nico_Rosberg_2016.jpg?utm_source=en.wikipedia.org&utm_campaign=api&utm_content=thumbnail,German,1,9,16,8,6,20,21,1,1
Lewis Hamilton,MERCEDES,Mercedes,MERCEDES,2016,Driver,https://upload.wikimedia.org/wikipedia/commons/thumb/d/d3/Prime_Minister_Keir_Starmer_meets_Sir_Lewis_Hamilton_%2854566928382%29_%28cropped%29.jpg/330px-Prime_Minister_Keir_Starmer_meets_Sir_Lewis_Hamilton_%2854566928382%29_%28cropped%29.jpg?utm_source=en.wikipedia.org&utm_campaign=api&utm_content=thumbnail,British,2,10,17,12,3,19,21,0,2
Sebastian Vettel,FERRARI,Ferrari,FERRARI,2016,Driver,https://upload.wikimedia.org/wikipedia/commons/thumb/2/2f/Sebastian_Vettel_2011_Sebastian_Vettel_in_Yokohama.jpg/330px-Sebastian_Vettel_2011_Sebastian_Vettel_in_Yokohama.jpg?utm_source=en.wikipedia.org&utm_campaign=api&utm_content=thumbnail,German,4,0,7,0,3,17,21,0,4
Daniel Ricciardo,RED_BULL,Red Bull,RED_BULL,2016,Driver,https://upload.wikimedia.org/wikipedia/commons/thumb/c/c0/Daniel_Ricciardo_January_2024.jpg/330px-Daniel_Ricciardo_January_2024.jpg?utm_source=en.wikipedia.org&utm_campaign=api&utm_content=thumbnail,Australian,3,1,8,1,4,20,21,0,0
Felipe Massa,WILLIAMS,Williams,WILLIAMS,2016,Driver,https://upload.wikimedia.org/wikipedia/commons/thumb/e/e7/Felipe_Massa.jpg/330px-Felipe_Massa.jpg?utm_source=en.wikipedia.org&utm_campaign=api&utm_content=thumbnail,Brazilian,11,0,0,0,0,13,21,0,3
Romain Grosjean,HAAS,Haas F1 Team,HAAS,2016,Driver,https://upload.wikimedia.org/wikipedia/commons/thumb/5/58/Grosjean_at_2024_Chevrolet_Detroit_Grand_Prix.jpg/330px-Grosjean_at_2024_Chevrolet_Detroit_Grand_Prix.jpg?utm_source=en.wikipedia.org&utm_campaign=api&utm_content=thumbnail,French,13,0,0,0,0,5,21,0,5
Nico Hülkenberg,FORCE_INDIA,Force India,FORCE_INDIA,2016,Driver,https://upload.wikimedia.org/wikipedia/commons/thumb/d/de/2019_Formula_One_tests_Barcelona%2C_Hulkenberg_%2840287128313%29.jpg/330px-2019_Formula_One_tests_Barcelona%2C_Hulkenberg_%2840287128313%29.jpg?utm_source=en.wikipedia.org&utm_campaign=api&utm_content=thumbnail,German,9,0,0,0,1,14,21,0,4
Valtteri Bottas,WILLIAMS,Williams,WILLIAMS,2016,Driver,https://upload.wikimedia.org/wikipedia/commons/thumb/2/20/Valtteri_Bottas_at_the_2026_Adelaide_Motorsport_Festival_%28028A7556%29.jpg/330px-Valtteri_Bottas_at_the_2026_Adelaide_Motorsport_Festival_%28028A7556%29.jpg?utm_source=en.wikipedia.org&utm_campaign=api&utm_content=thumbnail,Finnish,8,0,1,0,0,15,21,0,2
Max Verstappen,RED_BULL,Red Bull,RED_BULL|TORO_ROSSO,2016,Driver,https://upload.wikimedia.org/wikipedia/commons/thumb/5/52/2024-08-25_Motorsport%2C_Formel_1%2C_Gro%C3%9Fer_Preis_der_Niederlande_2024_STP_3973_by_Stepro_%28medium_crop%29.jpg/330px-2024-08-25_Motorsport%2C_Formel_1%2C_Gro%C3%9Fer_Preis_der_Niederlande_2024_STP_3973_by_Stepro_%28medium_crop%29.jpg?utm_source=en.wikipedia.org&utm_campaign=api&utm_content=thumbnail,Dutch,5,1,7,0,1,17,21,0,3
Jolyon Palmer,RENAULT,Renault,RENAULT,2016,Driver,https://upload.wikimedia.org/wikipedia/commons/thumb/6/6c/Jolyon_Palmer_2016_Malaysia.jpg/330px-Jolyon_Palmer_2016_Malaysia.jpg?utm_source=en.wikipedia.org&utm_campaign=api&utm_content=thumbnail,British,18,0,0,0,0,1,21,0,6
Kevin Magnussen,RENAULT,Renault,RENAULT,2016,Driver,https://upload.wikimedia.org/wikipedia/commons/thumb/6/63/Kevin_Magnussen%2C_2019_Formula_One_Tests_Barcelona_%28cropped%29.jpg/330px-Kevin_Magnussen%2C_2019_Formula_One_Tests_Barcelona_%28cropped%29.jpg?utm_source=en.wikipedia.org&utm_campaign=api&utm_content=thumbnail,Danish,16,0,0,0,0,2,21,0,4
Sergio Pérez,FORCE_INDIA,Force India,FORCE_INDIA,2016,Driver,https://upload.wikimedia.org/wikipedia/commons/thumb/7/7a/Sergio_P%C3%A9rez_2019_%28cropped%29.jpg/330px-Sergio_P%C3%A9rez_2019_%28cropped%29.jpg?utm_source=en.wikipedia.org&utm_campaign=api&utm_content=thumbnail,Mexican,7,0,2,0,0,16,21,0,0
Jenson Button,MCLAREN,McLaren,MCLAREN,2016,Driver,https://upload.wikimedia.org/wikipedia/commons/thumb/0/0c/Jenson_Button_2024_WEC_Fuji.jpg/330px-Jenson_Button_2024_WEC_Fuji.jpg?utm_source=en.wikipedia.org&utm_campaign=api&utm_content=thumbnail,British,15,0,0,0,0,7,21,0,6
Felipe Nasr,SAUBER,Sauber,SAUBER,2016,Driver,https://upload.wikimedia.org/wikipedia/commons/thumb/c/c8/Piloto_Felipe_Nasr_fala_%C3%A0_imprensa_ap%C3%B3s_encontro_com_Temer_%2828412246304%29_%28cropped%29.jpg/330px-Piloto_Felipe_Nasr_fala_%C3%A0_imprensa_ap%C3%B3s_encontro_com_Temer_%2828412246304%29_%28cropped%29.jpg?utm_source=en.wikipedia.org&utm_campaign=api&utm_content=thumbnail,Brazilian,17,0,0,0,0,1,21,0,4
Pascal Wehrlein,MANOR,Manor Marussia,MANOR,2016,Driver,https://upload.wikimedia.org/wikipedia/commons/thumb/0/0b/2024-05-10_Motorsport%2C_ABB_FIA_Formula_E_World_Championship%2C_Berlin_E-Prix_2024_STP_2554_by_Stepro.jpg/330px-2024-05-10_Motorsport%2C_ABB_FIA_Formula_E_World_Championship%2C_Berlin_E-Prix_2024_STP_2554_by_Stepro.jpg?utm_source=en.wikipedia.org&utm_campaign=api&utm_content=thumbnail,German,19,0,0,0,0,1,21,0,5
Marcus Ericsson,SAUBER,Sauber,SAUBER,2016,Driver,https://upload.wikimedia.org/wikipedia/commons/thumb/8/87/Marcus_Ericsson_in_2023.jpg/330px-Marcus_Ericsson_in_2023.jpg?utm_source=en.wikipedia.org&utm_campaign=api&utm_content=thumbnail,Swedish,22,0,0,0,0,0,21,0,5
Kimi Räikkönen,FERRARI,Ferrari,FERRARI,2016,Driver,https://upload.wikimedia.org/wikipedia/commons/thumb/f/ff/F12019_Schloss_Gabelhofen_%2822%29_%28cropped%29.jpg/330px-F12019_Schloss_Gabelhofen_%2822%29_%28cropped%29.jpg?utm_source=en.wikipedia.org&utm_campaign=api&utm_content=thumbnail,Finnish,6,0,4,0,1,17,21,0,4
Rio Haryanto,MANOR,Manor Marussia,MANOR,2016,Driver,https://upload.wikimedia.org/wikipedia/commons/thumb/6/6a/Rio_Haryanto_2016_paddock.jpg/330px-Rio_Haryanto_2016_paddock.jpg?utm_source=en.wikipedia.org&utm_campaign=api&utm_content=thumbnail,Indonesian,24,0,0,0,0,0,12,0,3
Esteban Gutiérrez,HAAS,Haas F1 Team,HAAS,2016,Driver,https://upload.wikimedia.org/wikipedia/commons/thumb/d/df/Esteban_Guti%C3%A9rrez_en_el_Gran_Premio_de_Italia_2019_%28cropped%29.jpg/330px-Esteban_Guti%C3%A9rrez_en_el_Gran_Premio_de_Italia_2019_%28cropped%29.jpg?utm_source=en.wikipedia.org&utm_campaign=api&utm_content=thumbnail,Mexican,21,0,0,0,0,0,21,0,5
Fernando Alonso,MCLAREN,McLaren,MCLAREN,2016,Driver,https://upload.wikimedia.org/wikipedia/commons/thumb/9/97/Alonso-68_%2824710447098%29.jpg/330px-Alonso-68_%2824710447098%29.jpg?utm_source=en.wikipedia.org&utm_campaign=api&utm_content=thumbnail,Spanish,10,0,0,0,1,9,20,0,3
Daniil Kvyat,TORO_ROSSO,Toro Rosso,TORO_ROSSO|RED_BULL,2016,Driver,https://upload.wikimedia.org/wikipedia/commons/thumb/0/09/Daniil_Kvyat_2024_Suzuka_A2RL_%28cropped%29.jpg/330px-Daniil_Kvyat_2024_Suzuka_A2RL_%28cropped%29.jpg?utm_source=en.wikipedia.org&utm_campaign=api&utm_content=thumbnail,Russian,14,0,1,0,1,5,21,0,6
Stoffel Vandoorne,MCLAREN,McLaren,MCLAREN,2016,Driver,https://upload.wikimedia.org/wikipedia/commons/thumb/c/c6/2023-04-23_Motorsport%2C_ABB_FIA_Formula_E_World_Championship%2C_Berlin_E-Prix_2023_1DX_1774_by_Stepro_%28cropped%29.jpg/330px-2023-04-23_Motorsport%2C_ABB_FIA_Formula_E_World_Championship%2C_Berlin_E-Prix_2023_1DX_1774_by_Stepro_%28cropped%29.jpg?utm_source=en.wikipedia.org&utm_campaign=api&utm_content=thumbnail,Belgian,20,0,0,0,0,1,1,0,0
Esteban Ocon,MANOR,Manor Marussia,MANOR,2016,Driver,https://upload.wikimedia.org/wikipedia/commons/thumb/2/2e/Esteban_Ocon_2024_Suzuka_%28cropped%29.jpg/330px-Esteban_Ocon_2024_Suzuka_%28cropped%29.jpg?utm_source=en.wikipedia.org&utm_campaign=api&utm_content=thumbnail,French,23,0,0,0,0,0,9,0,0
Sebastian Vettel,FERRARI,Ferrari,FERRARI,2017,Driver,https://upload.wikimedia.org/wikipedia/commons/thumb/2/2f/Sebastian_Vettel_2011_Sebastian_Vettel_in_Yokohama.jpg/330px-Sebastian_Vettel_2011_Sebastian_Vettel_in_Yokohama.jpg?utm_source=en.wikipedia.org&utm_campaign=api&utm_content=thumbnail,German,2,5,13,4,5,18,20,0,2
Lewis Hamilton,MERCEDES,Mercedes,MERCEDES,2017,Driver,https://upload.wikimedia.org/wikipedia/commons/thumb/d/d3/Prime_Minister_Keir_Starmer_meets_Sir_Lewis_Hamilton_%2854566928382%29_%28cropped%29.jpg/330px-Prime_Minister_Keir_Starmer_meets_Sir_Lewis_Hamilton_%2854566928382%29_%28cropped%29.jpg?utm_source=en.wikipedia.org&utm_campaign=api&utm_content=thumbnail,British,1,9,13,11,7,20,20,1,0
Valtteri Bottas,MERCEDES,Mercedes,MERCEDES,2017,Driver,https://upload.wikimedia.org/wikipedia/commons/thumb/2/20/Valtteri_Bottas_at_the_2026_Adelaide_Motorsport_Festival_%28028A7556%29.jpg/330px-Valtteri_Bottas_at_the_2026_Adelaide_Motorsport_Festival_%28028A7556%29.jpg?utm_source=en.wikipedia.org&utm_campaign=api&utm_content=thumbnail,Finnish,3,3,13,4,2,19,20,0,1
Kimi Räikkönen,FERRARI,Ferrari,FERRARI,2017,Driver,https://upload.wikimedia.org/wikipedia/commons/thumb/f/ff/F12019_Schloss_Gabelhofen_%2822%29_%28cropped%29.jpg/330px-F12019_Schloss_Gabelhofen_%2822%29_%28cropped%29.jpg?utm_source=en.wikipedia.org&utm_campaign=api&utm_content=thumbnail,Finnish,4,0,7,1,2,16,20,0,3
Max Verstappen,RED_BULL,Red Bull,RED_BULL,2017,Driver,https://upload.wikimedia.org/wikipedia/commons/thumb/5/52/2024-08-25_Motorsport%2C_Formel_1%2C_Gro%C3%9Fer_Preis_der_Niederlande_2024_STP_3973_by_Stepro_%28medium_crop%29.jpg/330px-2024-08-25_Motorsport%2C_Formel_1%2C_Gro%C3%9Fer_Preis_der_Niederlande_2024_STP_3973_by_Stepro_%28medium_crop%29.jpg?utm_source=en.wikipedia.org&utm_campaign=api&utm_content=thumbnail,Dutch,6,2,4,0,1,13,20,0,7
Felipe Massa,WILLIAMS,Williams,WILLIAMS,2017,Driver,https://upload.wikimedia.org/wikipedia/commons/thumb/e/e7/Felipe_Massa.jpg/330px-Felipe_Massa.jpg?utm_source=en.wikipedia.org&utm_campaign=api&utm_content=thumbnail,Brazilian,11,0,0,0,0,13,19,0,2
Sergio Pérez,FORCE_INDIA,Force India,FORCE_INDIA,2017,Driver,https://upload.wikimedia.org/wikipedia/commons/thumb/7/7a/Sergio_P%C3%A9rez_2019_%28cropped%29.jpg/330px-Sergio_P%C3%A9rez_2019_%28cropped%29.jpg?utm_source=en.wikipedia.org&utm_campaign=api&utm_content=thumbnail,Mexican,7,0,0,0,1,17,20,0,1
Daniil Kvyat,TORO_ROSSO,Toro Rosso,TORO_ROSSO,2017,Driver,https://upload.wikimedia.org/wikipedia/commons/thumb/0/09/Daniil_Kvyat_2024_Suzuka_A2RL_%28cropped%29.jpg/330px-Daniil_Kvyat_2024_Suzuka_A2RL_%28cropped%29.jpg?utm_source=en.wikipedia.org&utm_campaign=api&utm_content=thumbnail,Russian,19,0,0,0,0,3,15,0,4
Esteban Ocon,FORCE_INDIA,Force India,FORCE_INDIA,2017,Driver,https://upload.wikimedia.org/wikipedia/commons/thumb/2/2e/Esteban_Ocon_2024_Suzuka_%28cropped%29.jpg/330px-Esteban_Ocon_2024_Suzuka_%28cropped%29.jpg?utm_source=en.wikipedia.org&utm_campaign=api&utm_content=thumbnail,French,8,0,0,0,0,18,20,0,1
Nico Hülkenberg,RENAULT,Renault,RENAULT,2017,Driver,https://upload.wikimedia.org/wikipedia/commons/thumb/d/de/2019_Formula_One_tests_Barcelona%2C_Hulkenberg_%2840287128313%29.jpg/330px-2019_Formula_One_tests_Barcelona%2C_Hulkenberg_%2840287128313%29.jpg?utm_source=en.wikipedia.org&utm_campaign=api&utm_content=thumbnail,German,10,0,0,0,0,8,20,0,6
Antonio Giovinazzi,SAUBER,Sauber,SAUBER,2017,Driver,https://upload.wikimedia.org/wikipedia/commons/thumb/9/91/Antonio_Giovinazzi_-_Ferrari_499P_-_Hybrid_during_the_pitwalk_at_the_2023_Le_Mans_%2853468237574%29.jpg/330px-Antonio_Giovinazzi_-_Ferrari_499P_-_Hybrid_during_the_pitwalk_at_the_2023_Le_Mans_%2853468237574%29.jpg?utm_source=en.wikipedia.org&utm_campaign=api&utm_content=thumbnail,Italian,22,0,0,0,0,0,2,0,1
Stoffel Vandoorne,MCLAREN,McLaren,MCLAREN,2017,Driver,https://upload.wikimedia.org/wikipedia/commons/thumb/c/c6/2023-04-23_Motorsport%2C_ABB_FIA_Formula_E_World_Championship%2C_Berlin_E-Prix_2023_1DX_1774_by_Stepro_%28cropped%29.jpg/330px-2023-04-23_Motorsport%2C_ABB_FIA_Formula_E_World_Championship%2C_Berlin_E-Prix_2023_1DX_1774_by_Stepro_%28cropped%29.jpg?utm_source=en.wikipedia.org&utm_campaign=api&utm_content=thumbnail,Belgian,16,0,0,0,0,3,20,0,6
Fernando Alonso,MCLAREN,McLaren,MCLAREN,2017,Driver,https://upload.wikimedia.org/wikipedia/commons/thumb/9/97/Alonso-68_%2824710447098%29.jpg/330px-Alonso-68_%2824710447098%29.jpg?utm_source=en.wikipedia.org&utm_campaign=api&utm_content=thumbnail,Spanish,15,0,0,0,1,5,19,0,8
Kevin Magnussen,HAAS,Haas F1 Team,HAAS,2017,Driver,https://upload.wikimedia.org/wikipedia/commons/thumb/6/63/Kevin_Magnussen%2C_2019_Formula_One_Tests_Barcelona_%28cropped%29.jpg/330px-Kevin_Magnussen%2C_2019_Formula_One_Tests_Barcelona_%28cropped%29.jpg?utm_source=en.wikipedia.org&utm_campaign=api&utm_content=thumbnail,Danish,14,0,0,0,0,5,20,0,5
Lance Stroll,WILLIAMS,Williams,WILLIAMS,2017,Driver,https://upload.wikimedia.org/wikipedia/commons/thumb/4/4e/2025_Japan_GP_-_Aston_Martin_-_Lance_Stroll_-_Fanzone_Stage_%28cropped%29.jpg/330px-2025_Japan_GP_-_Aston_Martin_-_Lance_Stroll_-_Fanzone_Stage_%28cropped%29.jpg?utm_source=en.wikipedia.org&utm_campaign=api&utm_content=thumbnail,Canadian,12,0,1,0,0,7,20,0,4
Daniel Ricciardo,RED_BULL,Red Bull,RED_BULL,2017,Driver,https://upload.wikimedia.org/wikipedia/commons/thumb/c/c0/Daniel_Ricciardo_January_2024.jpg/330px-Daniel_Ricciardo_January_2024.jpg?utm_source=en.wikipedia.org&utm_campaign=api&utm_content=thumbnail,Australian,5,1,9,0,1,14,20,0,6
Marcus Ericsson,SAUBER,Sauber,SAUBER,2017,Driver,https://upload.wikimedia.org/wikipedia/commons/thumb/8/87/Marcus_Ericsson_in_2023.jpg/330px-Marcus_Ericsson_in_2023.jpg?utm_source=en.wikipedia.org&utm_campaign=api&utm_content=thumbnail,Swedish,20,0,0,0,0,0,20,0,6
Jolyon Palmer,RENAULT,Renault,RENAULT,2017,Driver,https://upload.wikimedia.org/wikipedia/commons/thumb/6/6c/Jolyon_Palmer_2016_Malaysia.jpg/330px-Jolyon_Palmer_2016_Malaysia.jpg?utm_source=en.wikipedia.org&utm_campaign=api&utm_content=thumbnail,British,17,0,0,0,0,1,16,0,5
Romain Grosjean,HAAS,Haas F1 Team,HAAS,2017,Driver,https://upload.wikimedia.org/wikipedia/commons/thumb/5/58/Grosjean_at_2024_Chevrolet_Detroit_Grand_Prix.jpg/330px-Grosjean_at_2024_Chevrolet_Detroit_Grand_Prix.jpg?utm_source=en.wikipedia.org&utm_campaign=api&utm_content=thumbnail,French,13,0,0,0,0,8,20,0,3
Pascal Wehrlein,SAUBER,Sauber,SAUBER,2017,Driver,https://upload.wikimedia.org/wikipedia/commons/thumb/0/0b/2024-05-10_Motorsport%2C_ABB_FIA_Formula_E_World_Championship%2C_Berlin_E-Prix_2024_STP_2554_by_Stepro.jpg/330px-2024-05-10_Motorsport%2C_ABB_FIA_Formula_E_World_Championship%2C_Berlin_E-Prix_2024_STP_2554_by_Stepro.jpg?utm_source=en.wikipedia.org&utm_campaign=api&utm_content=thumbnail,German,18,0,0,0,0,2,18,0,3
Jenson Button,MCLAREN,McLaren,MCLAREN,2017,Driver,https://upload.wikimedia.org/wikipedia/commons/thumb/0/0c/Jenson_Button_2024_WEC_Fuji.jpg/330px-Jenson_Button_2024_WEC_Fuji.jpg?utm_source=en.wikipedia.org&utm_campaign=api&utm_content=thumbnail,British,,0,0,0,0,0,1,0,1
Paul di Resta,WILLIAMS,Williams,WILLIAMS,2017,Driver,https://upload.wikimedia.org/wikipedia/commons/thumb/e/e8/Paul_di_Resta_2022_%28cropped%29.jpg/330px-Paul_di_Resta_2022_%28cropped%29.jpg?utm_source=en.wikipedia.org&utm_campaign=api&utm_content=thumbnail,British,,0,0,0,0,0,1,0,1
Pierre Gasly,TORO_ROSSO,Toro Rosso,TORO_ROSSO,2017,Driver,https://upload.wikimedia.org/wikipedia/commons/thumb/6/61/2022_French_Grand_Prix_%2852279066548%29_%28cropped%29_%28cropped%29.png/330px-2022_French_Grand_Prix_%2852279066548%29_%28cropped%29_%28cropped%29.png?utm_source=en.wikipedia.org&utm_campaign=api&utm_content=thumbnail,French,21,0,0,0,0,0,5,0,0
Brendon Hartley,TORO_ROSSO,Toro Rosso,TORO_ROSSO,2017,Driver,https://upload.wikimedia.org/wikipedia/commons/thumb/6/6a/Brendon_Hartley_at_the_2025_Adelaide_Grand_Final_-_01.jpg/330px-Brendon_Hartley_at_the_2025_Adelaide_Grand_Final_-_01.jpg?utm_source=en.wikipedia.org&utm_campaign=api&utm_content=thumbnail,New Zealander,23,0,0,0,0,0,4,0,2
Sebastian Vettel,FERRARI,Ferrari,FERRARI,2018,Driver,https://upload.wikimedia.org/wikipedia/commons/thumb/2/2f/Sebastian_Vettel_2011_Sebastian_Vettel_in_Yokohama.jpg/330px-Sebastian_Vettel_2011_Sebastian_Vettel_in_Yokohama.jpg?utm_source=en.wikipedia.org&utm_campaign=api&utm_content=thumbnail,German,2,5,12,5,3,20,21,0,1
Lewis Hamilton,MERCEDES,Mercedes,MERCEDES,2018,Driver,https://upload.wikimedia.org/wikipedia/commons/thumb/d/d3/Prime_Minister_Keir_Starmer_meets_Sir_Lewis_Hamilton_%2854566928382%29_%28cropped%29.jpg/330px-Prime_Minister_Keir_Starmer_meets_Sir_Lewis_Hamilton_%2854566928382%29_%28cropped%29.jpg?utm_source=en.wikipedia.org&utm_campaign=api&utm_content=thumbnail,British,1,11,17,11,3,20,21,1,1
Kimi Räikkönen,FERRARI,Ferrari,FERRARI,2018,Driver,https://upload.wikimedia.org/wikipedia/commons/thumb/f/ff/F12019_Schloss_Gabelhofen_%2822%29_%28cropped%29.jpg/330px-F12019_Schloss_Gabelhofen_%2822%29_%28cropped%29.jpg?utm_source=en.wikipedia.org&utm_campaign=api&utm_content=thumbnail,Finnish,3,1,12,1,1,17,21,0,4
Daniel Ricciardo,RED_BULL,Red Bull,RED_BULL,2018,Driver,https://upload.wikimedia.org/wikipedia/commons/thumb/c/c0/Daniel_Ricciardo_January_2024.jpg/330px-Daniel_Ricciardo_January_2024.jpg?utm_source=en.wikipedia.org&utm_campaign=api&utm_content=thumbnail,Australian,6,2,2,2,4,13,21,0,8
Fernando Alonso,MCLAREN,McLaren,MCLAREN,2018,Driver,https://upload.wikimedia.org/wikipedia/commons/thumb/9/97/Alonso-68_%2824710447098%29.jpg/330px-Alonso-68_%2824710447098%29.jpg?utm_source=en.wikipedia.org&utm_campaign=api&utm_content=thumbnail,Spanish,11,0,0,0,0,9,21,0,6
Max Verstappen,RED_BULL,Red Bull,RED_BULL,2018,Driver,https://upload.wikimedia.org/wikipedia/commons/thumb/5/52/2024-08-25_Motorsport%2C_Formel_1%2C_Gro%C3%9Fer_Preis_der_Niederlande_2024_STP_3973_by_Stepro_%28medium_crop%29.jpg/330px-2024-08-25_Motorsport%2C_Formel_1%2C_Gro%C3%9Fer_Preis_der_Niederlande_2024_STP_3973_by_Stepro_%28medium_crop%29.jpg?utm_source=en.wikipedia.org&utm_campaign=api&utm_content=thumbnail,Dutch,4,2,11,0,2,17,21,0,4
Nico Hülkenberg,RENAULT,Renault,RENAULT,2018,Driver,https://upload.wikimedia.org/wikipedia/commons/thumb/d/de/2019_Formula_One_tests_Barcelona%2C_Hulkenberg_%2840287128313%29.jpg/330px-2019_Formula_One_tests_Barcelona%2C_Hulkenberg_%2840287128313%29.jpg?utm_source=en.wikipedia.org&utm_campaign=api&utm_content=thumbnail,German,7,0,0,0,0,11,21,0,7
Valtteri Bottas,MERCEDES,Mercedes,MERCEDES,2018,Driver,https://upload.wikimedia.org/wikipedia/commons/thumb/2/20/Valtteri_Bottas_at_the_2026_Adelaide_Motorsport_Festival_%28028A7556%29.jpg/330px-Valtteri_Bottas_at_the_2026_Adelaide_Motorsport_Festival_%28028A7556%29.jpg?utm_source=en.wikipedia.org&utm_campaign=api&utm_content=thumbnail,Finnish,5,0,8,2,7,19,21,0,2
Stoffel Vandoorne,MCLAREN,McLaren,MCLAREN,2018,Driver,https://upload.wikimedia.org/wikipedia/commons/thumb/c/c6/2023-04-23_Motorsport%2C_ABB_FIA_Formula_E_World_Championship%2C_Berlin_E-Prix_2023_1DX_1774_by_Stepro_%28cropped%29.jpg/330px-2023-04-23_Motorsport%2C_ABB_FIA_Formula_E_World_Championship%2C_Berlin_E-Prix_2023_1DX_1774_by_Stepro_%28cropped%29.jpg?utm_source=en.wikipedia.org&utm_campaign=api&utm_content=thumbnail,Belgian,16,0,0,0,0,4,21,0,2
Sergio Pérez,FORCE_INDIA,Force India,FORCE_INDIA,2018,Driver,https://upload.wikimedia.org/wikipedia/commons/thumb/7/7a/Sergio_P%C3%A9rez_2019_%28cropped%29.jpg/330px-Sergio_P%C3%A9rez_2019_%28cropped%29.jpg?utm_source=en.wikipedia.org&utm_campaign=api&utm_content=thumbnail,Mexican,8,0,1,0,0,12,21,0,2
Esteban Ocon,FORCE_INDIA,Force India,FORCE_INDIA,2018,Driver,https://upload.wikimedia.org/wikipedia/commons/thumb/2/2e/Esteban_Ocon_2024_Suzuka_%28cropped%29.jpg/330px-Esteban_Ocon_2024_Suzuka_%28cropped%29.jpg?utm_source=en.wikipedia.org&utm_campaign=api&utm_content=thumbnail,French,12,0,0,0,0,10,21,0,6
Charles Leclerc,SAUBER,Sauber,SAUBER,2018,Driver,https://upload.wikimedia.org/wikipedia/commons/thumb/d/d5/Charles_Leclerc_at_the_2026_Cannes_Film_Festival_%28cropped%29.jpg/330px-Charles_Leclerc_at_the_2026_Cannes_Film_Festival_%28cropped%29.jpg?utm_source=en.wikipedia.org&utm_campaign=api&utm_content=thumbnail,Monegasque,13,0,0,0,0,10,21,0,6
Lance Stroll,WILLIAMS,Williams,WILLIAMS,2018,Driver,https://upload.wikimedia.org/wikipedia/commons/thumb/4/4e/2025_Japan_GP_-_Aston_Martin_-_Lance_Stroll_-_Fanzone_Stage_%28cropped%29.jpg/330px-2025_Japan_GP_-_Aston_Martin_-_Lance_Stroll_-_Fanzone_Stage_%28cropped%29.jpg?utm_source=en.wikipedia.org&utm_campaign=api&utm_content=thumbnail,Canadian,18,0,0,0,0,2,21,0,2
Brendon Hartley,TORO_ROSSO,Toro Rosso,TORO_ROSSO,2018,Driver,https://upload.wikimedia.org/wikipedia/commons/thumb/6/6a/Brendon_Hartley_at_the_2025_Adelaide_Grand_Final_-_01.jpg/330px-Brendon_Hartley_at_the_2025_Adelaide_Grand_Final_-_01.jpg?utm_source=en.wikipedia.org&utm_campaign=api&utm_content=thumbnail,New Zealander,19,0,0,0,0,3,21,0,6
Romain Grosjean,HAAS,Haas F1 Team,HAAS,2018,Driver,https://upload.wikimedia.org/wikipedia/commons/thumb/5/58/Grosjean_at_2024_Chevrolet_Detroit_Grand_Prix.jpg/330px-Grosjean_at_2024_Chevrolet_Detroit_Grand_Prix.jpg?utm_source=en.wikipedia.org&utm_campaign=api&utm_content=thumbnail,French,14,0,0,0,0,7,21,0,6
Kevin Magnussen,HAAS,Haas F1 Team,HAAS,2018,Driver,https://upload.wikimedia.org/wikipedia/commons/thumb/6/63/Kevin_Magnussen%2C_2019_Formula_One_Tests_Barcelona_%28cropped%29.jpg/330px-Kevin_Magnussen%2C_2019_Formula_One_Tests_Barcelona_%28cropped%29.jpg?utm_source=en.wikipedia.org&utm_campaign=api&utm_content=thumbnail,Danish,9,0,0,0,1,11,21,0,3
Pierre Gasly,TORO_ROSSO,Toro Rosso,TORO_ROSSO,2018,Driver,https://upload.wikimedia.org/wikipedia/commons/thumb/6/61/2022_French_Grand_Prix_%2852279066548%29_%28cropped%29_%28cropped%29.png/330px-2022_French_Grand_Prix_%2852279066548%29_%28cropped%29_%28cropped%29.png?utm_source=en.wikipedia.org&utm_campaign=api&utm_content=thumbnail,French,15,0,0,0,0,5,21,0,5
Marcus Ericsson,SAUBER,Sauber,SAUBER,2018,Driver,https://upload.wikimedia.org/wikipedia/commons/thumb/8/87/Marcus_Ericsson_in_2023.jpg/330px-Marcus_Ericsson_in_2023.jpg?utm_source=en.wikipedia.org&utm_campaign=api&utm_content=thumbnail,Swedish,17,0,0,0,0,6,21,0,4
Sergey Sirotkin,WILLIAMS,Williams,WILLIAMS,2018,Driver,https://upload.wikimedia.org/wikipedia/commons/thumb/3/35/Sergey_Sirotkin_SMP_Racing.jpg/330px-Sergey_Sirotkin_SMP_Racing.jpg?utm_source=en.wikipedia.org&utm_campaign=api&utm_content=thumbnail,Russian,20,0,0,0,0,1,21,0,3
Valtteri Bottas,MERCEDES,Mercedes,MERCEDES,2019,Driver,https://upload.wikimedia.org/wikipedia/commons/thumb/2/20/Valtteri_Bottas_at_the_2026_Adelaide_Motorsport_Festival_%28028A7556%29.jpg/330px-Valtteri_Bottas_at_the_2026_Adelaide_Motorsport_Festival_%28028A7556%29.jpg?utm_source=en.wikipedia.org&utm_campaign=api&utm_content=thumbnail,Finnish,2,4,15,5,3,19,21,0,2
Lewis Hamilton,MERCEDES,Mercedes,MERCEDES,2019,Driver,https://upload.wikimedia.org/wikipedia/commons/thumb/d/d3/Prime_Minister_Keir_Starmer_meets_Sir_Lewis_Hamilton_%2854566928382%29_%28cropped%29.jpg/330px-Prime_Minister_Keir_Starmer_meets_Sir_Lewis_Hamilton_%2854566928382%29_%28cropped%29.jpg?utm_source=en.wikipedia.org&utm_campaign=api&utm_content=thumbnail,British,1,11,17,5,6,21,21,1,0
Max Verstappen,RED_BULL,Red Bull,RED_BULL,2019,Driver,https://upload.wikimedia.org/wikipedia/commons/thumb/5/52/2024-08-25_Motorsport%2C_Formel_1%2C_Gro%C3%9Fer_Preis_der_Niederlande_2024_STP_3973_by_Stepro_%28medium_crop%29.jpg/330px-2024-08-25_Motorsport%2C_Formel_1%2C_Gro%C3%9Fer_Preis_der_Niederlande_2024_STP_3973_by_Stepro_%28medium_crop%29.jpg?utm_source=en.wikipedia.org&utm_campaign=api&utm_content=thumbnail,Dutch,3,3,9,2,3,19,21,0,2
Sebastian Vettel,FERRARI,Ferrari,FERRARI,2019,Driver,https://upload.wikimedia.org/wikipedia/commons/thumb/2/2f/Sebastian_Vettel_2011_Sebastian_Vettel_in_Yokohama.jpg/330px-Sebastian_Vettel_2011_Sebastian_Vettel_in_Yokohama.jpg?utm_source=en.wikipedia.org&utm_campaign=api&utm_content=thumbnail,German,5,1,9,2,2,16,21,0,2
Charles Leclerc,FERRARI,Ferrari,FERRARI,2019,Driver,https://upload.wikimedia.org/wikipedia/commons/thumb/d/d5/Charles_Leclerc_at_the_2026_Cannes_Film_Festival_%28cropped%29.jpg/330px-Charles_Leclerc_at_the_2026_Cannes_Film_Festival_%28cropped%29.jpg?utm_source=en.wikipedia.org&utm_campaign=api&utm_content=thumbnail,Monegasque,4,2,10,7,4,18,21,0,2
Kevin Magnussen,HAAS,Haas F1 Team,HAAS,2019,Driver,https://upload.wikimedia.org/wikipedia/commons/thumb/6/63/Kevin_Magnussen%2C_2019_Formula_One_Tests_Barcelona_%28cropped%29.jpg/330px-Kevin_Magnussen%2C_2019_Formula_One_Tests_Barcelona_%28cropped%29.jpg?utm_source=en.wikipedia.org&utm_campaign=api&utm_content=thumbnail,Danish,16,0,0,0,1,4,21,0,2
Nico Hülkenberg,RENAULT,Renault,RENAULT,2019,Driver,https://upload.wikimedia.org/wikipedia/commons/thumb/d/de/2019_Formula_One_tests_Barcelona%2C_Hulkenberg_%2840287128313%29.jpg/330px-2019_Formula_One_tests_Barcelona%2C_Hulkenberg_%2840287128313%29.jpg?utm_source=en.wikipedia.org&utm_campaign=api&utm_content=thumbnail,German,14,0,0,0,0,10,21,0,4
Kimi Räikkönen,ALFA,Alfa Romeo,ALFA,2019,Driver,https://upload.wikimedia.org/wikipedia/commons/thumb/f/ff/F12019_Schloss_Gabelhofen_%2822%29_%28cropped%29.jpg/330px-F12019_Schloss_Gabelhofen_%2822%29_%28cropped%29.jpg?utm_source=en.wikipedia.org&utm_campaign=api&utm_content=thumbnail,Finnish,12,0,0,0,0,9,21,0,2
Lance Stroll,RACING_POINT,Racing Point,RACING_POINT,2019,Driver,https://upload.wikimedia.org/wikipedia/commons/thumb/4/4e/2025_Japan_GP_-_Aston_Martin_-_Lance_Stroll_-_Fanzone_Stage_%28cropped%29.jpg/330px-2025_Japan_GP_-_Aston_Martin_-_Lance_Stroll_-_Fanzone_Stage_%28cropped%29.jpg?utm_source=en.wikipedia.org&utm_campaign=api&utm_content=thumbnail,Canadian,15,0,0,0,0,6,21,0,2
Daniil Kvyat,TORO_ROSSO,Toro Rosso,TORO_ROSSO,2019,Driver,https://upload.wikimedia.org/wikipedia/commons/thumb/0/09/Daniil_Kvyat_2024_Suzuka_A2RL_%28cropped%29.jpg/330px-Daniil_Kvyat_2024_Suzuka_A2RL_%28cropped%29.jpg?utm_source=en.wikipedia.org&utm_campaign=api&utm_content=thumbnail,Russian,13,0,1,0,0,10,21,0,3
Pierre Gasly,RED_BULL,Red Bull,RED_BULL|TORO_ROSSO,2019,Driver,https://upload.wikimedia.org/wikipedia/commons/thumb/6/61/2022_French_Grand_Prix_%2852279066548%29_%28cropped%29_%28cropped%29.png/330px-2022_French_Grand_Prix_%2852279066548%29_%28cropped%29_%28cropped%29.png?utm_source=en.wikipedia.org&utm_campaign=api&utm_content=thumbnail,French,7,0,1,0,2,14,21,0,1
Lando Norris,MCLAREN,McLaren,MCLAREN,2019,Driver,https://upload.wikimedia.org/wikipedia/commons/thumb/9/90/2024-08-25_Motorsport%2C_Formel_1%2C_Gro%C3%9Fer_Preis_der_Niederlande_2024_STP_3968_by_Stepro_%28cropped2%29.jpg/330px-2024-08-25_Motorsport%2C_Formel_1%2C_Gro%C3%9Fer_Preis_der_Niederlande_2024_STP_3968_by_Stepro_%28cropped2%29.jpg?utm_source=en.wikipedia.org&utm_campaign=api&utm_content=thumbnail,British,11,0,0,0,0,11,21,0,4
Sergio Pérez,RACING_POINT,Racing Point,RACING_POINT,2019,Driver,https://upload.wikimedia.org/wikipedia/commons/thumb/7/7a/Sergio_P%C3%A9rez_2019_%28cropped%29.jpg/330px-Sergio_P%C3%A9rez_2019_%28cropped%29.jpg?utm_source=en.wikipedia.org&utm_campaign=api&utm_content=thumbnail,Mexican,10,0,0,0,0,11,21,0,2
Alexander Albon,TORO_ROSSO,Toro Rosso,TORO_ROSSO|RED_BULL,2019,Driver,https://upload.wikimedia.org/wikipedia/commons/thumb/4/4a/Alex_Albon_at_the_Melbourne_Walk_during_the_2026_Australian_Grand_Prix_%28028A8626%29_%28cropped%29.jpg/330px-Alex_Albon_at_the_Melbourne_Walk_during_the_2026_Australian_Grand_Prix_%28028A8626%29_%28cropped%29.jpg?utm_source=en.wikipedia.org&utm_campaign=api&utm_content=thumbnail,Thai,8,0,0,0,0,13,21,0,1
Antonio Giovinazzi,ALFA,Alfa Romeo,ALFA,2019,Driver,https://upload.wikimedia.org/wikipedia/commons/thumb/9/91/Antonio_Giovinazzi_-_Ferrari_499P_-_Hybrid_during_the_pitwalk_at_the_2023_Le_Mans_%2853468237574%29.jpg/330px-Antonio_Giovinazzi_-_Ferrari_499P_-_Hybrid_during_the_pitwalk_at_the_2023_Le_Mans_%2853468237574%29.jpg?utm_source=en.wikipedia.org&utm_campaign=api&utm_content=thumbnail,Italian,17,0,0,0,0,4,21,0,1
George Russell,WILLIAMS,Williams,WILLIAMS,2019,Driver,https://upload.wikimedia.org/wikipedia/commons/thumb/7/7f/KingsLeonSilverstne040724_%2828_of_112%29_%2853838006028%29_%28cropped%29.jpg/330px-KingsLeonSilverstne040724_%2828_of_112%29_%2853838006028%29_%28cropped%29.jpg?utm_source=en.wikipedia.org&utm_campaign=api&utm_content=thumbnail,British,20,0,0,0,0,0,21,0,2
Robert Kubica,WILLIAMS,Williams,WILLIAMS,2019,Driver,https://upload.wikimedia.org/wikipedia/commons/thumb/7/7b/Robert_Kubica_at_Monza_2023.jpg/330px-Robert_Kubica_at_Monza_2023.jpg?utm_source=en.wikipedia.org&utm_campaign=api&utm_content=thumbnail,Polish,19,0,0,0,0,1,21,0,2
Romain Grosjean,HAAS,Haas F1 Team,HAAS,2019,Driver,https://upload.wikimedia.org/wikipedia/commons/thumb/5/58/Grosjean_at_2024_Chevrolet_Detroit_Grand_Prix.jpg/330px-Grosjean_at_2024_Chevrolet_Detroit_Grand_Prix.jpg?utm_source=en.wikipedia.org&utm_campaign=api&utm_content=thumbnail,French,18,0,0,0,0,3,21,0,6
Daniel Ricciardo,RENAULT,Renault,RENAULT,2019,Driver,https://upload.wikimedia.org/wikipedia/commons/thumb/c/c0/Daniel_Ricciardo_January_2024.jpg/330px-Daniel_Ricciardo_January_2024.jpg?utm_source=en.wikipedia.org&utm_campaign=api&utm_content=thumbnail,Australian,9,0,0,0,0,8,21,0,6
Valtteri Bottas,MERCEDES,Mercedes,MERCEDES,2020,Driver,https://upload.wikimedia.org/wikipedia/commons/thumb/2/20/Valtteri_Bottas_at_the_2026_Adelaide_Motorsport_Festival_%28028A7556%29.jpg/330px-Valtteri_Bottas_at_the_2026_Adelaide_Motorsport_Festival_%28028A7556%29.jpg?utm_source=en.wikipedia.org&utm_campaign=api&utm_content=thumbnail,Finnish,2,2,11,5,2,14,17,0,1
Charles Leclerc,FERRARI,Ferrari,FERRARI,2020,Driver,https://upload.wikimedia.org/wikipedia/commons/thumb/d/d5/Charles_Leclerc_at_the_2026_Cannes_Film_Festival_%28cropped%29.jpg/330px-Charles_Leclerc_at_the_2026_Cannes_Film_Festival_%28cropped%29.jpg?utm_source=en.wikipedia.org&utm_campaign=api&utm_content=thumbnail,Monegasque,8,0,2,0,0,10,17,0,4
Lando Norris,MCLAREN,McLaren,MCLAREN,2020,Driver,https://upload.wikimedia.org/wikipedia/commons/thumb/9/90/2024-08-25_Motorsport%2C_Formel_1%2C_Gro%C3%9Fer_Preis_der_Niederlande_2024_STP_3968_by_Stepro_%28cropped2%29.jpg/330px-2024-08-25_Motorsport%2C_Formel_1%2C_Gro%C3%9Fer_Preis_der_Niederlande_2024_STP_3968_by_Stepro_%28cropped2%29.jpg?utm_source=en.wikipedia.org&utm_campaign=api&utm_content=thumbnail,British,9,0,1,0,2,13,17,0,1
Lewis Hamilton,MERCEDES,Mercedes,MERCEDES,2020,Driver,https://upload.wikimedia.org/wikipedia/commons/thumb/d/d3/Prime_Minister_Keir_Starmer_meets_Sir_Lewis_Hamilton_%2854566928382%29_%28cropped%29.jpg/330px-Prime_Minister_Keir_Starmer_meets_Sir_Lewis_Hamilton_%2854566928382%29_%28cropped%29.jpg?utm_source=en.wikipedia.org&utm_campaign=api&utm_content=thumbnail,British,1,11,14,10,6,16,16,1,0
Sergio Pérez,RACING_POINT,Racing Point,RACING_POINT,2020,Driver,https://upload.wikimedia.org/wikipedia/commons/thumb/7/7a/Sergio_P%C3%A9rez_2019_%28cropped%29.jpg/330px-Sergio_P%C3%A9rez_2019_%28cropped%29.jpg?utm_source=en.wikipedia.org&utm_campaign=api&utm_content=thumbnail,Mexican,4,1,2,0,0,13,15,0,1
Pierre Gasly,ALPHATAURI,AlphaTauri,ALPHATAURI,2020,Driver,https://upload.wikimedia.org/wikipedia/commons/thumb/6/61/2022_French_Grand_Prix_%2852279066548%29_%28cropped%29_%28cropped%29.png/330px-2022_French_Grand_Prix_%2852279066548%29_%28cropped%29_%28cropped%29.png?utm_source=en.wikipedia.org&utm_campaign=api&utm_content=thumbnail,French,10,1,1,0,0,10,17,0,3
Esteban Ocon,RENAULT,Renault,RENAULT,2020,Driver,https://upload.wikimedia.org/wikipedia/commons/thumb/2/2e/Esteban_Ocon_2024_Suzuka_%28cropped%29.jpg/330px-Esteban_Ocon_2024_Suzuka_%28cropped%29.jpg?utm_source=en.wikipedia.org&utm_campaign=api&utm_content=thumbnail,French,12,0,1,0,0,10,17,0,4
Antonio Giovinazzi,ALFA,Alfa Romeo,ALFA,2020,Driver,https://upload.wikimedia.org/wikipedia/commons/thumb/9/91/Antonio_Giovinazzi_-_Ferrari_499P_-_Hybrid_during_the_pitwalk_at_the_2023_Le_Mans_%2853468237574%29.jpg/330px-Antonio_Giovinazzi_-_Ferrari_499P_-_Hybrid_during_the_pitwalk_at_the_2023_Le_Mans_%2853468237574%29.jpg?utm_source=en.wikipedia.org&utm_campaign=api&utm_content=thumbnail,Italian,17,0,0,0,0,3,17,0,3
Sebastian Vettel,FERRARI,Ferrari,FERRARI,2020,Driver,https://upload.wikimedia.org/wikipedia/commons/thumb/2/2f/Sebastian_Vettel_2011_Sebastian_Vettel_in_Yokohama.jpg/330px-Sebastian_Vettel_2011_Sebastian_Vettel_in_Yokohama.jpg?utm_source=en.wikipedia.org&utm_campaign=api&utm_content=thumbnail,German,13,0,1,0,0,7,17,0,2
Nicholas Latifi,WILLIAMS,Williams,WILLIAMS,2020,Driver,https://upload.wikimedia.org/wikipedia/commons/thumb/5/58/Nicholas_Latifi_at_Singapore_in_2022_%28cropped%29.jpg/330px-Nicholas_Latifi_at_Singapore_in_2022_%28cropped%29.jpg?utm_source=en.wikipedia.org&utm_campaign=api&utm_content=thumbnail,Canadian,21,0,0,0,0,0,17,0,3
Daniil Kvyat,ALPHATAURI,AlphaTauri,ALPHATAURI,2020,Driver,https://upload.wikimedia.org/wikipedia/commons/thumb/0/09/Daniil_Kvyat_2024_Suzuka_A2RL_%28cropped%29.jpg/330px-Daniil_Kvyat_2024_Suzuka_A2RL_%28cropped%29.jpg?utm_source=en.wikipedia.org&utm_campaign=api&utm_content=thumbnail,Russian,14,0,0,0,0,7,17,0,1
Alexander Albon,RED_BULL,Red Bull,RED_BULL,2020,Driver,https://upload.wikimedia.org/wikipedia/commons/thumb/4/4a/Alex_Albon_at_the_Melbourne_Walk_during_the_2026_Australian_Grand_Prix_%28028A8626%29_%28cropped%29.jpg/330px-Alex_Albon_at_the_Melbourne_Walk_during_the_2026_Australian_Grand_Prix_%28028A8626%29_%28cropped%29.jpg?utm_source=en.wikipedia.org&utm_campaign=api&utm_content=thumbnail,Thai,7,0,2,0,0,12,17,0,1
Kimi Räikkönen,ALFA,Alfa Romeo,ALFA,2020,Driver,https://upload.wikimedia.org/wikipedia/commons/thumb/f/ff/F12019_Schloss_Gabelhofen_%2822%29_%28cropped%29.jpg/330px-F12019_Schloss_Gabelhofen_%2822%29_%28cropped%29.jpg?utm_source=en.wikipedia.org&utm_campaign=api&utm_content=thumbnail,Finnish,16,0,0,0,0,2,17,0,1
George Russell,WILLIAMS,Williams,WILLIAMS|MERCEDES,2020,Driver,https://upload.wikimedia.org/wikipedia/commons/thumb/7/7f/KingsLeonSilverstne040724_%2828_of_112%29_%2853838006028%29_%28cropped%29.jpg/330px-KingsLeonSilverstne040724_%2828_of_112%29_%2853838006028%29_%28cropped%29.jpg?utm_source=en.wikipedia.org&utm_campaign=api&utm_content=thumbnail,British,18,0,0,0,1,1,17,0,4
Romain Grosjean,HAAS,Haas F1 Team,HAAS,2020,Driver,https://upload.wikimedia.org/wikipedia/commons/thumb/5/58/Grosjean_at_2024_Chevrolet_Detroit_Grand_Prix.jpg/330px-Grosjean_at_2024_Chevrolet_Detroit_Grand_Prix.jpg?utm_source=en.wikipedia.org&utm_campaign=api&utm_content=thumbnail,French,19,0,0,0,0,1,15,0,3
Kevin Magnussen,HAAS,Haas F1 Team,HAAS,2020,Driver,https://upload.wikimedia.org/wikipedia/commons/thumb/6/63/Kevin_Magnussen%2C_2019_Formula_One_Tests_Barcelona_%28cropped%29.jpg/330px-Kevin_Magnussen%2C_2019_Formula_One_Tests_Barcelona_%28cropped%29.jpg?utm_source=en.wikipedia.org&utm_campaign=api&utm_content=thumbnail,Danish,20,0,0,0,0,1,17,0,6
Lance Stroll,RACING_POINT,Racing Point,RACING_POINT,2020,Driver,https://upload.wikimedia.org/wikipedia/commons/thumb/4/4e/2025_Japan_GP_-_Aston_Martin_-_Lance_Stroll_-_Fanzone_Stage_%28cropped%29.jpg/330px-2025_Japan_GP_-_Aston_Martin_-_Lance_Stroll_-_Fanzone_Stage_%28cropped%29.jpg?utm_source=en.wikipedia.org&utm_campaign=api&utm_content=thumbnail,Canadian,11,0,2,1,0,10,16,0,5
Daniel Ricciardo,RENAULT,Renault,RENAULT,2020,Driver,https://upload.wikimedia.org/wikipedia/commons/thumb/c/c0/Daniel_Ricciardo_January_2024.jpg/330px-Daniel_Ricciardo_January_2024.jpg?utm_source=en.wikipedia.org&utm_campaign=api&utm_content=thumbnail,Australian,5,0,2,0,2,14,17,0,1
Max Verstappen,RED_BULL,Red Bull,RED_BULL,2020,Driver,https://upload.wikimedia.org/wikipedia/commons/thumb/5/52/2024-08-25_Motorsport%2C_Formel_1%2C_Gro%C3%9Fer_Preis_der_Niederlande_2024_STP_3973_by_Stepro_%28medium_crop%29.jpg/330px-2024-08-25_Motorsport%2C_Formel_1%2C_Gro%C3%9Fer_Preis_der_Niederlande_2024_STP_3973_by_Stepro_%28medium_crop%29.jpg?utm_source=en.wikipedia.org&utm_campaign=api&utm_content=thumbnail,Dutch,3,2,11,1,3,12,17,0,5
Nico Hülkenberg,RACING_POINT,Racing Point,RACING_POINT,2020,Driver,https://upload.wikimedia.org/wikipedia/commons/thumb/d/de/2019_Formula_One_tests_Barcelona%2C_Hulkenberg_%2840287128313%29.jpg/330px-2019_Formula_One_tests_Barcelona%2C_Hulkenberg_%2840287128313%29.jpg?utm_source=en.wikipedia.org&utm_campaign=api&utm_content=thumbnail,German,15,0,0,0,0,2,3,0,1
Jack Aitken,WILLIAMS,Williams,WILLIAMS,2020,Driver,https://upload.wikimedia.org/wikipedia/commons/thumb/b/b4/2024-04-27_Motorsport%2C_DTM%2C_Oschersleben_STP_2025_%28cropped%29.jpg/330px-2024-04-27_Motorsport%2C_DTM%2C_Oschersleben_STP_2025_%28cropped%29.jpg?utm_source=en.wikipedia.org&utm_campaign=api&utm_content=thumbnail,British,22,0,0,0,0,0,1,0,0
Pietro Fittipaldi,HAAS,Haas F1 Team,HAAS,2020,Driver,https://upload.wikimedia.org/wikipedia/commons/thumb/3/3f/Pietro_Fittipaldi_Stock_Car_2021.png/330px-Pietro_Fittipaldi_Stock_Car_2021.png?utm_source=en.wikipedia.org&utm_campaign=api&utm_content=thumbnail,Brazilian,23,0,0,0,0,0,2,0,0
Lewis Hamilton,MERCEDES,Mercedes,MERCEDES,2021,Driver,https://upload.wikimedia.org/wikipedia/commons/thumb/d/d3/Prime_Minister_Keir_Starmer_meets_Sir_Lewis_Hamilton_%2854566928382%29_%28cropped%29.jpg/330px-Prime_Minister_Keir_Starmer_meets_Sir_Lewis_Hamilton_%2854566928382%29_%28cropped%29.jpg?utm_source=en.wikipedia.org&utm_campaign=api&utm_content=thumbnail,British,2,8,17,5,6,20,22,0,1
Max Verstappen,RED_BULL,Red Bull,RED_BULL,2021,Driver,https://upload.wikimedia.org/wikipedia/commons/thumb/5/52/2024-08-25_Motorsport%2C_Formel_1%2C_Gro%C3%9Fer_Preis_der_Niederlande_2024_STP_3973_by_Stepro_%28medium_crop%29.jpg/330px-2024-08-25_Motorsport%2C_Formel_1%2C_Gro%C3%9Fer_Preis_der_Niederlande_2024_STP_3973_by_Stepro_%28medium_crop%29.jpg?utm_source=en.wikipedia.org&utm_campaign=api&utm_content=thumbnail,Dutch,1,10,18,10,6,19,22,1,3
Valtteri Bottas,MERCEDES,Mercedes,MERCEDES,2021,Driver,https://upload.wikimedia.org/wikipedia/commons/thumb/2/20/Valtteri_Bottas_at_the_2026_Adelaide_Motorsport_Festival_%28028A7556%29.jpg/330px-Valtteri_Bottas_at_the_2026_Adelaide_Motorsport_Festival_%28028A7556%29.jpg?utm_source=en.wikipedia.org&utm_campaign=api&utm_content=thumbnail,Finnish,3,1,11,4,4,15,22,0,4
Lando Norris,MCLAREN,McLaren,MCLAREN,2021,Driver,https://upload.wikimedia.org/wikipedia/commons/thumb/9/90/2024-08-25_Motorsport%2C_Formel_1%2C_Gro%C3%9Fer_Preis_der_Niederlande_2024_STP_3968_by_Stepro_%28cropped2%29.jpg/330px-2024-08-25_Motorsport%2C_Formel_1%2C_Gro%C3%9Fer_Preis_der_Niederlande_2024_STP_3968_by_Stepro_%28cropped2%29.jpg?utm_source=en.wikipedia.org&utm_campaign=api&utm_content=thumbnail,British,6,0,4,1,1,20,22,0,1
Sergio Pérez,RED_BULL,Red Bull,RED_BULL,2021,Driver,https://upload.wikimedia.org/wikipedia/commons/thumb/7/7a/Sergio_P%C3%A9rez_2019_%28cropped%29.jpg/330px-Sergio_P%C3%A9rez_2019_%28cropped%29.jpg?utm_source=en.wikipedia.org&utm_campaign=api&utm_content=thumbnail,Mexican,4,1,5,0,2,16,22,0,2
Charles Leclerc,FERRARI,Ferrari,FERRARI,2021,Driver,https://upload.wikimedia.org/wikipedia/commons/thumb/d/d5/Charles_Leclerc_at_the_2026_Cannes_Film_Festival_%28cropped%29.jpg/330px-Charles_Leclerc_at_the_2026_Cannes_Film_Festival_%28cropped%29.jpg?utm_source=en.wikipedia.org&utm_campaign=api&utm_content=thumbnail,Monegasque,7,0,1,2,0,18,22,0,2
Daniel Ricciardo,MCLAREN,McLaren,MCLAREN,2021,Driver,https://upload.wikimedia.org/wikipedia/commons/thumb/c/c0/Daniel_Ricciardo_January_2024.jpg/330px-Daniel_Ricciardo_January_2024.jpg?utm_source=en.wikipedia.org&utm_campaign=api&utm_content=thumbnail,Australian,8,1,1,0,1,13,22,0,1
Yuki Tsunoda,ALPHATAURI,AlphaTauri,ALPHATAURI,2021,Driver,https://upload.wikimedia.org/wikipedia/commons/thumb/a/a0/Yuki_Tsunoda_at_the_Melbourne_Walk_during_the_2026_Australian_Grand_Prix_%28028A8096%29.jpg/330px-Yuki_Tsunoda_at_the_Melbourne_Walk_during_the_2026_Australian_Grand_Prix_%28028A8096%29.jpg?utm_source=en.wikipedia.org&utm_campaign=api&utm_content=thumbnail,Japanese,14,0,0,0,0,7,22,0,4
Lance Stroll,ASTON_MARTIN,Aston Martin,ASTON_MARTIN,2021,Driver,https://upload.wikimedia.org/wikipedia/commons/thumb/4/4e/2025_Japan_GP_-_Aston_Martin_-_Lance_Stroll_-_Fanzone_Stage_%28cropped%29.jpg/330px-2025_Japan_GP_-_Aston_Martin_-_Lance_Stroll_-_Fanzone_Stage_%28cropped%29.jpg?utm_source=en.wikipedia.org&utm_campaign=api&utm_content=thumbnail,Canadian,13,0,0,0,0,9,22,0,3
Kimi Räikkönen,ALFA,Alfa Romeo,ALFA,2021,Driver,https://upload.wikimedia.org/wikipedia/commons/thumb/f/ff/F12019_Schloss_Gabelhofen_%2822%29_%28cropped%29.jpg/330px-F12019_Schloss_Gabelhofen_%2822%29_%28cropped%29.jpg?utm_source=en.wikipedia.org&utm_campaign=api&utm_content=thumbnail,Finnish,16,0,0,0,0,4,20,0,2
Antonio Giovinazzi,ALFA,Alfa Romeo,ALFA,2021,Driver,https://upload.wikimedia.org/wikipedia/commons/thumb/9/91/Antonio_Giovinazzi_-_Ferrari_499P_-_Hybrid_during_the_pitwalk_at_the_2023_Le_Mans_%2853468237574%29.jpg/330px-Antonio_Giovinazzi_-_Ferrari_499P_-_Hybrid_during_the_pitwalk_at_the_2023_Le_Mans_%2853468237574%29.jpg?utm_source=en.wikipedia.org&utm_campaign=api&utm_content=thumbnail,Italian,18,0,0,0,0,2,22,0,1
Esteban Ocon,ALPINE,Alpine F1 Team,ALPINE,2021,Driver,https://upload.wikimedia.org/wikipedia/commons/thumb/2/2e/Esteban_Ocon_2024_Suzuka_%28cropped%29.jpg/330px-Esteban_Ocon_2024_Suzuka_%28cropped%29.jpg?utm_source=en.wikipedia.org&utm_campaign=api&utm_content=thumbnail,French,11,1,1,0,0,14,22,0,3
George Russell,WILLIAMS,Williams,WILLIAMS,2021,Driver,https://upload.wikimedia.org/wikipedia/commons/thumb/7/7f/KingsLeonSilverstne040724_%2828_of_112%29_%2853838006028%29_%28cropped%29.jpg/330px-KingsLeonSilverstne040724_%2828_of_112%29_%2853838006028%29_%28cropped%29.jpg?utm_source=en.wikipedia.org&utm_campaign=api&utm_content=thumbnail,British,15,0,1,0,0,4,22,0,5
Sebastian Vettel,ASTON_MARTIN,Aston Martin,ASTON_MARTIN,2021,Driver,https://upload.wikimedia.org/wikipedia/commons/thumb/2/2f/Sebastian_Vettel_2011_Sebastian_Vettel_in_Yokohama.jpg/330px-Sebastian_Vettel_2011_Sebastian_Vettel_in_Yokohama.jpg?utm_source=en.wikipedia.org&utm_campaign=api&utm_content=thumbnail,German,12,0,1,0,0,7,22,0,3
Mick Schumacher,HAAS,Haas F1 Team,HAAS,2021,Driver,https://upload.wikimedia.org/wikipedia/commons/thumb/9/9e/Mick_Schumacher_2024_WEC_Fuji.jpg/330px-Mick_Schumacher_2024_WEC_Fuji.jpg?utm_source=en.wikipedia.org&utm_campaign=api&utm_content=thumbnail,German,19,0,0,0,0,0,22,0,3
Pierre Gasly,ALPHATAURI,AlphaTauri,ALPHATAURI,2021,Driver,https://upload.wikimedia.org/wikipedia/commons/thumb/6/61/2022_French_Grand_Prix_%2852279066548%29_%28cropped%29_%28cropped%29.png/330px-2022_French_Grand_Prix_%2852279066548%29_%28cropped%29_%28cropped%29.png?utm_source=en.wikipedia.org&utm_campaign=api&utm_content=thumbnail,French,9,0,1,0,1,15,22,0,3
Nicholas Latifi,WILLIAMS,Williams,WILLIAMS,2021,Driver,https://upload.wikimedia.org/wikipedia/commons/thumb/5/58/Nicholas_Latifi_at_Singapore_in_2022_%28cropped%29.jpg/330px-Nicholas_Latifi_at_Singapore_in_2022_%28cropped%29.jpg?utm_source=en.wikipedia.org&utm_campaign=api&utm_content=thumbnail,Canadian,17,0,0,0,0,2,22,0,3
Fernando Alonso,ALPINE,Alpine F1 Team,ALPINE,2021,Driver,https://upload.wikimedia.org/wikipedia/commons/thumb/9/97/Alonso-68_%2824710447098%29.jpg/330px-Alonso-68_%2824710447098%29.jpg?utm_source=en.wikipedia.org&utm_campaign=api&utm_content=thumbnail,Spanish,10,0,1,0,0,15,22,0,2
Nikita Mazepin,HAAS,Haas F1 Team,HAAS,2021,Driver,https://upload.wikimedia.org/wikipedia/commons/thumb/e/e8/%D0%9D%D0%B8%D0%BA%D0%B8%D1%82%D0%B0_%D0%9C%D0%B0%D0%B7%D0%B5%D0%BF%D0%B8%D0%BD_-_%D0%B8%D0%BD%D1%82%D0%B5%D1%80%D0%B2%D1%8C%D1%8E_-_2019%2C_02.jpg/330px-%D0%9D%D0%B8%D0%BA%D0%B8%D1%82%D0%B0_%D0%9C%D0%B0%D0%B7%D0%B5%D0%BF%D0%B8%D0%BD_-_%D0%B8%D0%BD%D1%82%D0%B5%D1%80%D0%B2%D1%8C%D1%8E_-_2019%2C_02.jpg?utm_source=en.wikipedia.org&utm_campaign=api&utm_content=thumbnail,Russian,21,0,0,0,0,0,22,0,6
Robert Kubica,ALFA,Alfa Romeo,ALFA,2021,Driver,https://upload.wikimedia.org/wikipedia/commons/thumb/7/7b/Robert_Kubica_at_Monza_2023.jpg/330px-Robert_Kubica_at_Monza_2023.jpg?utm_source=en.wikipedia.org&utm_campaign=api&utm_content=thumbnail,Polish,20,0,0,0,0,0,2,0,0
Charles Leclerc,FERRARI,Ferrari,FERRARI,2022,Driver,https://upload.wikimedia.org/wikipedia/commons/thumb/d/d5/Charles_Leclerc_at_the_2026_Cannes_Film_Festival_%28cropped%29.jpg/330px-Charles_Leclerc_at_the_2026_Cannes_Film_Festival_%28cropped%29.jpg?utm_source=en.wikipedia.org&utm_campaign=api&utm_content=thumbnail,Monegasque,2,3,11,9,3,19,22,0,3
Lewis Hamilton,MERCEDES,Mercedes,MERCEDES,2022,Driver,https://upload.wikimedia.org/wikipedia/commons/thumb/d/d3/Prime_Minister_Keir_Starmer_meets_Sir_Lewis_Hamilton_%2854566928382%29_%28cropped%29.jpg/330px-Prime_Minister_Keir_Starmer_meets_Sir_Lewis_Hamilton_%2854566928382%29_%28cropped%29.jpg?utm_source=en.wikipedia.org&utm_campaign=api&utm_content=thumbnail,British,6,0,9,0,2,19,22,0,1
George Russell,MERCEDES,Mercedes,MERCEDES,2022,Driver,https://upload.wikimedia.org/wikipedia/commons/thumb/7/7f/KingsLeonSilverstne040724_%2828_of_112%29_%2853838006028%29_%28cropped%29.jpg/330px-KingsLeonSilverstne040724_%2828_of_112%29_%2853838006028%29_%28cropped%29.jpg?utm_source=en.wikipedia.org&utm_campaign=api&utm_content=thumbnail,British,4,1,8,2,4,20,22,0,1
Kevin Magnussen,HAAS,Haas F1 Team,HAAS,2022,Driver,https://upload.wikimedia.org/wikipedia/commons/thumb/6/63/Kevin_Magnussen%2C_2019_Formula_One_Tests_Barcelona_%28cropped%29.jpg/330px-Kevin_Magnussen%2C_2019_Formula_One_Tests_Barcelona_%28cropped%29.jpg?utm_source=en.wikipedia.org&utm_campaign=api&utm_content=thumbnail,Danish,13,0,0,0,0,6,22,0,4
Valtteri Bottas,ALFA,Alfa Romeo,ALFA,2022,Driver,https://upload.wikimedia.org/wikipedia/commons/thumb/2/20/Valtteri_Bottas_at_the_2026_Adelaide_Motorsport_Festival_%28028A7556%29.jpg/330px-Valtteri_Bottas_at_the_2026_Adelaide_Motorsport_Festival_%28028A7556%29.jpg?utm_source=en.wikipedia.org&utm_campaign=api&utm_content=thumbnail,Finnish,10,0,0,0,0,9,22,0,5
Esteban Ocon,ALPINE,Alpine F1 Team,ALPINE,2022,Driver,https://upload.wikimedia.org/wikipedia/commons/thumb/2/2e/Esteban_Ocon_2024_Suzuka_%28cropped%29.jpg/330px-Esteban_Ocon_2024_Suzuka_%28cropped%29.jpg?utm_source=en.wikipedia.org&utm_campaign=api&utm_content=thumbnail,French,8,0,0,0,0,16,22,0,2
Yuki Tsunoda,ALPHATAURI,AlphaTauri,ALPHATAURI,2022,Driver,https://upload.wikimedia.org/wikipedia/commons/thumb/a/a0/Yuki_Tsunoda_at_the_Melbourne_Walk_during_the_2026_Australian_Grand_Prix_%28028A8096%29.jpg/330px-Yuki_Tsunoda_at_the_Melbourne_Walk_during_the_2026_Australian_Grand_Prix_%28028A8096%29.jpg?utm_source=en.wikipedia.org&utm_campaign=api&utm_content=thumbnail,Japanese,17,0,0,0,0,4,22,0,6
Fernando Alonso,ALPINE,Alpine F1 Team,ALPINE,2022,Driver,https://upload.wikimedia.org/wikipedia/commons/thumb/9/97/Alonso-68_%2824710447098%29.jpg/330px-Alonso-68_%2824710447098%29.jpg?utm_source=en.wikipedia.org&utm_campaign=api&utm_content=thumbnail,Spanish,9,0,0,0,0,14,22,0,5
Guanyu Zhou,ALFA,Alfa Romeo,ALFA,2022,Driver,https://upload.wikimedia.org/wikipedia/commons/thumb/8/8b/Zhou_Guanyu_at_the_Melbourne_Walk_during_the_2026_Australian_Grand_Prix_%28028A7999%29.jpg/330px-Zhou_Guanyu_at_the_Melbourne_Walk_during_the_2026_Australian_Grand_Prix_%28028A7999%29.jpg?utm_source=en.wikipedia.org&utm_campaign=api&utm_content=thumbnail,Chinese,18,0,0,0,1,3,22,0,5
Mick Schumacher,HAAS,Haas F1 Team,HAAS,2022,Driver,https://upload.wikimedia.org/wikipedia/commons/thumb/9/9e/Mick_Schumacher_2024_WEC_Fuji.jpg/330px-Mick_Schumacher_2024_WEC_Fuji.jpg?utm_source=en.wikipedia.org&utm_campaign=api&utm_content=thumbnail,German,16,0,0,0,0,2,22,0,3
Lance Stroll,ASTON_MARTIN,Aston Martin,ASTON_MARTIN,2022,Driver,https://upload.wikimedia.org/wikipedia/commons/thumb/4/4e/2025_Japan_GP_-_Aston_Martin_-_Lance_Stroll_-_Fanzone_Stage_%28cropped%29.jpg/330px-2025_Japan_GP_-_Aston_Martin_-_Lance_Stroll_-_Fanzone_Stage_%28cropped%29.jpg?utm_source=en.wikipedia.org&utm_campaign=api&utm_content=thumbnail,Canadian,15,0,0,0,0,8,22,0,2
Alexander Albon,WILLIAMS,Williams,WILLIAMS,2022,Driver,https://upload.wikimedia.org/wikipedia/commons/thumb/4/4a/Alex_Albon_at_the_Melbourne_Walk_during_the_2026_Australian_Grand_Prix_%28028A8626%29_%28cropped%29.jpg/330px-Alex_Albon_at_the_Melbourne_Walk_during_the_2026_Australian_Grand_Prix_%28028A8626%29_%28cropped%29.jpg?utm_source=en.wikipedia.org&utm_campaign=api&utm_content=thumbnail,Thai,19,0,0,0,0,3,21,0,4
Daniel Ricciardo,MCLAREN,McLaren,MCLAREN,2022,Driver,https://upload.wikimedia.org/wikipedia/commons/thumb/c/c0/Daniel_Ricciardo_January_2024.jpg/330px-Daniel_Ricciardo_January_2024.jpg?utm_source=en.wikipedia.org&utm_campaign=api&utm_content=thumbnail,Australian,11,0,0,0,0,7,22,0,3
Lando Norris,MCLAREN,McLaren,MCLAREN,2022,Driver,https://upload.wikimedia.org/wikipedia/commons/thumb/9/90/2024-08-25_Motorsport%2C_Formel_1%2C_Gro%C3%9Fer_Preis_der_Niederlande_2024_STP_3968_by_Stepro_%28cropped2%29.jpg/330px-2024-08-25_Motorsport%2C_Formel_1%2C_Gro%C3%9Fer_Preis_der_Niederlande_2024_STP_3968_by_Stepro_%28cropped2%29.jpg?utm_source=en.wikipedia.org&utm_campaign=api&utm_content=thumbnail,British,7,0,1,0,2,17,22,0,2
Nicholas Latifi,WILLIAMS,Williams,WILLIAMS,2022,Driver,https://upload.wikimedia.org/wikipedia/commons/thumb/5/58/Nicholas_Latifi_at_Singapore_in_2022_%28cropped%29.jpg/330px-Nicholas_Latifi_at_Singapore_in_2022_%28cropped%29.jpg?utm_source=en.wikipedia.org&utm_campaign=api&utm_content=thumbnail,Canadian,20,0,0,0,0,1,22,0,4
Nico Hülkenberg,ASTON_MARTIN,Aston Martin,ASTON_MARTIN,2022,Driver,https://upload.wikimedia.org/wikipedia/commons/thumb/d/de/2019_Formula_One_tests_Barcelona%2C_Hulkenberg_%2840287128313%29.jpg/330px-2019_Formula_One_tests_Barcelona%2C_Hulkenberg_%2840287128313%29.jpg?utm_source=en.wikipedia.org&utm_campaign=api&utm_content=thumbnail,German,22,0,0,0,0,0,2,0,0
Sergio Pérez,RED_BULL,Red Bull,RED_BULL,2022,Driver,https://upload.wikimedia.org/wikipedia/commons/thumb/7/7a/Sergio_P%C3%A9rez_2019_%28cropped%29.jpg/330px-Sergio_P%C3%A9rez_2019_%28cropped%29.jpg?utm_source=en.wikipedia.org&utm_campaign=api&utm_content=thumbnail,Mexican,3,2,11,1,3,19,22,0,2
Max Verstappen,RED_BULL,Red Bull,RED_BULL,2022,Driver,https://upload.wikimedia.org/wikipedia/commons/thumb/5/52/2024-08-25_Motorsport%2C_Formel_1%2C_Gro%C3%9Fer_Preis_der_Niederlande_2024_STP_3973_by_Stepro_%28medium_crop%29.jpg/330px-2024-08-25_Motorsport%2C_Formel_1%2C_Gro%C3%9Fer_Preis_der_Niederlande_2024_STP_3973_by_Stepro_%28medium_crop%29.jpg?utm_source=en.wikipedia.org&utm_campaign=api&utm_content=thumbnail,Dutch,1,15,17,7,5,20,22,1,1
Pierre Gasly,ALPHATAURI,AlphaTauri,ALPHATAURI,2022,Driver,https://upload.wikimedia.org/wikipedia/commons/thumb/6/61/2022_French_Grand_Prix_%2852279066548%29_%28cropped%29_%28cropped%29.png/330px-2022_French_Grand_Prix_%2852279066548%29_%28cropped%29_%28cropped%29.png?utm_source=en.wikipedia.org&utm_campaign=api&utm_content=thumbnail,French,14,0,0,0,0,6,22,0,3
Sebastian Vettel,ASTON_MARTIN,Aston Martin,ASTON_MARTIN,2022,Driver,https://upload.wikimedia.org/wikipedia/commons/thumb/2/2f/Sebastian_Vettel_2011_Sebastian_Vettel_in_Yokohama.jpg/330px-Sebastian_Vettel_2011_Sebastian_Vettel_in_Yokohama.jpg?utm_source=en.wikipedia.org&utm_campaign=api&utm_content=thumbnail,German,12,0,0,0,0,10,20,0,2
Nyck de Vries,WILLIAMS,Williams,WILLIAMS,2022,Driver,https://upload.wikimedia.org/wikipedia/commons/thumb/5/56/TGR_Nyck_de_Vries_240908.jpg/330px-TGR_Nyck_de_Vries_240908.jpg?utm_source=en.wikipedia.org&utm_campaign=api&utm_content=thumbnail,Dutch,21,0,0,0,0,1,1,0,0
Max Verstappen,RED_BULL,Red Bull,RED_BULL,2023,Driver,https://upload.wikimedia.org/wikipedia/commons/thumb/5/52/2024-08-25_Motorsport%2C_Formel_1%2C_Gro%C3%9Fer_Preis_der_Niederlande_2024_STP_3973_by_Stepro_%28medium_crop%29.jpg/330px-2024-08-25_Motorsport%2C_Formel_1%2C_Gro%C3%9Fer_Preis_der_Niederlande_2024_STP_3973_by_Stepro_%28medium_crop%29.jpg?utm_source=en.wikipedia.org&utm_campaign=api&utm_content=thumbnail,Dutch,1,19,21,12,9,22,22,1,0
Sergio Pérez,RED_BULL,Red Bull,RED_BULL,2023,Driver,https://upload.wikimedia.org/wikipedia/commons/thumb/7/7a/Sergio_P%C3%A9rez_2019_%28cropped%29.jpg/330px-Sergio_P%C3%A9rez_2019_%28cropped%29.jpg?utm_source=en.wikipedia.org&utm_campaign=api&utm_content=thumbnail,Mexican,2,2,9,2,2,19,22,0,2
Fernando Alonso,ASTON_MARTIN,Aston Martin,ASTON_MARTIN,2023,Driver,https://upload.wikimedia.org/wikipedia/commons/thumb/9/97/Alonso-68_%2824710447098%29.jpg/330px-Alonso-68_%2824710447098%29.jpg?utm_source=en.wikipedia.org&utm_campaign=api&utm_content=thumbnail,Spanish,4,0,8,0,1,19,22,0,2
Lewis Hamilton,MERCEDES,Mercedes,MERCEDES,2023,Driver,https://upload.wikimedia.org/wikipedia/commons/thumb/d/d3/Prime_Minister_Keir_Starmer_meets_Sir_Lewis_Hamilton_%2854566928382%29_%28cropped%29.jpg/330px-Prime_Minister_Keir_Starmer_meets_Sir_Lewis_Hamilton_%2854566928382%29_%28cropped%29.jpg?utm_source=en.wikipedia.org&utm_campaign=api&utm_content=thumbnail,British,3,0,6,1,4,20,22,0,1
Lance Stroll,ASTON_MARTIN,Aston Martin,ASTON_MARTIN,2023,Driver,https://upload.wikimedia.org/wikipedia/commons/thumb/4/4e/2025_Japan_GP_-_Aston_Martin_-_Lance_Stroll_-_Fanzone_Stage_%28cropped%29.jpg/330px-2025_Japan_GP_-_Aston_Martin_-_Lance_Stroll_-_Fanzone_Stage_%28cropped%29.jpg?utm_source=en.wikipedia.org&utm_campaign=api&utm_content=thumbnail,Canadian,10,0,0,0,0,12,22,0,4
George Russell,MERCEDES,Mercedes,MERCEDES,2023,Driver,https://upload.wikimedia.org/wikipedia/commons/thumb/7/7f/KingsLeonSilverstne040724_%2828_of_112%29_%2853838006028%29_%28cropped%29.jpg/330px-KingsLeonSilverstne040724_%2828_of_112%29_%2853838006028%29_%28cropped%29.jpg?utm_source=en.wikipedia.org&utm_campaign=api&utm_content=thumbnail,British,8,0,2,0,1,17,22,0,3
Valtteri Bottas,ALFA,Alfa Romeo,ALFA,2023,Driver,https://upload.wikimedia.org/wikipedia/commons/thumb/2/20/Valtteri_Bottas_at_the_2026_Adelaide_Motorsport_Festival_%28028A7556%29.jpg/330px-Valtteri_Bottas_at_the_2026_Adelaide_Motorsport_Festival_%28028A7556%29.jpg?utm_source=en.wikipedia.org&utm_campaign=api&utm_content=thumbnail,Finnish,15,0,0,0,0,4,22,0,3
Pierre Gasly,ALPINE,Alpine F1 Team,ALPINE,2023,Driver,https://upload.wikimedia.org/wikipedia/commons/thumb/6/61/2022_French_Grand_Prix_%2852279066548%29_%28cropped%29_%28cropped%29.png/330px-2022_French_Grand_Prix_%2852279066548%29_%28cropped%29_%28cropped%29.png?utm_source=en.wikipedia.org&utm_campaign=api&utm_content=thumbnail,French,11,0,1,0,0,11,22,0,1
Alexander Albon,WILLIAMS,Williams,WILLIAMS,2023,Driver,https://upload.wikimedia.org/wikipedia/commons/thumb/4/4a/Alex_Albon_at_the_Melbourne_Walk_during_the_2026_Australian_Grand_Prix_%28028A8626%29_%28cropped%29.jpg/330px-Alex_Albon_at_the_Melbourne_Walk_during_the_2026_Australian_Grand_Prix_%28028A8626%29_%28cropped%29.jpg?utm_source=en.wikipedia.org&utm_campaign=api&utm_content=thumbnail,Thai,13,0,0,0,0,7,22,0,4
Yuki Tsunoda,ALPHATAURI,AlphaTauri,ALPHATAURI,2023,Driver,https://upload.wikimedia.org/wikipedia/commons/thumb/a/a0/Yuki_Tsunoda_at_the_Melbourne_Walk_during_the_2026_Australian_Grand_Prix_%28028A8096%29.jpg/330px-Yuki_Tsunoda_at_the_Melbourne_Walk_during_the_2026_Australian_Grand_Prix_%28028A8096%29.jpg?utm_source=en.wikipedia.org&utm_campaign=api&utm_content=thumbnail,Japanese,14,0,0,0,1,6,22,0,2
Logan Sargeant,WILLIAMS,Williams,WILLIAMS,2023,Driver,https://upload.wikimedia.org/wikipedia/commons/thumb/0/02/Logan_Sargeant_NYC_%28cropped%29.jpg/330px-Logan_Sargeant_NYC_%28cropped%29.jpg?utm_source=en.wikipedia.org&utm_campaign=api&utm_content=thumbnail,American,21,0,0,0,0,1,22,0,4
Kevin Magnussen,HAAS,Haas F1 Team,HAAS,2023,Driver,https://upload.wikimedia.org/wikipedia/commons/thumb/6/63/Kevin_Magnussen%2C_2019_Formula_One_Tests_Barcelona_%28cropped%29.jpg/330px-Kevin_Magnussen%2C_2019_Formula_One_Tests_Barcelona_%28cropped%29.jpg?utm_source=en.wikipedia.org&utm_campaign=api&utm_content=thumbnail,Danish,19,0,0,0,0,3,22,0,3
Nyck de Vries,ALPHATAURI,AlphaTauri,ALPHATAURI,2023,Driver,https://upload.wikimedia.org/wikipedia/commons/thumb/5/56/TGR_Nyck_de_Vries_240908.jpg/330px-TGR_Nyck_de_Vries_240908.jpg?utm_source=en.wikipedia.org&utm_campaign=api&utm_content=thumbnail,Dutch,22,0,0,0,0,0,10,0,1
Nico Hülkenberg,HAAS,Haas F1 Team,HAAS,2023,Driver,https://upload.wikimedia.org/wikipedia/commons/thumb/d/de/2019_Formula_One_tests_Barcelona%2C_Hulkenberg_%2840287128313%29.jpg/330px-2019_Formula_One_tests_Barcelona%2C_Hulkenberg_%2840287128313%29.jpg?utm_source=en.wikipedia.org&utm_campaign=api&utm_content=thumbnail,German,16,0,0,0,0,1,22,0,1
Guanyu Zhou,ALFA,Alfa Romeo,ALFA,2023,Driver,https://upload.wikimedia.org/wikipedia/commons/thumb/8/8b/Zhou_Guanyu_at_the_Melbourne_Walk_during_the_2026_Australian_Grand_Prix_%28028A7999%29.jpg/330px-Zhou_Guanyu_at_the_Melbourne_Walk_during_the_2026_Australian_Grand_Prix_%28028A7999%29.jpg?utm_source=en.wikipedia.org&utm_campaign=api&utm_content=thumbnail,Chinese,18,0,0,0,1,3,22,0,3
Lando Norris,MCLAREN,McLaren,MCLAREN,2023,Driver,https://upload.wikimedia.org/wikipedia/commons/thumb/9/90/2024-08-25_Motorsport%2C_Formel_1%2C_Gro%C3%9Fer_Preis_der_Niederlande_2024_STP_3968_by_Stepro_%28cropped2%29.jpg/330px-2024-08-25_Motorsport%2C_Formel_1%2C_Gro%C3%9Fer_Preis_der_Niederlande_2024_STP_3968_by_Stepro_%28cropped2%29.jpg?utm_source=en.wikipedia.org&utm_campaign=api&utm_content=thumbnail,British,6,0,7,0,1,16,22,0,1
Esteban Ocon,ALPINE,Alpine F1 Team,ALPINE,2023,Driver,https://upload.wikimedia.org/wikipedia/commons/thumb/2/2e/Esteban_Ocon_2024_Suzuka_%28cropped%29.jpg/330px-Esteban_Ocon_2024_Suzuka_%28cropped%29.jpg?utm_source=en.wikipedia.org&utm_campaign=api&utm_content=thumbnail,French,12,0,1,0,0,12,22,0,6
Charles Leclerc,FERRARI,Ferrari,FERRARI,2023,Driver,https://upload.wikimedia.org/wikipedia/commons/thumb/d/d5/Charles_Leclerc_at_the_2026_Cannes_Film_Festival_%28cropped%29.jpg/330px-Charles_Leclerc_at_the_2026_Cannes_Film_Festival_%28cropped%29.jpg?utm_source=en.wikipedia.org&utm_campaign=api&utm_content=thumbnail,Monegasque,5,0,6,5,0,16,22,0,4
Oscar Piastri,MCLAREN,McLaren,MCLAREN,2023,Driver,https://upload.wikimedia.org/wikipedia/commons/thumb/e/e5/2026_Chinese_GP_-_Oscar_Piastri_%28cropped%29_%28cropped%29.jpg/330px-2026_Chinese_GP_-_Oscar_Piastri_%28cropped%29_%28cropped%29.jpg?utm_source=en.wikipedia.org&utm_campaign=api&utm_content=thumbnail,Australian,9,0,2,0,2,11,22,0,3
Daniel Ricciardo,ALPHATAURI,AlphaTauri,ALPHATAURI,2023,Driver,https://upload.wikimedia.org/wikipedia/commons/thumb/c/c0/Daniel_Ricciardo_January_2024.jpg/330px-Daniel_Ricciardo_January_2024.jpg?utm_source=en.wikipedia.org&utm_campaign=api&utm_content=thumbnail,Australian,17,0,0,0,0,1,7,0,0
Liam Lawson,ALPHATAURI,AlphaTauri,ALPHATAURI,2023,Driver,https://upload.wikimedia.org/wikipedia/commons/thumb/8/88/Liam_Lawson_at_the_Red_Bull_Fan_Zone_%E2%80%93_Crown_Riverwalk%2C_Melbourne_%28028A7795%29.jpg/330px-Liam_Lawson_at_the_Red_Bull_Fan_Zone_%E2%80%93_Crown_Riverwalk%2C_Melbourne_%28028A7795%29.jpg?utm_source=en.wikipedia.org&utm_campaign=api&utm_content=thumbnail,New Zealander,20,0,0,0,0,1,5,0,0
Max Verstappen,RED_BULL,Red Bull,RED_BULL,2024,Driver,https://upload.wikimedia.org/wikipedia/commons/thumb/5/52/2024-08-25_Motorsport%2C_Formel_1%2C_Gro%C3%9Fer_Preis_der_Niederlande_2024_STP_3973_by_Stepro_%28medium_crop%29.jpg/330px-2024-08-25_Motorsport%2C_Formel_1%2C_Gro%C3%9Fer_Preis_der_Niederlande_2024_STP_3973_by_Stepro_%28medium_crop%29.jpg?utm_source=en.wikipedia.org&utm_campaign=api&utm_content=thumbnail,Dutch,1,9,14,8,3,23,24,1,1
Sergio Pérez,RED_BULL,Red Bull,RED_BULL,2024,Driver,https://upload.wikimedia.org/wikipedia/commons/thumb/7/7a/Sergio_P%C3%A9rez_2019_%28cropped%29.jpg/330px-Sergio_P%C3%A9rez_2019_%28cropped%29.jpg?utm_source=en.wikipedia.org&utm_campaign=api&utm_content=thumbnail,Mexican,8,0,4,0,1,16,24,0,4
Charles Leclerc,FERRARI,Ferrari,FERRARI,2024,Driver,https://upload.wikimedia.org/wikipedia/commons/thumb/d/d5/Charles_Leclerc_at_the_2026_Cannes_Film_Festival_%28cropped%29.jpg/330px-Charles_Leclerc_at_the_2026_Cannes_Film_Festival_%28cropped%29.jpg?utm_source=en.wikipedia.org&utm_campaign=api&utm_content=thumbnail,Monegasque,3,3,13,3,3,21,24,0,1
George Russell,MERCEDES,Mercedes,MERCEDES,2024,Driver,https://upload.wikimedia.org/wikipedia/commons/thumb/7/7f/KingsLeonSilverstne040724_%2828_of_112%29_%2853838006028%29_%28cropped%29.jpg/330px-KingsLeonSilverstne040724_%2828_of_112%29_%2853838006028%29_%28cropped%29.jpg?utm_source=en.wikipedia.org&utm_campaign=api&utm_content=thumbnail,British,6,2,4,4,2,21,24,0,1
Lando Norris,MCLAREN,McLaren,MCLAREN,2024,Driver,https://upload.wikimedia.org/wikipedia/commons/thumb/9/90/2024-08-25_Motorsport%2C_Formel_1%2C_Gro%C3%9Fer_Preis_der_Niederlande_2024_STP_3968_by_Stepro_%28cropped2%29.jpg/330px-2024-08-25_Motorsport%2C_Formel_1%2C_Gro%C3%9Fer_Preis_der_Niederlande_2024_STP_3968_by_Stepro_%28cropped2%29.jpg?utm_source=en.wikipedia.org&utm_campaign=api&utm_content=thumbnail,British,2,4,13,8,6,23,24,0,0
Lewis Hamilton,MERCEDES,Mercedes,MERCEDES,2024,Driver,https://upload.wikimedia.org/wikipedia/commons/thumb/d/d3/Prime_Minister_Keir_Starmer_meets_Sir_Lewis_Hamilton_%2854566928382%29_%28cropped%29.jpg/330px-Prime_Minister_Keir_Starmer_meets_Sir_Lewis_Hamilton_%2854566928382%29_%28cropped%29.jpg?utm_source=en.wikipedia.org&utm_campaign=api&utm_content=thumbnail,British,7,2,5,0,2,21,24,0,2
Oscar Piastri,MCLAREN,McLaren,MCLAREN,2024,Driver,https://upload.wikimedia.org/wikipedia/commons/thumb/e/e5/2026_Chinese_GP_-_Oscar_Piastri_%28cropped%29_%28cropped%29.jpg/330px-2026_Chinese_GP_-_Oscar_Piastri_%28cropped%29_%28cropped%29.jpg?utm_source=en.wikipedia.org&utm_campaign=api&utm_content=thumbnail,Australian,4,2,8,0,1,23,24,0,0
Fernando Alonso,ASTON_MARTIN,Aston Martin,ASTON_MARTIN,2024,Driver,https://upload.wikimedia.org/wikipedia/commons/thumb/9/97/Alonso-68_%2824710447098%29.jpg/330px-Alonso-68_%2824710447098%29.jpg?utm_source=en.wikipedia.org&utm_campaign=api&utm_content=thumbnail,Spanish,9,0,0,0,2,14,24,0,1
Lance Stroll,ASTON_MARTIN,Aston Martin,ASTON_MARTIN,2024,Driver,https://upload.wikimedia.org/wikipedia/commons/thumb/4/4e/2025_Japan_GP_-_Aston_Martin_-_Lance_Stroll_-_Fanzone_Stage_%28cropped%29.jpg/330px-2025_Japan_GP_-_Aston_Martin_-_Lance_Stroll_-_Fanzone_Stage_%28cropped%29.jpg?utm_source=en.wikipedia.org&utm_campaign=api&utm_content=thumbnail,Canadian,13,0,0,0,0,6,24,0,3
Guanyu Zhou,SAUBER,Sauber,SAUBER,2024,Driver,https://upload.wikimedia.org/wikipedia/commons/thumb/8/8b/Zhou_Guanyu_at_the_Melbourne_Walk_during_the_2026_Australian_Grand_Prix_%28028A7999%29.jpg/330px-Zhou_Guanyu_at_the_Melbourne_Walk_during_the_2026_Australian_Grand_Prix_%28028A7999%29.jpg?utm_source=en.wikipedia.org&utm_campaign=api&utm_content=thumbnail,Chinese,20,0,0,0,0,1,24,0,2
Kevin Magnussen,HAAS,Haas F1 Team,HAAS,2024,Driver,https://upload.wikimedia.org/wikipedia/commons/thumb/6/63/Kevin_Magnussen%2C_2019_Formula_One_Tests_Barcelona_%28cropped%29.jpg/330px-Kevin_Magnussen%2C_2019_Formula_One_Tests_Barcelona_%28cropped%29.jpg?utm_source=en.wikipedia.org&utm_campaign=api&utm_content=thumbnail,Danish,15,0,0,0,1,5,22,0,1
Daniel Ricciardo,RB,RB F1 Team,RB,2024,Driver,https://upload.wikimedia.org/wikipedia/commons/thumb/c/c0/Daniel_Ricciardo_January_2024.jpg/330px-Daniel_Ricciardo_January_2024.jpg?utm_source=en.wikipedia.org&utm_campaign=api&utm_content=thumbnail,Australian,17,0,0,0,1,3,18,0,2
Yuki Tsunoda,RB,RB F1 Team,RB,2024,Driver,https://upload.wikimedia.org/wikipedia/commons/thumb/a/a0/Yuki_Tsunoda_at_the_Melbourne_Walk_during_the_2026_Australian_Grand_Prix_%28028A8096%29.jpg/330px-Yuki_Tsunoda_at_the_Melbourne_Walk_during_the_2026_Australian_Grand_Prix_%28028A8096%29.jpg?utm_source=en.wikipedia.org&utm_campaign=api&utm_content=thumbnail,Japanese,12,0,0,0,0,9,24,0,4
Alexander Albon,WILLIAMS,Williams,WILLIAMS,2024,Driver,https://upload.wikimedia.org/wikipedia/commons/thumb/4/4a/Alex_Albon_at_the_Melbourne_Walk_during_the_2026_Australian_Grand_Prix_%28028A8626%29_%28cropped%29.jpg/330px-Alex_Albon_at_the_Melbourne_Walk_during_the_2026_Australian_Grand_Prix_%28028A8626%29_%28cropped%29.jpg?utm_source=en.wikipedia.org&utm_campaign=api&utm_content=thumbnail,Thai,16,0,0,0,0,4,24,0,7
Nico Hülkenberg,HAAS,Haas F1 Team,HAAS,2024,Driver,https://upload.wikimedia.org/wikipedia/commons/thumb/d/de/2019_Formula_One_tests_Barcelona%2C_Hulkenberg_%2840287128313%29.jpg/330px-2019_Formula_One_tests_Barcelona%2C_Hulkenberg_%2840287128313%29.jpg?utm_source=en.wikipedia.org&utm_campaign=api&utm_content=thumbnail,German,11,0,0,0,0,10,24,0,3
Esteban Ocon,ALPINE,Alpine F1 Team,ALPINE,2024,Driver,https://upload.wikimedia.org/wikipedia/commons/thumb/2/2e/Esteban_Ocon_2024_Suzuka_%28cropped%29.jpg/330px-Esteban_Ocon_2024_Suzuka_%28cropped%29.jpg?utm_source=en.wikipedia.org&utm_campaign=api&utm_content=thumbnail,French,14,0,1,0,1,5,23,0,2
Pierre Gasly,ALPINE,Alpine F1 Team,ALPINE,2024,Driver,https://upload.wikimedia.org/wikipedia/commons/thumb/6/61/2022_French_Grand_Prix_%2852279066548%29_%28cropped%29_%28cropped%29.png/330px-2022_French_Grand_Prix_%2852279066548%29_%28cropped%29_%28cropped%29.png?utm_source=en.wikipedia.org&utm_campaign=api&utm_content=thumbnail,French,10,0,1,0,0,9,24,0,4
Valtteri Bottas,SAUBER,Sauber,SAUBER,2024,Driver,https://upload.wikimedia.org/wikipedia/commons/thumb/2/20/Valtteri_Bottas_at_the_2026_Adelaide_Motorsport_Festival_%28028A7556%29.jpg/330px-Valtteri_Bottas_at_the_2026_Adelaide_Motorsport_Festival_%28028A7556%29.jpg?utm_source=en.wikipedia.org&utm_campaign=api&utm_content=thumbnail,Finnish,22,0,0,0,0,0,24,0,2
Logan Sargeant,WILLIAMS,Williams,WILLIAMS,2024,Driver,https://upload.wikimedia.org/wikipedia/commons/thumb/0/02/Logan_Sargeant_NYC_%28cropped%29.jpg/330px-Logan_Sargeant_NYC_%28cropped%29.jpg?utm_source=en.wikipedia.org&utm_campaign=api&utm_content=thumbnail,American,23,0,0,0,0,0,14,0,2
Oliver Bearman,HAAS,Haas F1 Team,HAAS|FERRARI,2024,Driver,https://upload.wikimedia.org/wikipedia/commons/thumb/9/9a/2025_Japan_GP_-_Haas_-_Oliver_Bearman_-_Thursday_%28cropped%29.jpg/330px-2025_Japan_GP_-_Haas_-_Oliver_Bearman_-_Thursday_%28cropped%29.jpg?utm_source=en.wikipedia.org&utm_campaign=api&utm_content=thumbnail,British,18,0,0,0,0,2,3,0,0
Franco Colapinto,WILLIAMS,Williams,WILLIAMS,2024,Driver,https://upload.wikimedia.org/wikipedia/commons/thumb/1/1c/Franco_Colapinto_at_the_Melbourne_Walk_during_the_2026_Australian_Grand_Prix_%28028A8698%29_cropped.jpg/330px-Franco_Colapinto_at_the_Melbourne_Walk_during_the_2026_Australian_Grand_Prix_%28028A8698%29_cropped.jpg?utm_source=en.wikipedia.org&utm_campaign=api&utm_content=thumbnail,Argentine,19,0,0,0,0,2,9,0,3
Liam Lawson,RB,RB F1 Team,RB,2024,Driver,https://upload.wikimedia.org/wikipedia/commons/thumb/8/88/Liam_Lawson_at_the_Red_Bull_Fan_Zone_%E2%80%93_Crown_Riverwalk%2C_Melbourne_%28028A7795%29.jpg/330px-Liam_Lawson_at_the_Red_Bull_Fan_Zone_%E2%80%93_Crown_Riverwalk%2C_Melbourne_%28028A7795%29.jpg?utm_source=en.wikipedia.org&utm_campaign=api&utm_content=thumbnail,New Zealander,21,0,0,0,0,2,6,0,0
Jack Doohan,ALPINE,Alpine F1 Team,ALPINE,2024,Driver,https://upload.wikimedia.org/wikipedia/commons/thumb/4/42/Jack_Doohan_2023.jpg/330px-Jack_Doohan_2023.jpg?utm_source=en.wikipedia.org&utm_campaign=api&utm_content=thumbnail,Australian,24,0,0,0,0,0,1,0,0
Lando Norris,MCLAREN,McLaren,MCLAREN,2025,Driver,https://upload.wikimedia.org/wikipedia/commons/thumb/9/90/2024-08-25_Motorsport%2C_Formel_1%2C_Gro%C3%9Fer_Preis_der_Niederlande_2024_STP_3968_by_Stepro_%28cropped2%29.jpg/330px-2024-08-25_Motorsport%2C_Formel_1%2C_Gro%C3%9Fer_Preis_der_Niederlande_2024_STP_3968_by_Stepro_%28cropped2%29.jpg?utm_source=en.wikipedia.org&utm_campaign=api&utm_content=thumbnail,British,1,7,18,7,6,21,24,1,1
Max Verstappen,RED_BULL,Red Bull,RED_BULL,2025,Driver,https://upload.wikimedia.org/wikipedia/commons/thumb/5/52/2024-08-25_Motorsport%2C_Formel_1%2C_Gro%C3%9Fer_Preis_der_Niederlande_2024_STP_3973_by_Stepro_%28medium_crop%29.jpg/330px-2024-08-25_Motorsport%2C_Formel_1%2C_Gro%C3%9Fer_Preis_der_Niederlande_2024_STP_3973_by_Stepro_%28medium_crop%29.jpg?utm_source=en.wikipedia.org&utm_campaign=api&utm_content=thumbnail,Dutch,2,8,15,8,3,23,24,0,1
George Russell,MERCEDES,Mercedes,MERCEDES,2025,Driver,https://upload.wikimedia.org/wikipedia/commons/thumb/7/7f/KingsLeonSilverstne040724_%2828_of_112%29_%2853838006028%29_%28cropped%29.jpg/330px-KingsLeonSilverstne040724_%2828_of_112%29_%2853838006028%29_%28cropped%29.jpg?utm_source=en.wikipedia.org&utm_campaign=api&utm_content=thumbnail,British,4,2,9,2,3,23,24,0,0
Andrea Kimi Antonelli,MERCEDES,Mercedes,MERCEDES,2025,Driver,https://upload.wikimedia.org/wikipedia/commons/thumb/f/f3/Kimi_Antonelli_at_the_2025_US_Grand_Prix_in_Austin%2C_TX_%28cropped%29.jpg/330px-Kimi_Antonelli_at_the_2025_US_Grand_Prix_in_Austin%2C_TX_%28cropped%29.jpg?utm_source=en.wikipedia.org&utm_campaign=api&utm_content=thumbnail,Italian,7,0,3,0,3,14,24,0,4
Alexander Albon,WILLIAMS,Williams,WILLIAMS,2025,Driver,https://upload.wikimedia.org/wikipedia/commons/thumb/4/4a/Alex_Albon_at_the_Melbourne_Walk_during_the_2026_Australian_Grand_Prix_%28028A8626%29_%28cropped%29.jpg/330px-Alex_Albon_at_the_Melbourne_Walk_during_the_2026_Australian_Grand_Prix_%28028A8626%29_%28cropped%29.jpg?utm_source=en.wikipedia.org&utm_campaign=api&utm_content=thumbnail,Thai,8,0,0,0,1,11,24,0,4
Lance Stroll,ASTON_MARTIN,Aston Martin,ASTON_MARTIN,2025,Driver,https://upload.wikimedia.org/wikipedia/commons/thumb/4/4e/2025_Japan_GP_-_Aston_Martin_-_Lance_Stroll_-_Fanzone_Stage_%28cropped%29.jpg/330px-2025_Japan_GP_-_Aston_Martin_-_Lance_Stroll_-_Fanzone_Stage_%28cropped%29.jpg?utm_source=en.wikipedia.org&utm_campaign=api&utm_content=thumbnail,Canadian,16,0,0,0,0,6,23,0,1
Nico Hülkenberg,SAUBER,Sauber,SAUBER,2025,Driver,https://upload.wikimedia.org/wikipedia/commons/thumb/d/de/2019_Formula_One_tests_Barcelona%2C_Hulkenberg_%2840287128313%29.jpg/330px-2019_Formula_One_tests_Barcelona%2C_Hulkenberg_%2840287128313%29.jpg?utm_source=en.wikipedia.org&utm_campaign=api&utm_content=thumbnail,German,11,0,1,0,0,9,24,0,4
Charles Leclerc,FERRARI,Ferrari,FERRARI,2025,Driver,https://upload.wikimedia.org/wikipedia/commons/thumb/d/d5/Charles_Leclerc_at_the_2026_Cannes_Film_Festival_%28cropped%29.jpg/330px-Charles_Leclerc_at_the_2026_Cannes_Film_Festival_%28cropped%29.jpg?utm_source=en.wikipedia.org&utm_campaign=api&utm_content=thumbnail,Monegasque,5,0,7,1,1,20,24,0,3
Oscar Piastri,MCLAREN,McLaren,MCLAREN,2025,Driver,https://upload.wikimedia.org/wikipedia/commons/thumb/e/e5/2026_Chinese_GP_-_Oscar_Piastri_%28cropped%29_%28cropped%29.jpg/330px-2026_Chinese_GP_-_Oscar_Piastri_%28cropped%29_%28cropped%29.jpg?utm_source=en.wikipedia.org&utm_campaign=api&utm_content=thumbnail,Australian,3,7,16,6,6,22,24,0,2
Lewis Hamilton,FERRARI,Ferrari,FERRARI,2025,Driver,https://upload.wikimedia.org/wikipedia/commons/thumb/d/d3/Prime_Minister_Keir_Starmer_meets_Sir_Lewis_Hamilton_%2854566928382%29_%28cropped%29.jpg/330px-Prime_Minister_Keir_Starmer_meets_Sir_Lewis_Hamilton_%2854566928382%29_%28cropped%29.jpg?utm_source=en.wikipedia.org&utm_campaign=api&utm_content=thumbnail,British,6,0,0,0,1,19,24,0,3
Pierre Gasly,ALPINE,Alpine F1 Team,ALPINE,2025,Driver,https://upload.wikimedia.org/wikipedia/commons/thumb/6/61/2022_French_Grand_Prix_%2852279066548%29_%28cropped%29_%28cropped%29.png/330px-2022_French_Grand_Prix_%2852279066548%29_%28cropped%29_%28cropped%29.png?utm_source=en.wikipedia.org&utm_campaign=api&utm_content=thumbnail,French,18,0,0,0,0,5,24,0,3
Yuki Tsunoda,RED_BULL,Red Bull,RED_BULL|RB,2025,Driver,https://upload.wikimedia.org/wikipedia/commons/thumb/a/a0/Yuki_Tsunoda_at_the_Melbourne_Walk_during_the_2026_Australian_Grand_Prix_%28028A8096%29.jpg/330px-Yuki_Tsunoda_at_the_Melbourne_Walk_during_the_2026_Australian_Grand_Prix_%28028A8096%29.jpg?utm_source=en.wikipedia.org&utm_campaign=api&utm_content=thumbnail,Japanese,17,0,0,0,0,7,24,0,1
Esteban Ocon,HAAS,Haas F1 Team,HAAS,2025,Driver,https://upload.wikimedia.org/wikipedia/commons/thumb/2/2e/Esteban_Ocon_2024_Suzuka_%28cropped%29.jpg/330px-Esteban_Ocon_2024_Suzuka_%28cropped%29.jpg?utm_source=en.wikipedia.org&utm_campaign=api&utm_content=thumbnail,French,15,0,0,0,0,9,24,0,1
Oliver Bearman,HAAS,Haas F1 Team,HAAS,2025,Driver,https://upload.wikimedia.org/wikipedia/commons/thumb/9/9a/2025_Japan_GP_-_Haas_-_Oliver_Bearman_-_Thursday_%28cropped%29.jpg/330px-2025_Japan_GP_-_Haas_-_Oliver_Bearman_-_Thursday_%28cropped%29.jpg?utm_source=en.wikipedia.org&utm_campaign=api&utm_content=thumbnail,British,13,0,0,0,0,9,24,0,3
Liam Lawson,RB,RB F1 Team,RB|RED_BULL,2025,Driver,https://upload.wikimedia.org/wikipedia/commons/thumb/8/88/Liam_Lawson_at_the_Red_Bull_Fan_Zone_%E2%80%93_Crown_Riverwalk%2C_Melbourne_%28028A7795%29.jpg/330px-Liam_Lawson_at_the_Red_Bull_Fan_Zone_%E2%80%93_Crown_Riverwalk%2C_Melbourne_%28028A7795%29.jpg?utm_source=en.wikipedia.org&utm_campaign=api&utm_content=thumbnail,New Zealander,14,0,0,0,0,7,24,0,5
Gabriel Bortoleto,SAUBER,Sauber,SAUBER,2025,Driver,https://upload.wikimedia.org/wikipedia/commons/thumb/2/25/Gabriel_Bortoleto_at_the_Melbourne_Walk_during_the_2026_Australian_Grand_Prix_%28028A8581%29_cropped.jpg/330px-Gabriel_Bortoleto_at_the_Melbourne_Walk_during_the_2026_Australian_Grand_Prix_%28028A8581%29_cropped.jpg?utm_source=en.wikipedia.org&utm_campaign=api&utm_content=thumbnail,Brazilian,19,0,0,0,0,5,24,0,5
Fernando Alonso,ASTON_MARTIN,Aston Martin,ASTON_MARTIN,2025,Driver,https://upload.wikimedia.org/wikipedia/commons/thumb/9/97/Alonso-68_%2824710447098%29.jpg/330px-Alonso-68_%2824710447098%29.jpg?utm_source=en.wikipedia.org&utm_campaign=api&utm_content=thumbnail,Spanish,10,0,0,0,0,10,24,0,5
Jack Doohan,ALPINE,Alpine F1 Team,ALPINE,2025,Driver,https://upload.wikimedia.org/wikipedia/commons/thumb/4/42/Jack_Doohan_2023.jpg/330px-Jack_Doohan_2023.jpg?utm_source=en.wikipedia.org&utm_campaign=api&utm_content=thumbnail,Australian,21,0,0,0,0,0,6,0,2
Isack Hadjar,RB,RB F1 Team,RB,2025,Driver,https://upload.wikimedia.org/wikipedia/commons/thumb/7/75/Isack_Hadjar_at_the_Melbourne_Walk_during_the_2026_Australian_Grand_Prix_%28028A8753%29_%28cropped%29.jpg/330px-Isack_Hadjar_at_the_Melbourne_Walk_during_the_2026_Australian_Grand_Prix_%28028A8753%29_%28cropped%29.jpg?utm_source=en.wikipedia.org&utm_campaign=api&utm_content=thumbnail,French,12,0,1,0,0,10,24,0,2
Franco Colapinto,ALPINE,Alpine F1 Team,ALPINE,2025,Driver,https://upload.wikimedia.org/wikipedia/commons/thumb/1/1c/Franco_Colapinto_at_the_Melbourne_Walk_during_the_2026_Australian_Grand_Prix_%28028A8698%29_cropped.jpg/330px-Franco_Colapinto_at_the_Melbourne_Walk_during_the_2026_Australian_Grand_Prix_%28028A8698%29_cropped.jpg?utm_source=en.wikipedia.org&utm_campaign=api&utm_content=thumbnail,Argentine,20,0,0,0,0,0,18,0,1
